{"type": "FeatureCollection", "features": [{"type": "Feature", "geometry": {"type": "Point", "coordinates": [-87.747706, 41.952818]}, "properties": {"crash_id": "FIXTURECRASH00000", "date": "2025-12-04T03:43:00", "injury_severity": "none", "dooring": false, "hit_and_run": true, "crash_type": "PEDALCYCLIST", "lighting": "DUSK", "street": "1891 S MILWAUKEE AVE", "ward": "42", "segment_id": "24", "data_tier": "real"}}, {"type": "Feature", "geometry": {"type": "Point", "coordinates": [-87.672019, 41.903339]}, "properties": {"crash_id": "FIXTURECRASH00001", "date": "2019-06-16T22:27:00", "injury_severity": "non_incapacitating", "dooring": false, "hit_and_run": false, "crash_type": "ANGLE", "lighting": "DAYLIGHT", "street": "3040 E WOOD ST", "ward": "33", "segment_id": "158", "data_tier": "real"}}, {"type": "Feature", "geometry": {"type": "Point", "coordinates": [-87.629273, 41.899806]}, "properties": {"crash_id": "FIXTURECRASH00002", "date": "2021-09-21T18:12:00", "injury_severity": "none", "dooring": false, "hit_and_run": false, "crash_type": "FIXED OBJECT", "lighting": "DAYLIGHT", "street": "927 W DEARBORN ST", "ward": "34", "segment_id": "96", "data_tier": "real"}}, {"type": "Feature", "geometry": {"type": "Point", "coordinates": [-87.677762, 41.822439]}, "properties": {"crash_id": "FIXTURECRASH00003", "date": "2018-06-20T19:40:00", "injury_severity": "non_incapacitating", "dooring": false, "hit_and_run": false, "crash_type": "ANGLE", "lighting": "DAYLIGHT", "street": "5342 S ARCHER AVE", "ward": "23", "segment_id": "174", "data_tier": "real"}}, {"type": "Feature", "geometry": {"type": "Point", "coordinates": [-87.676969, 41.899823]}, "properties": {"crash_id": "FIXTURECRASH00004", "date": "2025-09-19T10:13:00", "injury_severity": "reported_not_evident", "dooring": false, "hit_and_run": false, "crash_type": "FIXED OBJECT", "lighting": "DARKNESS, LIGHTED ROAD", "street": "4698 E DAMEN AVE", "ward": "33", "segment_id": "33", "data_tier": "real"}}, {"type": "Feature", "geometry": {"type": "Point", "coordinates": [-87.648075, 41.917817]}, "properties": {"crash_id": "FIXTURECRASH00005", "date": "2018-11-24T04:40:00", "injury_severity": "non_incapacitating", "dooring": false, "hit_and_run": false, "crash_type": "SIDESWIPE SAME DIRECTION", "lighting": "DUSK", "street": "3934 E HALSTED ST", "ward": "39", "segment_id": "65", "data_tier": "real"}}, {"type": "Feature", "geometry": {"type": "Point", "coordinates": [-87.646025, 41.88868]}, "properties": {"crash_id": "FIXTURECRASH00006", "date": "2025-09-26T08:32:00", "injury_severity": "none", "dooring": false, "hit_and_run": false, "crash_type": "PEDALCYCLIST", "lighting": "DAYLIGHT", "street": "3163 S KINZIE ST", "ward": "34", "segment_id": null, "data_tier": "real"}}, {"type": "Feature", "geometry": {"type": "Point", "coordinates": [-87.697866, 41.933257]}, "properties": {"crash_id": "FIXTURECRASH00007", "date": "2024-01-11T02:05:00", "injury_severity": "none", "dooring": false, "hit_and_run": false, "crash_type": "PEDALCYCLIST", "lighting": "DARKNESS, LIGHTED ROAD", "street": "4603 S ELSTON AVE", "ward": "38", "segment_id": "106", "data_tier": "real"}}, {"type": "Feature", "geometry": {"type": "Point", "coordinates": [-87.628343, 41.791617]}, "properties": {"crash_id": "FIXTURECRASH00008", "date": "2021-11-08T14:57:00", "injury_severity": "reported_not_evident", "dooring": false, "hit_and_run": true, "crash_type": "ANGLE", "lighting": "DAYLIGHT", "street": "4637 S RANDOM ST", "ward": "19", "segment_id": null, "data_tier": "real"}}, {"type": "Feature", "geometry": {"type": "Point", "coordinates": [-87.684806, 41.915499]}, "properties": {"crash_id": "FIXTURECRASH00009", "date": "2025-03-03T15:13:00", "injury_severity": "reported_not_evident", "dooring": false, "hit_and_run": false, "crash_type": "REAR END", "lighting": "DUSK", "street": "3434 S MILWAUKEE AVE", "ward": "38", "segment_id": "11", "data_tier": "real"}}, {"type": "Feature", "geometry": {"type": "Point", "coordinates": [-87.629905, 41.722043]}, "properties": {"crash_id": "FIXTURECRASH00010", "date": "2018-10-09T01:25:00", "injury_severity": "none", "dooring": false, "hit_and_run": false, "crash_type": "PARKED MOTOR VEHICLE", "lighting": "DAYLIGHT", "street": "3775 S VINCENNES AVE", "ward": "14", "segment_id": null, "data_tier": "real"}}, {"type": "Feature", "geometry": {"type": "Point", "coordinates": [-87.669015, 41.899487]}, "properties": {"crash_id": "FIXTURECRASH00011", "date": "2017-10-31T02:59:00", "injury_severity": "none", "dooring": false, "hit_and_run": false, "crash_type": "ANGLE", "lighting": "DARKNESS, LIGHTED ROAD", "street": "3385 N AUGUSTA BLVD", "ward": "33", "segment_id": null, "data_tier": "real"}}, {"type": "Feature", "geometry": {"type": "Point", "coordinates": [-87.617229, 41.771283]}, "properties": {"crash_id": "FIXTURECRASH00012", "date": "2025-09-21T15:09:00", "injury_severity": "non_incapacitating", "dooring": false, "hit_and_run": false, "crash_type": "PEDALCYCLIST", "lighting": "DUSK", "street": "568 N VINCENNES AVE", "ward": "19", "segment_id": "194", "data_tier": "real"}}, {"type": "Feature", "geometry": {"type": "Point", "coordinates": [-87.788678, 41.670442]}, "properties": {"crash_id": "FIXTURECRASH00013", "date": "2024-05-04T02:43:00", "injury_severity": "non_incapacitating", "dooring": false, "hit_and_run": true, "crash_type": "REAR END", "lighting": "DAYLIGHT", "street": "771 W RANDOM ST", "ward": "1", "segment_id": null, "data_tier": "real"}}, {"type": "Feature", "geometry": {"type": "Point", "coordinates": [-87.624264, 41.742232]}, "properties": {"crash_id": "FIXTURECRASH00014", "date": "2025-03-14T20:19:00", "injury_severity": "reported_not_evident", "dooring": false, "hit_and_run": false, "crash_type": "PARKED MOTOR VEHICLE", "lighting": "DAYLIGHT", "street": "4712 N VINCENNES AVE", "ward": "14", "segment_id": "188", "data_tier": "real"}}, {"type": "Feature", "geometry": {"type": "Point", "coordinates": [-87.559841, 41.974728]}, "properties": {"crash_id": "FIXTURECRASH00015", "date": "2021-10-23T09:10:00", "injury_severity": "reported_not_evident", "dooring": false, "hit_and_run": false, "crash_type": "FIXED OBJECT", "lighting": "DAYLIGHT", "street": "5571 E RANDOM ST", "ward": "45", "segment_id": null, "data_tier": "real"}}, {"type": "Feature", "geometry": {"type": "Point", "coordinates": [-87.798702, 41.922118]}, "properties": {"crash_id": "FIXTURECRASH00016", "date": "2020-10-29T19:13:00", "injury_severity": "none", "dooring": false, "hit_and_run": false, "crash_type": "FIXED OBJECT", "lighting": "DAYLIGHT", "street": "516 N RANDOM ST", "ward": "36", "segment_id": null, "data_tier": "real"}}, {"type": "Feature", "geometry": {"type": "Point", "coordinates": [-87.763555, 41.882103]}, "properties": {"crash_id": "FIXTURECRASH00017", "date": "2025-12-24T14:35:00", "injury_severity": "none", "dooring": false, "hit_and_run": false, "crash_type": "PEDALCYCLIST", "lighting": "DAYLIGHT", "street": "4569 N RANDOM ST", "ward": "32", "segment_id": null, "data_tier": "real"}}, {"type": "Feature", "geometry": {"type": "Point", "coordinates": [-87.629191, 41.881732]}, "properties": {"crash_id": "FIXTURECRASH00018", "date": "2018-02-11T11:13:00", "injury_severity": "none", "dooring": false, "hit_and_run": false, "crash_type": "PEDALCYCLIST", "lighting": "DAYLIGHT", "street": "1366 S DEARBORN ST", "ward": "34", "segment_id": "92", "data_tier": "real"}}, {"type": "Feature", "geometry": {"type": "Point", "coordinates": [-87.542831, 41.76623]}, "properties": {"crash_id": "FIXTURECRASH00019", "date": "2025-03-06T23:51:00", "injury_severity": "non_incapacitating", "dooring": false, "hit_and_run": false, "crash_type": "PARKED MOTOR VEHICLE", "lighting": "DAYLIGHT", "street": "1922 S RANDOM ST", "ward": "20", "segment_id": null, "data_tier": "real"}}, {"type": "Feature", "geometry": {"type": "Point", "coordinates": [-87.652004, 41.95502]}, "properties": {"crash_id": "FIXTURECRASH00020", "date": "2026-05-04T08:22:00", "injury_severity": "reported_not_evident", "dooring": false, "hit_and_run": true, "crash_type": "FIXED OBJECT", "lighting": "DARKNESS, LIGHTED ROAD", "street": "2239 S CLARK ST", "ward": "43", "segment_id": "85", "data_tier": "real"}}, {"type": "Feature", "geometry": {"type": "Point", "coordinates": [-87.649951, 41.759197]}, "properties": {"crash_id": "FIXTURECRASH00021", "date": "2023-05-27T03:24:00", "injury_severity": "reported_not_evident", "dooring": false, "hit_and_run": false, "crash_type": "PEDALCYCLIST", "lighting": "DARKNESS, LIGHTED ROAD", "street": "4510 S RANDOM ST", "ward": "19", "segment_id": null, "data_tier": "real"}}, {"type": "Feature", "geometry": {"type": "Point", "coordinates": [-87.747936, 41.754122]}, "properties": {"crash_id": "FIXTURECRASH00022", "date": "2022-03-31T10:25:00", "injury_severity": "none", "dooring": false, "hit_and_run": false, "crash_type": "ANGLE", "lighting": "DAYLIGHT", "street": "5648 S RANDOM ST", "ward": "17", "segment_id": null, "data_tier": "real"}}, {"type": "Feature", "geometry": {"type": "Point", "coordinates": [-87.67705, 41.888828]}, "properties": {"crash_id": "FIXTURECRASH00023", "date": "2022-11-18T14:28:00", "injury_severity": "none", "dooring": false, "hit_and_run": false, "crash_type": "SIDESWIPE SAME DIRECTION", "lighting": "DAYLIGHT", "street": "5285 E KINZIE ST", "ward": "33", "segment_id": "123", "data_tier": "real"}}, {"type": "Feature", "geometry": {"type": "Point", "coordinates": [-87.672071, 41.906048]}, "properties": {"crash_id": "FIXTURECRASH00024", "date": "2026-04-14T02:29:00", "injury_severity": "non_incapacitating", "dooring": false, "hit_and_run": false, "crash_type": "REAR END", "lighting": "DAYLIGHT", "street": "1308 N MILWAUKEE AVE", "ward": "38", "segment_id": "158", "data_tier": "real"}}, {"type": "Feature", "geometry": {"type": "Point", "coordinates": [-87.636883, 41.915208]}, "properties": {"crash_id": "FIXTURECRASH00025", "date": "2025-02-25T16:35:00", "injury_severity": "reported_not_evident", "dooring": false, "hit_and_run": false, "crash_type": "PARKED MOTOR VEHICLE", "lighting": "DARKNESS, LIGHTED ROAD", "street": "3595 W CLARK ST", "ward": "39", "segment_id": "76", "data_tier": "real"}}, {"type": "Feature", "geometry": {"type": "Point", "coordinates": [-87.758487, 41.959148]}, "properties": {"crash_id": "FIXTURECRASH00026", "date": "2026-05-22T16:31:00", "injury_severity": "reported_not_evident", "dooring": false, "hit_and_run": false, "crash_type": "SIDESWIPE SAME DIRECTION", "lighting": "DAYLIGHT", "street": "2719 N RANDOM ST", "ward": "42", "segment_id": "26", "data_tier": "real"}}, {"type": "Feature", "geometry": {"type": "Point", "coordinates": [-87.655434, 41.888865]}, "properties": {"crash_id": "FIXTURECRASH00027", "date": "2019-12-27T13:24:00", "injury_severity": "none", "dooring": false, "hit_and_run": false, "crash_type": "FIXED OBJECT", "lighting": "DAYLIGHT", "street": "2981 E KINZIE ST", "ward": "33", "segment_id": "119", "data_tier": "real"}}, {"type": "Feature", "geometry": {"type": "Point", "coordinates": [-87.661509, 41.88912]}, "properties": {"crash_id": "FIXTURECRASH00028", "date": "2025-04-13T12:46:00", "injury_severity": "non_incapacitating", "dooring": false, "hit_and_run": false, "crash_type": "ANGLE", "lighting": "DUSK", "street": "4948 N KINZIE ST", "ward": "33", "segment_id": "120", "data_tier": "real"}}, {"type": "Feature", "geometry": {"type": "Point", "coordinates": [-87.655228, 41.889029]}, "properties": {"crash_id": "FIXTURECRASH00029", "date": "2026-03-15T12:17:00", "injury_severity": "none", "dooring": false, "hit_and_run": true, "crash_type": "SIDESWIPE SAME DIRECTION", "lighting": "DAYLIGHT", "street": "4518 N KINZIE ST", "ward": "33", "segment_id": "119", "data_tier": "real"}}, {"type": "Feature", "geometry": {"type": "Point", "coordinates": [-87.843275, 41.715757]}, "properties": {"crash_id": "FIXTURECRASH00030", "date": "2019-05-18T07:08:00", "injury_severity": "reported_not_evident", "dooring": false, "hit_and_run": false, "crash_type": "REAR END", "lighting": "DAYLIGHT", "street": "3121 S RANDOM ST", "ward": "6", "segment_id": null, "data_tier": "real"}}, {"type": "Feature", "geometry": {"type": "Point", "coordinates": [-87.680772, 41.911966]}, "properties": {"crash_id": "FIXTURECRASH00031", "date": "2021-11-16T12:45:00", "injury_severity": "non_incapacitating", "dooring": false, "hit_and_run": false, "crash_type": "FIXED OBJECT", "lighting": "DAYLIGHT", "street": "5705 N MILWAUKEE AVE", "ward": "38", "segment_id": null, "data_tier": "real"}}, {"type": "Feature", "geometry": {"type": "Point", "coordinates": [-87.687485, 41.817346]}, "properties": {"crash_id": "FIXTURECRASH00032", "date": "2023-03-01T03:27:00", "injury_severity": "non_incapacitating", "dooring": false, "hit_and_run": false, "crash_type": "PARKED MOTOR VEHICLE", "lighting": "DARKNESS, LIGHTED ROAD", "street": "4374 E ARCHER AVE", "ward": "23", "segment_id": "176", "data_tier": "real"}}, {"type": "Feature", "geometry": {"type": "Point", "coordinates": [-87.63507, 41.911003]}, "properties": {"crash_id": "FIXTURECRASH00033", "date": "2026-01-30T14:36:00", "injury_severity": "reported_not_evident", "dooring": false, "hit_and_run": false, "crash_type": "TURNING", "lighting": "DAYLIGHT", "street": "1837 E CLARK ST", "ward": "39", "segment_id": "75", "data_tier": "real"}}, {"type": "Feature", "geometry": {"type": "Point", "coordinates": [-87.63508, 41.911037]}, "properties": {"crash_id": "FIXTURECRASH00034", "date": "2023-11-23T07:44:00", "injury_severity": "reported_not_evident", "dooring": false, "hit_and_run": false, "crash_type": "SIDESWIPE SAME DIRECTION", "lighting": "DARKNESS, LIGHTED ROAD", "street": "3412 S CLARK ST", "ward": "39", "segment_id": "75", "data_tier": "real"}}, {"type": "Feature", "geometry": {"type": "Point", "coordinates": [-87.62031, 41.757676]}, "properties": {"crash_id": "FIXTURECRASH00035", "date": "2020-09-14T09:16:00", "injury_severity": "non_incapacitating", "dooring": false, "hit_and_run": false, "crash_type": "ANGLE", "lighting": "DAYLIGHT", "street": "5753 S VINCENNES AVE", "ward": "19", "segment_id": "191", "data_tier": "real"}}, {"type": "Feature", "geometry": {"type": "Point", "coordinates": [-87.752239, 41.956399]}, "properties": {"crash_id": "FIXTURECRASH00036", "date": "2021-09-18T05:19:00", "injury_severity": "incapacitating", "dooring": false, "hit_and_run": false, "crash_type": "ANGLE", "lighting": "DAYLIGHT", "street": "5813 S RANDOM ST", "ward": "42", "segment_id": null, "data_tier": "real"}}, {"type": "Feature", "geometry": {"type": "Point", "coordinates": [-87.68203, 41.91935]}, "properties": {"crash_id": "FIXTURECRASH00037", "date": "2023-01-09T03:52:00", "injury_severity": "incapacitating", "dooring": false, "hit_and_run": false, "crash_type": "PEDALCYCLIST", "lighting": "DUSK", "street": "4710 E ELSTON AVE", "ward": "38", "segment_id": "102", "data_tier": "real"}}, {"type": "Feature", "geometry": {"type": "Point", "coordinates": [-87.550194, 41.784544]}, "properties": {"crash_id": "FIXTURECRASH00038", "date": "2020-12-31T18:27:00", "injury_severity": "non_incapacitating", "dooring": false, "hit_and_run": false, "crash_type": "PEDALCYCLIST", "lighting": "DUSK", "street": "2267 N RANDOM ST", "ward": "20", "segment_id": null, "data_tier": "real"}}, {"type": "Feature", "geometry": {"type": "Point", "coordinates": [-87.670782, 41.794975]}, "properties": {"crash_id": "FIXTURECRASH00039", "date": "2025-08-05T09:44:00", "injury_severity": "reported_not_evident", "dooring": false, "hit_and_run": false, "crash_type": "ANGLE", "lighting": "DAYLIGHT", "street": "1720 W 55TH ST", "ward": "23", "segment_id": "138", "data_tier": "real"}}, {"type": "Feature", "geometry": {"type": "Point", "coordinates": [-87.647429, 41.888162]}, "properties": {"crash_id": "FIXTURECRASH00040", "date": "2020-11-26T14:07:00", "injury_severity": "reported_not_evident", "dooring": false, "hit_and_run": false, "crash_type": "FIXED OBJECT", "lighting": "DARKNESS, LIGHTED ROAD", "street": "3686 N HALSTED ST", "ward": "34", "segment_id": "59", "data_tier": "real"}}, {"type": "Feature", "geometry": {"type": "Point", "coordinates": [-87.637501, 41.843878]}, "properties": {"crash_id": "FIXTURECRASH00041", "date": "2020-09-08T18:02:00", "injury_severity": "none", "dooring": false, "hit_and_run": false, "crash_type": "SIDESWIPE SAME DIRECTION", "lighting": "DARKNESS, LIGHTED ROAD", "street": "4895 W ARCHER AVE", "ward": "29", "segment_id": "166", "data_tier": "real"}}, {"type": "Feature", "geometry": {"type": "Point", "coordinates": [-87.650126, 41.837134]}, "properties": {"crash_id": "FIXTURECRASH00042", "date": "2025-06-12T15:18:00", "injury_severity": "none", "dooring": false, "hit_and_run": true, "crash_type": "PARKED MOTOR VEHICLE", "lighting": "DARKNESS, LIGHTED ROAD", "street": "2167 E ARCHER AVE", "ward": "29", "segment_id": "169", "data_tier": "real"}}, {"type": "Feature", "geometry": {"type": "Point", "coordinates": [-87.693994, 41.898886]}, "properties": {"crash_id": "FIXTURECRASH00043", "date": "2022-08-16T01:13:00", "injury_severity": "non_incapacitating", "dooring": false, "hit_and_run": true, "crash_type": "TURNING", "lighting": "DARKNESS, LIGHTED ROAD", "street": "5261 S AUGUSTA BLVD", "ward": "33", "segment_id": "146", "data_tier": "real"}}, {"type": "Feature", "geometry": {"type": "Point", "coordinates": [-87.677977, 41.93638]}, "properties": {"crash_id": "FIXTURECRASH00044", "date": "2019-05-24T15:59:00", "injury_severity": "none", "dooring": false, "hit_and_run": false, "crash_type": "FIXED OBJECT", "lighting": "DAYLIGHT", "street": "2096 W DAMEN AVE", "ward": "38", "segment_id": "41", "data_tier": "real"}}, {"type": "Feature", "geometry": {"type": "Point", "coordinates": [-87.585731, 41.769418]}, "properties": {"crash_id": "FIXTURECRASH00045", "date": "2020-08-30T00:18:00", "injury_severity": "none", "dooring": false, "hit_and_run": false, "crash_type": "REAR END", "lighting": "DUSK", "street": "4067 E STONY ISLAND AVE", "ward": "20", "segment_id": "203", "data_tier": "real"}}, {"type": "Feature", "geometry": {"type": "Point", "coordinates": [-87.771194, 42.012694]}, "properties": {"crash_id": "FIXTURECRASH00046", "date": "2021-12-17T07:54:00", "injury_severity": "none", "dooring": false, "hit_and_run": false, "crash_type": "TURNING", "lighting": "DARKNESS, LIGHTED ROAD", "street": "5441 S RANDOM ST", "ward": "47", "segment_id": null, "data_tier": "real"}}, {"type": "Feature", "geometry": {"type": "Point", "coordinates": [-87.676436, 41.807316]}, "properties": {"crash_id": "FIXTURECRASH00047", "date": "2022-10-16T00:46:00", "injury_severity": "non_incapacitating", "dooring": false, "hit_and_run": false, "crash_type": "FIXED OBJECT", "lighting": "DAYLIGHT", "street": "2271 E RANDOM ST", "ward": "23", "segment_id": null, "data_tier": "real"}}, {"type": "Feature", "geometry": {"type": "Point", "coordinates": [-87.557145, 41.878184]}, "properties": {"crash_id": "FIXTURECRASH00048", "date": "2023-02-20T17:02:00", "injury_severity": "reported_not_evident", "dooring": false, "hit_and_run": true, "crash_type": "FIXED OBJECT", "lighting": "DAYLIGHT", "street": "906 N RANDOM ST", "ward": "35", "segment_id": null, "data_tier": "real"}}, {"type": "Feature", "geometry": {"type": "Point", "coordinates": [-87.678305, 41.910546]}, "properties": {"crash_id": "FIXTURECRASH00049", "date": "2020-05-28T16:26:00", "injury_severity": "reported_not_evident", "dooring": false, "hit_and_run": false, "crash_type": "ANGLE", "lighting": "DAYLIGHT", "street": "3233 S MILWAUKEE AVE", "ward": "38", "segment_id": "9", "data_tier": "real"}}, {"type": "Feature", "geometry": {"type": "Point", "coordinates": [-87.63512, 41.845121]}, "properties": {"crash_id": "FIXTURECRASH00050", "date": "2020-11-22T21:34:00", "injury_severity": "non_incapacitating", "dooring": false, "hit_and_run": false, "crash_type": "TURNING", "lighting": "DUSK", "street": "5755 E ARCHER AVE", "ward": "29", "segment_id": "166", "data_tier": "real"}}, {"type": "Feature", "geometry": {"type": "Point", "coordinates": [-87.672257, 41.909832]}, "properties": {"crash_id": "FIXTURECRASH00051", "date": "2020-12-23T00:53:00", "injury_severity": "none", "dooring": false, "hit_and_run": false, "crash_type": "PEDALCYCLIST", "lighting": "DUSK", "street": "2444 S WOOD ST", "ward": "38", "segment_id": "159", "data_tier": "real"}}, {"type": "Feature", "geometry": {"type": "Point", "coordinates": [-87.639818, 41.8423]}, "properties": {"crash_id": "FIXTURECRASH00052", "date": "2024-03-01T11:46:00", "injury_severity": "non_incapacitating", "dooring": false, "hit_and_run": false, "crash_type": "TURNING", "lighting": "DAYLIGHT", "street": "4518 E ARCHER AVE", "ward": "29", "segment_id": "166", "data_tier": "real"}}, {"type": "Feature", "geometry": {"type": "Point", "coordinates": [-87.562769, 41.752154]}, "properties": {"crash_id": "FIXTURECRASH00053", "date": "2018-12-16T14:04:00", "injury_severity": "non_incapacitating", "dooring": false, "hit_and_run": true, "crash_type": "ANGLE", "lighting": "DARKNESS, LIGHTED ROAD", "street": "3332 N RANDOM ST", "ward": "15", "segment_id": null, "data_tier": "real"}}, {"type": "Feature", "geometry": {"type": "Point", "coordinates": [-87.692417, 41.814635]}, "properties": {"crash_id": "FIXTURECRASH00054", "date": "2017-12-12T19:56:00", "injury_severity": "reported_not_evident", "dooring": false, "hit_and_run": false, "crash_type": "REAR END", "lighting": "DAYLIGHT", "street": "5843 E ARCHER AVE", "ward": "23", "segment_id": "177", "data_tier": "real"}}, {"type": "Feature", "geometry": {"type": "Point", "coordinates": [-87.600996, 41.795231]}, "properties": {"crash_id": "FIXTURECRASH00055", "date": "2019-03-10T12:29:00", "injury_severity": "non_incapacitating", "dooring": false, "hit_and_run": false, "crash_type": "FIXED OBJECT", "lighting": "DARKNESS, LIGHTED ROAD", "street": "1365 W 55TH ST", "ward": "24", "segment_id": "127", "data_tier": "real"}}, {"type": "Feature", "geometry": {"type": "Point", "coordinates": [-87.685845, 41.92244]}, "properties": {"crash_id": "FIXTURECRASH00056", "date": "2021-09-25T03:43:00", "injury_severity": "non_incapacitating", "dooring": false, "hit_and_run": false, "crash_type": "FIXED OBJECT", "lighting": "DAYLIGHT", "street": "1100 W ELSTON AVE", "ward": "38", "segment_id": "103", "data_tier": "real"}}, {"type": "Feature", "geometry": {"type": "Point", "coordinates": [-87.808445, 41.732556]}, "properties": {"crash_id": "FIXTURECRASH00057", "date": "2023-12-31T06:04:00", "injury_severity": "none", "dooring": false, "hit_and_run": false, "crash_type": "REAR END", "lighting": "DAYLIGHT", "street": "4982 N RANDOM ST", "ward": "11", "segment_id": null, "data_tier": "real"}}, {"type": "Feature", "geometry": {"type": "Point", "coordinates": [-87.657061, 41.894964]}, "properties": {"crash_id": "FIXTURECRASH00058", "date": "2020-05-02T18:20:00", "injury_severity": "incapacitating", "dooring": false, "hit_and_run": true, "crash_type": "PEDALCYCLIST", "lighting": "DAYLIGHT", "street": "620 W MILWAUKEE AVE", "ward": "33", "segment_id": "5", "data_tier": "real"}}, {"type": "Feature", "geometry": {"type": "Point", "coordinates": [-87.672392, 41.88725]}, "properties": {"crash_id": "FIXTURECRASH00059", "date": "2025-01-20T16:19:00", "injury_severity": "reported_not_evident", "dooring": false, "hit_and_run": false, "crash_type": "PEDALCYCLIST", "lighting": "DAYLIGHT", "street": "984 W WOOD ST", "ward": "33", "segment_id": null, "data_tier": "real"}}, {"type": "Feature", "geometry": {"type": "Point", "coordinates": [-87.629169, 41.890655]}, "properties": {"crash_id": "FIXTURECRASH00060", "date": "2021-04-24T12:38:00", "injury_severity": "reported_not_evident", "dooring": false, "hit_and_run": false, "crash_type": "REAR END", "lighting": "DUSK", "street": "1037 S DEARBORN ST", "ward": "34", "segment_id": "94", "data_tier": "real"}}, {"type": "Feature", "geometry": {"type": "Point", "coordinates": [-87.628189, 41.726622]}, "properties": {"crash_id": "FIXTURECRASH00061", "date": "2020-07-11T11:09:00", "injury_severity": "none", "dooring": false, "hit_and_run": false, "crash_type": "PEDALCYCLIST", "lighting": "DAYLIGHT", "street": "3152 S VINCENNES AVE", "ward": "14", "segment_id": "184", "data_tier": "real"}}, {"type": "Feature", "geometry": {"type": "Point", "coordinates": [-87.702713, 41.80941]}, "properties": {"crash_id": "FIXTURECRASH00062", "date": "2020-11-22T19:19:00", "injury_severity": "non_incapacitating", "dooring": false, "hit_and_run": false, "crash_type": "REAR END", "lighting": "DAYLIGHT", "street": "986 E ARCHER AVE", "ward": "23", "segment_id": "179", "data_tier": "real"}}, {"type": "Feature", "geometry": {"type": "Point", "coordinates": [-87.5284, 41.961159]}, "properties": {"crash_id": "FIXTURECRASH00063", "date": "2024-08-21T19:43:00", "injury_severity": "reported_not_evident", "dooring": false, "hit_and_run": false, "crash_type": "REAR END", "lighting": "DAYLIGHT", "street": "2631 E RANDOM ST", "ward": "45", "segment_id": null, "data_tier": "real"}}, {"type": "Feature", "geometry": {"type": "Point", "coordinates": [-87.637379, 41.843815]}, "properties": {"crash_id": "FIXTURECRASH00064", "date": "2021-11-19T13:29:00", "injury_severity": "non_incapacitating", "dooring": false, "hit_and_run": true, "crash_type": "TURNING", "lighting": "DAYLIGHT", "street": "530 S ARCHER AVE", "ward": "29", "segment_id": "166", "data_tier": "real"}}, {"type": "Feature", "geometry": {"type": "Point", "coordinates": [-87.664784, 41.794919]}, "properties": {"crash_id": "FIXTURECRASH00065", "date": "2023-05-31T03:22:00", "injury_severity": "reported_not_evident", "dooring": false, "hit_and_run": false, "crash_type": "FIXED OBJECT", "lighting": "DUSK", "street": "472 S 55TH ST", "ward": "23", "segment_id": "137", "data_tier": "real"}}, {"type": "Feature", "geometry": {"type": "Point", "coordinates": [-87.597827, 41.931593]}, "properties": {"crash_id": "FIXTURECRASH00066", "date": "2020-11-29T10:07:00", "injury_severity": "fatal", "dooring": false, "hit_and_run": false, "crash_type": "SIDESWIPE SAME DIRECTION", "lighting": "DAYLIGHT", "street": "1985 E RANDOM ST", "ward": "39", "segment_id": null, "data_tier": "real"}}, {"type": "Feature", "geometry": {"type": "Point", "coordinates": [-87.677413, 41.915496]}, "properties": {"crash_id": "FIXTURECRASH00067", "date": "2025-08-16T20:26:00", "injury_severity": "non_incapacitating", "dooring": false, "hit_and_run": false, "crash_type": "PEDALCYCLIST", "lighting": "DAYLIGHT", "street": "5749 E DAMEN AVE", "ward": "38", "segment_id": "36", "data_tier": "real"}}, {"type": "Feature", "geometry": {"type": "Point", "coordinates": [-87.679847, 41.888955]}, "properties": {"crash_id": "FIXTURECRASH00068", "date": "2021-05-27T05:04:00", "injury_severity": "reported_not_evident", "dooring": false, "hit_and_run": false, "crash_type": "REAR END", "lighting": "DARKNESS, LIGHTED ROAD", "street": "5387 S KINZIE ST", "ward": "33", "segment_id": "123", "data_tier": "real"}}, {"type": "Feature", "geometry": {"type": "Point", "coordinates": [-87.585797, 41.785749]}, "properties": {"crash_id": "FIXTURECRASH00069", "date": "2024-09-16T15:29:00", "injury_severity": "none", "dooring": false, "hit_and_run": false, "crash_type": "REAR END", "lighting": "DARKNESS, LIGHTED ROAD", "street": "5216 E STONY ISLAND AVE", "ward": "20", "segment_id": "207", "data_tier": "real"}}, {"type": "Feature", "geometry": {"type": "Point", "coordinates": [-87.682732, 41.819905]}, "properties": {"crash_id": "FIXTURECRASH00070", "date": "2021-08-12T16:04:00", "injury_severity": "non_incapacitating", "dooring": false, "hit_and_run": true, "crash_type": "PEDALCYCLIST", "lighting": "DAYLIGHT", "street": "839 W ARCHER AVE", "ward": "23", "segment_id": "175", "data_tier": "real"}}, {"type": "Feature", "geometry": {"type": "Point", "coordinates": [-87.676917, 41.795028]}, "properties": {"crash_id": "FIXTURECRASH00071", "date": "2018-10-29T10:45:00", "injury_severity": "non_incapacitating", "dooring": false, "hit_and_run": false, "crash_type": "ANGLE", "lighting": "DAYLIGHT", "street": "3699 S 55TH ST", "ward": "23", "segment_id": "139", "data_tier": "real"}}, {"type": "Feature", "geometry": {"type": "Point", "coordinates": [-87.755253, 41.957051]}, "properties": {"crash_id": "FIXTURECRASH00072", "date": "2021-05-13T03:35:00", "injury_severity": "none", "dooring": false, "hit_and_run": true, "crash_type": "TURNING", "lighting": "DUSK", "street": "5536 S MILWAUKEE AVE", "ward": "42", "segment_id": "26", "data_tier": "real"}}, {"type": "Feature", "geometry": {"type": "Point", "coordinates": [-87.671089, 41.889064]}, "properties": {"crash_id": "FIXTURECRASH00073", "date": "2025-03-07T22:53:00", "injury_severity": "none", "dooring": false, "hit_and_run": false, "crash_type": "REAR END", "lighting": "DAYLIGHT", "street": "3070 E KINZIE ST", "ward": "33", "segment_id": "122", "data_tier": "real"}}, {"type": "Feature", "geometry": {"type": "Point", "coordinates": [-87.752389, 41.698879]}, "properties": {"crash_id": "FIXTURECRASH00074", "date": "2018-10-20T16:49:00", "injury_severity": "reported_not_evident", "dooring": false, "hit_and_run": false, "crash_type": "REAR END", "lighting": "DAYLIGHT", "street": "3186 S RANDOM ST", "ward": "7", "segment_id": null, "data_tier": "real"}}, {"type": "Feature", "geometry": {"type": "Point", "coordinates": [-87.690047, 41.926432]}, "properties": {"crash_id": "FIXTURECRASH00075", "date": "2026-02-07T23:50:00", "injury_severity": "reported_not_evident", "dooring": false, "hit_and_run": false, "crash_type": "ANGLE", "lighting": "DAYLIGHT", "street": "4772 W ELSTON AVE", "ward": "38", "segment_id": "104", "data_tier": "real"}}, {"type": "Feature", "geometry": {"type": "Point", "coordinates": [-87.804328, 41.944479]}, "properties": {"crash_id": "FIXTURECRASH00076", "date": "2020-06-21T01:41:00", "injury_severity": "reported_not_evident", "dooring": false, "hit_and_run": false, "crash_type": "REAR END", "lighting": "DAYLIGHT", "street": "1413 E RANDOM ST", "ward": "41", "segment_id": null, "data_tier": "real"}}, {"type": "Feature", "geometry": {"type": "Point", "coordinates": [-87.542944, 41.976159]}, "properties": {"crash_id": "FIXTURECRASH00077", "date": "2022-04-27T01:25:00", "injury_severity": "reported_not_evident", "dooring": false, "hit_and_run": true, "crash_type": "SIDESWIPE SAME DIRECTION", "lighting": "DAYLIGHT", "street": "911 E RANDOM ST", "ward": "45", "segment_id": null, "data_tier": "real"}}, {"type": "Feature", "geometry": {"type": "Point", "coordinates": [-87.648886, 41.947535]}, "properties": {"crash_id": "FIXTURECRASH00078", "date": "2018-07-22T00:16:00", "injury_severity": "non_incapacitating", "dooring": false, "hit_and_run": true, "crash_type": "REAR END", "lighting": "DUSK", "street": "2460 S HALSTED ST", "ward": "44", "segment_id": "72", "data_tier": "real"}}, {"type": "Feature", "geometry": {"type": "Point", "coordinates": [-87.583205, 41.794881]}, "properties": {"crash_id": "FIXTURECRASH00079", "date": "2025-09-22T04:18:00", "injury_severity": "reported_not_evident", "dooring": true, "hit_and_run": false, "crash_type": "TURNING", "lighting": "DAYLIGHT", "street": "5574 N 55TH ST", "ward": "25", "segment_id": "124", "data_tier": "real"}}, {"type": "Feature", "geometry": {"type": "Point", "coordinates": [-87.722329, 41.656543]}, "properties": {"crash_id": "FIXTURECRASH00080", "date": "2021-11-08T08:47:00", "injury_severity": "incapacitating", "dooring": false, "hit_and_run": false, "crash_type": "PEDALCYCLIST", "lighting": "DAYLIGHT", "street": "949 E RANDOM ST", "ward": "2", "segment_id": null, "data_tier": "real"}}, {"type": "Feature", "geometry": {"type": "Point", "coordinates": [-87.52633, 41.900179]}, "properties": {"crash_id": "FIXTURECRASH00081", "date": "2023-01-13T20:11:00", "injury_severity": "non_incapacitating", "dooring": false, "hit_and_run": false, "crash_type": "PARKED MOTOR VEHICLE", "lighting": "DARKNESS, LIGHTED ROAD", "street": "1734 N RANDOM ST", "ward": "35", "segment_id": null, "data_tier": "real"}}, {"type": "Feature", "geometry": {"type": "Point", "coordinates": [-87.664649, 41.829057]}, "properties": {"crash_id": "FIXTURECRASH00082", "date": "2018-03-15T20:21:00", "injury_severity": "non_incapacitating", "dooring": false, "hit_and_run": false, "crash_type": "TURNING", "lighting": "DARKNESS, LIGHTED ROAD", "street": "3267 E ARCHER AVE", "ward": "23", "segment_id": "171", "data_tier": "real"}}, {"type": "Feature", "geometry": {"type": "Point", "coordinates": [-87.823954, 41.916291]}, "properties": {"crash_id": "FIXTURECRASH00083", "date": "2024-06-03T05:34:00", "injury_severity": "non_incapacitating", "dooring": false, "hit_and_run": false, "crash_type": "PEDALCYCLIST", "lighting": "DAYLIGHT", "street": "5979 W RANDOM ST", "ward": "36", "segment_id": null, "data_tier": "real"}}, {"type": "Feature", "geometry": {"type": "Point", "coordinates": [-87.647099, 41.986411]}, "properties": {"crash_id": "FIXTURECRASH00084", "date": "2022-07-18T08:40:00", "injury_severity": "incapacitating", "dooring": false, "hit_and_run": false, "crash_type": "FIXED OBJECT", "lighting": "DARKNESS, LIGHTED ROAD", "street": "5665 S RANDOM ST", "ward": "49", "segment_id": null, "data_tier": "real"}}, {"type": "Feature", "geometry": {"type": "Point", "coordinates": [-87.65028, 41.950522]}, "properties": {"crash_id": "FIXTURECRASH00085", "date": "2018-01-11T19:09:00", "injury_severity": "none", "dooring": false, "hit_and_run": false, "crash_type": "TURNING", "lighting": "DAYLIGHT", "street": "4437 E CLARK ST", "ward": "44", "segment_id": "84", "data_tier": "real"}}, {"type": "Feature", "geometry": {"type": "Point", "coordinates": [-87.648066, 41.915465]}, "properties": {"crash_id": "FIXTURECRASH00086", "date": "2018-12-27T08:49:00", "injury_severity": "non_incapacitating", "dooring": false, "hit_and_run": false, "crash_type": "ANGLE", "lighting": "DUSK", "street": "4123 S HALSTED ST", "ward": "39", "segment_id": "65", "data_tier": "real"}}, {"type": "Feature", "geometry": {"type": "Point", "coordinates": [-87.530705, 41.947995]}, "properties": {"crash_id": "FIXTURECRASH00087", "date": "2021-04-02T21:22:00", "injury_severity": "none", "dooring": false, "hit_and_run": false, "crash_type": "REAR END", "lighting": "DAYLIGHT", "street": "5836 S RANDOM ST", "ward": "45", "segment_id": null, "data_tier": "real"}}, {"type": "Feature", "geometry": {"type": "Point", "coordinates": [-87.686973, 41.72996]}, "properties": {"crash_id": "FIXTURECRASH00088", "date": "2021-09-18T17:36:00", "injury_severity": "non_incapacitating", "dooring": false, "hit_and_run": true, "crash_type": "REAR END", "lighting": "DAYLIGHT", "street": "3361 W RANDOM ST", "ward": "13", "segment_id": null, "data_tier": "real"}}, {"type": "Feature", "geometry": {"type": "Point", "coordinates": [-87.701508, 41.884089]}, "properties": {"crash_id": "FIXTURECRASH00089", "date": "2025-04-17T16:22:00", "injury_severity": "non_incapacitating", "dooring": false, "hit_and_run": false, "crash_type": "PARKED MOTOR VEHICLE", "lighting": "DARKNESS, LIGHTED ROAD", "street": "1157 W RANDOM ST", "ward": "33", "segment_id": null, "data_tier": "real"}}, {"type": "Feature", "geometry": {"type": "Point", "coordinates": [-87.687645, 41.924318]}, "properties": {"crash_id": "FIXTURECRASH00090", "date": "2020-11-07T02:16:00", "injury_severity": "non_incapacitating", "dooring": false, "hit_and_run": false, "crash_type": "REAR END", "lighting": "DAYLIGHT", "street": "4470 N ELSTON AVE", "ward": "38", "segment_id": "103", "data_tier": "real"}}, {"type": "Feature", "geometry": {"type": "Point", "coordinates": [-87.619095, 41.762062]}, "properties": {"crash_id": "FIXTURECRASH00091", "date": "2018-02-16T00:05:00", "injury_severity": "incapacitating", "dooring": false, "hit_and_run": false, "crash_type": "PARKED MOTOR VEHICLE", "lighting": "DUSK", "street": "4786 W VINCENNES AVE", "ward": "19", "segment_id": null, "data_tier": "real"}}, {"type": "Feature", "geometry": {"type": "Point", "coordinates": [-87.585889, 41.787604]}, "properties": {"crash_id": "FIXTURECRASH00092", "date": "2025-05-22T01:10:00", "injury_severity": "reported_not_evident", "dooring": false, "hit_and_run": false, "crash_type": "SIDESWIPE SAME DIRECTION", "lighting": "DAYLIGHT", "street": "5984 E STONY ISLAND AVE", "ward": "20", "segment_id": "207", "data_tier": "real"}}, {"type": "Feature", "geometry": {"type": "Point", "coordinates": [-87.601077, 41.794989]}, "properties": {"crash_id": "FIXTURECRASH00093", "date": "2018-10-02T01:18:00", "injury_severity": "non_incapacitating", "dooring": false, "hit_and_run": false, "crash_type": "SIDESWIPE SAME DIRECTION", "lighting": "DAYLIGHT", "street": "2661 S 55TH ST", "ward": "24", "segment_id": "127", "data_tier": "real"}}, {"type": "Feature", "geometry": {"type": "Point", "coordinates": [-87.820284, 41.829001]}, "properties": {"crash_id": "FIXTURECRASH00094", "date": "2022-01-28T16:29:00", "injury_severity": "non_incapacitating", "dooring": false, "hit_and_run": false, "crash_type": "TURNING", "lighting": "DAYLIGHT", "street": "5459 W RANDOM ST", "ward": "21", "segment_id": null, "data_tier": "real"}}, {"type": "Feature", "geometry": {"type": "Point", "coordinates": [-87.597927, 41.916453]}, "properties": {"crash_id": "FIXTURECRASH00095", "date": "2021-10-08T01:25:00", "injury_severity": "incapacitating", "dooring": false, "hit_and_run": true, "crash_type": "ANGLE", "lighting": "DAYLIGHT", "street": "4230 W RANDOM ST", "ward": "39", "segment_id": null, "data_tier": "real"}}, {"type": "Feature", "geometry": {"type": "Point", "coordinates": [-87.587684, 41.789683]}, "properties": {"crash_id": "FIXTURECRASH00096", "date": "2021-06-20T17:23:00", "injury_severity": "none", "dooring": false, "hit_and_run": true, "crash_type": "REAR END", "lighting": "DARKNESS, LIGHTED ROAD", "street": "418 S RANDOM ST", "ward": "19", "segment_id": null, "data_tier": "real"}}, {"type": "Feature", "geometry": {"type": "Point", "coordinates": [-87.672088, 41.898913]}, "properties": {"crash_id": "FIXTURECRASH00097", "date": "2019-06-28T12:39:00", "injury_severity": "none", "dooring": false, "hit_and_run": false, "crash_type": "REAR END", "lighting": "DAYLIGHT", "street": "5905 E AUGUSTA BLVD", "ward": "33", "segment_id": "157", "data_tier": "real"}}, {"type": "Feature", "geometry": {"type": "Point", "coordinates": [-87.586177, 41.789875]}, "properties": {"crash_id": "FIXTURECRASH00098", "date": "2020-08-23T20:50:00", "injury_severity": "none", "dooring": false, "hit_and_run": false, "crash_type": "ANGLE", "lighting": "DAYLIGHT", "street": "5252 W STONY ISLAND AVE", "ward": "19", "segment_id": "207", "data_tier": "real"}}, {"type": "Feature", "geometry": {"type": "Point", "coordinates": [-87.711774, 41.94562]}, "properties": {"crash_id": "FIXTURECRASH00099", "date": "2022-04-08T16:49:00", "injury_severity": "reported_not_evident", "dooring": false, "hit_and_run": false, "crash_type": "PARKED MOTOR VEHICLE", "lighting": "DAYLIGHT", "street": "2762 W ELSTON AVE", "ward": "43", "segment_id": "109", "data_tier": "real"}}, {"type": "Feature", "geometry": {"type": "Point", "coordinates": [-87.675075, 41.823756]}, "properties": {"crash_id": "FIXTURECRASH00100", "date": "2020-06-06T08:35:00", "injury_severity": "non_incapacitating", "dooring": false, "hit_and_run": false, "crash_type": "TURNING", "lighting": "DAYLIGHT", "street": "2697 W ARCHER AVE", "ward": "23", "segment_id": "174", "data_tier": "real"}}, {"type": "Feature", "geometry": {"type": "Point", "coordinates": [-87.697034, 41.899107]}, "properties": {"crash_id": "FIXTURECRASH00101", "date": "2021-07-15T04:18:00", "injury_severity": "incapacitating", "dooring": false, "hit_and_run": false, "crash_type": "FIXED OBJECT", "lighting": "DAYLIGHT", "street": "4024 S AUGUSTA BLVD", "ward": "33", "segment_id": "147", "data_tier": "real"}}, {"type": "Feature", "geometry": {"type": "Point", "coordinates": [-87.619942, 41.760003]}, "properties": {"crash_id": "FIXTURECRASH00102", "date": "2023-08-16T07:40:00", "injury_severity": "non_incapacitating", "dooring": true, "hit_and_run": false, "crash_type": "SIDESWIPE SAME DIRECTION", "lighting": "DAYLIGHT", "street": "1226 N VINCENNES AVE", "ward": "19", "segment_id": "192", "data_tier": "real"}}, {"type": "Feature", "geometry": {"type": "Point", "coordinates": [-87.585765, 41.760371]}, "properties": {"crash_id": "FIXTURECRASH00103", "date": "2026-04-15T02:41:00", "injury_severity": "reported_not_evident", "dooring": false, "hit_and_run": false, "crash_type": "FIXED OBJECT", "lighting": "DAYLIGHT", "street": "1540 N STONY ISLAND AVE", "ward": "20", "segment_id": "201", "data_tier": "real"}}, {"type": "Feature", "geometry": {"type": "Point", "coordinates": [-87.671677, 41.928842]}, "properties": {"crash_id": "FIXTURECRASH00104", "date": "2020-11-09T14:41:00", "injury_severity": "reported_not_evident", "dooring": false, "hit_and_run": false, "crash_type": "ANGLE", "lighting": "DARKNESS, LIGHTED ROAD", "street": "1022 E WOOD ST", "ward": "38", "segment_id": "163", "data_tier": "real"}}, {"type": "Feature", "geometry": {"type": "Point", "coordinates": [-87.662632, 41.940492]}, "properties": {"crash_id": "FIXTURECRASH00105", "date": "2026-02-27T06:11:00", "injury_severity": "reported_not_evident", "dooring": false, "hit_and_run": true, "crash_type": "SIDESWIPE SAME DIRECTION", "lighting": "DARKNESS, LIGHTED ROAD", "street": "5582 N RANDOM ST", "ward": "38", "segment_id": null, "data_tier": "real"}}, {"type": "Feature", "geometry": {"type": "Point", "coordinates": [-87.655332, 41.961773]}, "properties": {"crash_id": "FIXTURECRASH00106", "date": "2021-01-19T18:46:00", "injury_severity": "reported_not_evident", "dooring": true, "hit_and_run": false, "crash_type": "FIXED OBJECT", "lighting": "DAYLIGHT", "street": "3912 E CLARK ST", "ward": "43", "segment_id": null, "data_tier": "real"}}, {"type": "Feature", "geometry": {"type": "Point", "coordinates": [-87.629084, 41.881467]}, "properties": {"crash_id": "FIXTURECRASH00107", "date": "2019-03-02T15:09:00", "injury_severity": "reported_not_evident", "dooring": false, "hit_and_run": false, "crash_type": "REAR END", "lighting": "DAYLIGHT", "street": "3957 S DEARBORN ST", "ward": "34", "segment_id": "92", "data_tier": "real"}}, {"type": "Feature", "geometry": {"type": "Point", "coordinates": [-87.668044, 41.907057]}, "properties": {"crash_id": "FIXTURECRASH00108", "date": "2023-10-23T16:12:00", "injury_severity": "reported_not_evident", "dooring": false, "hit_and_run": true, "crash_type": "ANGLE", "lighting": "DAYLIGHT", "street": "1782 W ELSTON AVE", "ward": "38", "segment_id": "99", "data_tier": "real"}}, {"type": "Feature", "geometry": {"type": "Point", "coordinates": [-87.589188, 41.794812]}, "properties": {"crash_id": "FIXTURECRASH00109", "date": "2021-02-14T23:01:00", "injury_severity": "non_incapacitating", "dooring": false, "hit_and_run": true, "crash_type": "PEDALCYCLIST", "lighting": "DAYLIGHT", "street": "2922 N 55TH ST", "ward": "24", "segment_id": "125", "data_tier": "real"}}, {"type": "Feature", "geometry": {"type": "Point", "coordinates": [-87.586498, 41.749128]}, "properties": {"crash_id": "FIXTURECRASH00110", "date": "2024-11-28T13:23:00", "injury_severity": "non_incapacitating", "dooring": false, "hit_and_run": false, "crash_type": "SIDESWIPE SAME DIRECTION", "lighting": "DARKNESS, LIGHTED ROAD", "street": "4517 S STONY ISLAND AVE", "ward": "14", "segment_id": null, "data_tier": "real"}}, {"type": "Feature", "geometry": {"type": "Point", "coordinates": [-87.848854, 41.724622]}, "properties": {"crash_id": "FIXTURECRASH00111", "date": "2017-12-03T09:29:00", "injury_severity": "none", "dooring": false, "hit_and_run": false, "crash_type": "SIDESWIPE SAME DIRECTION", "lighting": "DARKNESS, LIGHTED ROAD", "street": "2935 S RANDOM ST", "ward": "11", "segment_id": null, "data_tier": "real"}}, {"type": "Feature", "geometry": {"type": "Point", "coordinates": [-87.671965, 41.905881]}, "properties": {"crash_id": "FIXTURECRASH00112", "date": "2018-01-16T14:38:00", "injury_severity": "none", "dooring": false, "hit_and_run": false, "crash_type": "PEDALCYCLIST", "lighting": "DAYLIGHT", "street": "4521 S MILWAUKEE AVE", "ward": "33", "segment_id": "158", "data_tier": "real"}}, {"type": "Feature", "geometry": {"type": "Point", "coordinates": [-87.744762, 41.917977]}, "properties": {"crash_id": "FIXTURECRASH00113", "date": "2024-05-16T21:52:00", "injury_severity": "non_incapacitating", "dooring": false, "hit_and_run": false, "crash_type": "ANGLE", "lighting": "DARKNESS, LIGHTED ROAD", "street": "599 S RANDOM ST", "ward": "37", "segment_id": null, "data_tier": "real"}}, {"type": "Feature", "geometry": {"type": "Point", "coordinates": [-87.628457, 41.997803]}, "properties": {"crash_id": "FIXTURECRASH00114", "date": "2026-06-24T16:20:00", "injury_severity": "none", "dooring": false, "hit_and_run": false, "crash_type": "ANGLE", "lighting": "DAYLIGHT", "street": "3979 S RANDOM ST", "ward": "49", "segment_id": null, "data_tier": "real"}}, {"type": "Feature", "geometry": {"type": "Point", "coordinates": [-87.664649, 41.888869]}, "properties": {"crash_id": "FIXTURECRASH00115", "date": "2020-07-11T06:21:00", "injury_severity": "reported_not_evident", "dooring": false, "hit_and_run": false, "crash_type": "SIDESWIPE SAME DIRECTION", "lighting": "DAYLIGHT", "street": "1660 N KINZIE ST", "ward": "33", "segment_id": "121", "data_tier": "real"}}, {"type": "Feature", "geometry": {"type": "Point", "coordinates": [-87.586228, 41.780881]}, "properties": {"crash_id": "FIXTURECRASH00116", "date": "2023-01-16T06:55:00", "injury_severity": "non_incapacitating", "dooring": false, "hit_and_run": true, "crash_type": "PEDALCYCLIST", "lighting": "DAYLIGHT", "street": "4023 S STONY ISLAND AVE", "ward": "19", "segment_id": "205", "data_tier": "real"}}, {"type": "Feature", "geometry": {"type": "Point", "coordinates": [-87.585848, 41.760333]}, "properties": {"crash_id": "FIXTURECRASH00117", "date": "2021-09-11T09:16:00", "injury_severity": "non_incapacitating", "dooring": false, "hit_and_run": false, "crash_type": "SIDESWIPE SAME DIRECTION", "lighting": "DARKNESS, LIGHTED ROAD", "street": "2723 S STONY ISLAND AVE", "ward": "20", "segment_id": "201", "data_tier": "real"}}, {"type": "Feature", "geometry": {"type": "Point", "coordinates": [-87.715474, 41.898877]}, "properties": {"crash_id": "FIXTURECRASH00118", "date": "2019-05-18T06:21:00", "injury_severity": "non_incapacitating", "dooring": false, "hit_and_run": false, "crash_type": "PARKED MOTOR VEHICLE", "lighting": "DAYLIGHT", "street": "5710 E AUGUSTA BLVD", "ward": "33", "segment_id": "150", "data_tier": "real"}}, {"type": "Feature", "geometry": {"type": "Point", "coordinates": [-87.803814, 41.773827]}, "properties": {"crash_id": "FIXTURECRASH00119", "date": "2023-10-18T15:11:00", "injury_severity": "reported_not_evident", "dooring": false, "hit_and_run": false, "crash_type": "PEDALCYCLIST", "lighting": "DARKNESS, LIGHTED ROAD", "street": "5574 N RANDOM ST", "ward": "16", "segment_id": null, "data_tier": "real"}}, {"type": "Feature", "geometry": {"type": "Point", "coordinates": [-87.683108, 41.643474]}, "properties": {"crash_id": "FIXTURECRASH00120", "date": "2021-11-07T01:39:00", "injury_severity": "reported_not_evident", "dooring": false, "hit_and_run": true, "crash_type": "REAR END", "lighting": "DARKNESS, LIGHTED ROAD", "street": "4619 W RANDOM ST", "ward": "3", "segment_id": null, "data_tier": "real"}}, {"type": "Feature", "geometry": {"type": "Point", "coordinates": [-87.618152, 41.766377]}, "properties": {"crash_id": "FIXTURECRASH00121", "date": "2019-09-05T03:58:00", "injury_severity": "non_incapacitating", "dooring": false, "hit_and_run": false, "crash_type": "ANGLE", "lighting": "DAYLIGHT", "street": "3003 E VINCENNES AVE", "ward": "19", "segment_id": "193", "data_tier": "real"}}, {"type": "Feature", "geometry": {"type": "Point", "coordinates": [-87.625789, 41.735477]}, "properties": {"crash_id": "FIXTURECRASH00122", "date": "2018-07-28T20:54:00", "injury_severity": "reported_not_evident", "dooring": false, "hit_and_run": false, "crash_type": "PEDALCYCLIST", "lighting": "DARKNESS, LIGHTED ROAD", "street": "559 N VINCENNES AVE", "ward": "14", "segment_id": "186", "data_tier": "real"}}, {"type": "Feature", "geometry": {"type": "Point", "coordinates": [-87.678216, 41.945411]}, "properties": {"crash_id": "FIXTURECRASH00123", "date": "2025-06-06T18:30:00", "injury_severity": "non_incapacitating", "dooring": true, "hit_and_run": false, "crash_type": "PEDALCYCLIST", "lighting": "DAYLIGHT", "street": "1569 E DAMEN AVE", "ward": "43", "segment_id": "43", "data_tier": "real"}}, {"type": "Feature", "geometry": {"type": "Point", "coordinates": [-87.672143, 41.900802]}, "properties": {"crash_id": "FIXTURECRASH00124", "date": "2025-04-05T17:21:00", "injury_severity": "non_incapacitating", "dooring": false, "hit_and_run": false, "crash_type": "ANGLE", "lighting": "DAYLIGHT", "street": "539 N WOOD ST", "ward": "33", "segment_id": "157", "data_tier": "real"}}, {"type": "Feature", "geometry": {"type": "Point", "coordinates": [-87.62901, 41.897849]}, "properties": {"crash_id": "FIXTURECRASH00125", "date": "2021-08-28T17:24:00", "injury_severity": "reported_not_evident", "dooring": false, "hit_and_run": false, "crash_type": "REAR END", "lighting": "DARKNESS, LIGHTED ROAD", "street": "2118 N DEARBORN ST", "ward": "34", "segment_id": "96", "data_tier": "real"}}, {"type": "Feature", "geometry": {"type": "Point", "coordinates": [-87.676321, 41.881529]}, "properties": {"crash_id": "FIXTURECRASH00126", "date": "2021-09-14T08:06:00", "injury_severity": "non_incapacitating", "dooring": false, "hit_and_run": false, "crash_type": "SIDESWIPE SAME DIRECTION", "lighting": "DARKNESS, LIGHTED ROAD", "street": "946 N DAMEN AVE", "ward": "33", "segment_id": "29", "data_tier": "real"}}, {"type": "Feature", "geometry": {"type": "Point", "coordinates": [-87.658747, 41.889039]}, "properties": {"crash_id": "FIXTURECRASH00127", "date": "2023-12-10T07:36:00", "injury_severity": "reported_not_evident", "dooring": false, "hit_and_run": false, "crash_type": "SIDESWIPE SAME DIRECTION", "lighting": "DAYLIGHT", "street": "4139 S KINZIE ST", "ward": "33", "segment_id": "120", "data_tier": "real"}}, {"type": "Feature", "geometry": {"type": "Point", "coordinates": [-87.677364, 41.922499]}, "properties": {"crash_id": "FIXTURECRASH00128", "date": "2024-09-04T15:38:00", "injury_severity": "reported_not_evident", "dooring": false, "hit_and_run": false, "crash_type": "PEDALCYCLIST", "lighting": "DAYLIGHT", "street": "2821 W DAMEN AVE", "ward": "38", "segment_id": "38", "data_tier": "real"}}, {"type": "Feature", "geometry": {"type": "Point", "coordinates": [-87.67185, 41.935452]}, "properties": {"crash_id": "FIXTURECRASH00129", "date": "2022-02-18T10:18:00", "injury_severity": "none", "dooring": false, "hit_and_run": false, "crash_type": "SIDESWIPE SAME DIRECTION", "lighting": "DUSK", "street": "3318 E WOOD ST", "ward": "38", "segment_id": "165", "data_tier": "real"}}, {"type": "Feature", "geometry": {"type": "Point", "coordinates": [-87.616239, 41.815416]}, "properties": {"crash_id": "FIXTURECRASH00130", "date": "2022-08-01T09:53:00", "injury_severity": "none", "dooring": false, "hit_and_run": false, "crash_type": "PARKED MOTOR VEHICLE", "lighting": "DARKNESS, LIGHTED ROAD", "street": "2082 E RANDOM ST", "ward": "24", "segment_id": null, "data_tier": "real"}}, {"type": "Feature", "geometry": {"type": "Point", "coordinates": [-87.672111, 41.91923]}, "properties": {"crash_id": "FIXTURECRASH00131", "date": "2025-06-04T13:34:00", "injury_severity": "incapacitating", "dooring": false, "hit_and_run": false, "crash_type": "TURNING", "lighting": "DARKNESS, LIGHTED ROAD", "street": "995 S WOOD ST", "ward": "38", "segment_id": "161", "data_tier": "real"}}, {"type": "Feature", "geometry": {"type": "Point", "coordinates": [-87.587244, 41.766007]}, "properties": {"crash_id": "FIXTURECRASH00132", "date": "2018-11-08T00:06:00", "injury_severity": "non_incapacitating", "dooring": false, "hit_and_run": false, "crash_type": "FIXED OBJECT", "lighting": "DARKNESS, LIGHTED ROAD", "street": "1910 W RANDOM ST", "ward": "19", "segment_id": null, "data_tier": "real"}}, {"type": "Feature", "geometry": {"type": "Point", "coordinates": [-87.752507, 41.823453]}, "properties": {"crash_id": "FIXTURECRASH00133", "date": "2018-08-18T03:53:00", "injury_severity": "none", "dooring": false, "hit_and_run": false, "crash_type": "TURNING", "lighting": "DAYLIGHT", "street": "2953 W RANDOM ST", "ward": "22", "segment_id": null, "data_tier": "real"}}, {"type": "Feature", "geometry": {"type": "Point", "coordinates": [-87.585767, 41.790197]}, "properties": {"crash_id": "FIXTURECRASH00134", "date": "2024-12-07T03:43:00", "injury_severity": "non_incapacitating", "dooring": false, "hit_and_run": false, "crash_type": "FIXED OBJECT", "lighting": "DAYLIGHT", "street": "2811 W STONY ISLAND AVE", "ward": "20", "segment_id": "207", "data_tier": "real"}}, {"type": "Feature", "geometry": {"type": "Point", "coordinates": [-87.658416, 41.889183]}, "properties": {"crash_id": "FIXTURECRASH00135", "date": "2019-11-18T14:37:00", "injury_severity": "reported_not_evident", "dooring": false, "hit_and_run": false, "crash_type": "FIXED OBJECT", "lighting": "DAYLIGHT", "street": "612 N KINZIE ST", "ward": "33", "segment_id": "119", "data_tier": "real"}}, {"type": "Feature", "geometry": {"type": "Point", "coordinates": [-87.629168, 41.893184]}, "properties": {"crash_id": "FIXTURECRASH00136", "date": "2024-10-31T10:38:00", "injury_severity": "non_incapacitating", "dooring": false, "hit_and_run": false, "crash_type": "REAR END", "lighting": "DAYLIGHT", "street": "5157 S DEARBORN ST", "ward": "34", "segment_id": "95", "data_tier": "real"}}, {"type": "Feature", "geometry": {"type": "Point", "coordinates": [-87.647088, 41.942008]}, "properties": {"crash_id": "FIXTURECRASH00137", "date": "2019-04-03T16:24:00", "injury_severity": "non_incapacitating", "dooring": false, "hit_and_run": false, "crash_type": "REAR END", "lighting": "DARKNESS, LIGHTED ROAD", "street": "4502 S CLARK ST", "ward": "39", "segment_id": "82", "data_tier": "real"}}, {"type": "Feature", "geometry": {"type": "Point", "coordinates": [-87.589424, 41.79522]}, "properties": {"crash_id": "FIXTURECRASH00138", "date": "2023-02-06T04:12:00", "injury_severity": "non_incapacitating", "dooring": false, "hit_and_run": false, "crash_type": "REAR END", "lighting": "DARKNESS, LIGHTED ROAD", "street": "5917 W 55TH ST", "ward": "24", "segment_id": "125", "data_tier": "real"}}, {"type": "Feature", "geometry": {"type": "Point", "coordinates": [-87.629026, 41.876844]}, "properties": {"crash_id": "FIXTURECRASH00139", "date": "2022-10-18T18:47:00", "injury_severity": "none", "dooring": false, "hit_and_run": true, "crash_type": "REAR END", "lighting": "DARKNESS, LIGHTED ROAD", "street": "4549 E DEARBORN ST", "ward": "34", "segment_id": "91", "data_tier": "real"}}, {"type": "Feature", "geometry": {"type": "Point", "coordinates": [-87.671841, 41.824995]}, "properties": {"crash_id": "FIXTURECRASH00140", "date": "2022-09-17T08:22:00", "injury_severity": "non_incapacitating", "dooring": false, "hit_and_run": false, "crash_type": "PEDALCYCLIST", "lighting": "DAYLIGHT", "street": "2972 W ARCHER AVE", "ward": "23", "segment_id": null, "data_tier": "real"}}, {"type": "Feature", "geometry": {"type": "Point", "coordinates": [-87.684678, 41.898933]}, "properties": {"crash_id": "FIXTURECRASH00141", "date": "2025-07-24T09:18:00", "injury_severity": "reported_not_evident", "dooring": false, "hit_and_run": false, "crash_type": "PARKED MOTOR VEHICLE", "lighting": "DARKNESS, LIGHTED ROAD", "street": "3471 N AUGUSTA BLVD", "ward": "33", "segment_id": "145", "data_tier": "real"}}, {"type": "Feature", "geometry": {"type": "Point", "coordinates": [-87.598714, 41.954823]}, "properties": {"crash_id": "FIXTURECRASH00142", "date": "2025-04-01T12:31:00", "injury_severity": "non_incapacitating", "dooring": false, "hit_and_run": true, "crash_type": "TURNING", "lighting": "DARKNESS, LIGHTED ROAD", "street": "862 W RANDOM ST", "ward": "44", "segment_id": null, "data_tier": "real"}}, {"type": "Feature", "geometry": {"type": "Point", "coordinates": [-87.752766, 41.955734]}, "properties": {"crash_id": "FIXTURECRASH00143", "date": "2022-10-22T20:42:00", "injury_severity": "none", "dooring": false, "hit_and_run": false, "crash_type": "PEDALCYCLIST", "lighting": "DARKNESS, LIGHTED ROAD", "street": "1835 W MILWAUKEE AVE", "ward": "42", "segment_id": "25", "data_tier": "real"}}, {"type": "Feature", "geometry": {"type": "Point", "coordinates": [-87.598456, 41.979779]}, "properties": {"crash_id": "FIXTURECRASH00144", "date": "2018-03-08T03:40:00", "injury_severity": "reported_not_evident", "dooring": true, "hit_and_run": true, "crash_type": "PARKED MOTOR VEHICLE", "lighting": "DAYLIGHT", "street": "3604 S RANDOM ST", "ward": "44", "segment_id": null, "data_tier": "real"}}, {"type": "Feature", "geometry": {"type": "Point", "coordinates": [-87.691867, 41.928173]}, "properties": {"crash_id": "FIXTURECRASH00145", "date": "2024-12-10T05:03:00", "injury_severity": "non_incapacitating", "dooring": false, "hit_and_run": true, "crash_type": "FIXED OBJECT", "lighting": "DAYLIGHT", "street": "879 N ELSTON AVE", "ward": "38", "segment_id": "105", "data_tier": "real"}}, {"type": "Feature", "geometry": {"type": "Point", "coordinates": [-87.624935, 41.742386]}, "properties": {"crash_id": "FIXTURECRASH00146", "date": "2022-05-27T22:08:00", "injury_severity": "reported_not_evident", "dooring": false, "hit_and_run": false, "crash_type": "SIDESWIPE SAME DIRECTION", "lighting": "DAYLIGHT", "street": "2551 S VINCENNES AVE", "ward": "14", "segment_id": null, "data_tier": "real"}}, {"type": "Feature", "geometry": {"type": "Point", "coordinates": [-87.647725, 41.908858]}, "properties": {"crash_id": "FIXTURECRASH00147", "date": "2026-01-21T04:58:00", "injury_severity": "non_incapacitating", "dooring": false, "hit_and_run": false, "crash_type": "SIDESWIPE SAME DIRECTION", "lighting": "DAYLIGHT", "street": "1108 W HALSTED ST", "ward": "39", "segment_id": "63", "data_tier": "real"}}, {"type": "Feature", "geometry": {"type": "Point", "coordinates": [-87.646626, 41.939743]}, "properties": {"crash_id": "FIXTURECRASH00148", "date": "2025-01-18T09:13:00", "injury_severity": "reported_not_evident", "dooring": false, "hit_and_run": true, "crash_type": "ANGLE", "lighting": "DARKNESS, LIGHTED ROAD", "street": "2060 W CLARK ST", "ward": "39", "segment_id": "82", "data_tier": "real"}}, {"type": "Feature", "geometry": {"type": "Point", "coordinates": [-87.806446, 41.994891]}, "properties": {"crash_id": "FIXTURECRASH00149", "date": "2024-01-16T13:23:00", "injury_severity": "reported_not_evident", "dooring": false, "hit_and_run": false, "crash_type": "PARKED MOTOR VEHICLE", "lighting": "DARKNESS, LIGHTED ROAD", "street": "212 E RANDOM ST", "ward": "46", "segment_id": null, "data_tier": "real"}}, {"type": "Feature", "geometry": {"type": "Point", "coordinates": [-87.643251, 41.888894]}, "properties": {"crash_id": "FIXTURECRASH00150", "date": "2019-05-19T08:05:00", "injury_severity": "non_incapacitating", "dooring": false, "hit_and_run": false, "crash_type": "ANGLE", "lighting": "DAYLIGHT", "street": "5296 N KINZIE ST", "ward": "34", "segment_id": "117", "data_tier": "real"}}, {"type": "Feature", "geometry": {"type": "Point", "coordinates": [-87.643005, 41.888823]}, "properties": {"crash_id": "FIXTURECRASH00151", "date": "2021-02-18T21:47:00", "injury_severity": "none", "dooring": false, "hit_and_run": true, "crash_type": "PEDALCYCLIST", "lighting": "DAYLIGHT", "street": "4166 E KINZIE ST", "ward": "34", "segment_id": "117", "data_tier": "real"}}, {"type": "Feature", "geometry": {"type": "Point", "coordinates": [-87.58609, 41.758175]}, "properties": {"crash_id": "FIXTURECRASH00152", "date": "2017-12-30T10:51:00", "injury_severity": "reported_not_evident", "dooring": false, "hit_and_run": true, "crash_type": "PEDALCYCLIST", "lighting": "DAYLIGHT", "street": "3828 E STONY ISLAND AVE", "ward": "19", "segment_id": "200", "data_tier": "real"}}, {"type": "Feature", "geometry": {"type": "Point", "coordinates": [-87.678428, 41.952143]}, "properties": {"crash_id": "FIXTURECRASH00153", "date": "2025-12-22T16:00:00", "injury_severity": "incapacitating", "dooring": false, "hit_and_run": false, "crash_type": "PEDALCYCLIST", "lighting": "DAYLIGHT", "street": "1329 S DAMEN AVE", "ward": "43", "segment_id": "44", "data_tier": "real"}}, {"type": "Feature", "geometry": {"type": "Point", "coordinates": [-87.624372, 41.742215]}, "properties": {"crash_id": "FIXTURECRASH00154", "date": "2021-11-06T03:32:00", "injury_severity": "none", "dooring": false, "hit_and_run": false, "crash_type": "ANGLE", "lighting": "DAYLIGHT", "street": "664 W VINCENNES AVE", "ward": "14", "segment_id": "188", "data_tier": "real"}}, {"type": "Feature", "geometry": {"type": "Point", "coordinates": [-87.646413, 41.9396]}, "properties": {"crash_id": "FIXTURECRASH00155", "date": "2024-08-25T07:29:00", "injury_severity": "non_incapacitating", "dooring": false, "hit_and_run": false, "crash_type": "SIDESWIPE SAME DIRECTION", "lighting": "DAYLIGHT", "street": "3459 N CLARK ST", "ward": "39", "segment_id": "81", "data_tier": "real"}}, {"type": "Feature", "geometry": {"type": "Point", "coordinates": [-87.606433, 41.782984]}, "properties": {"crash_id": "FIXTURECRASH00156", "date": "2021-02-11T03:13:00", "injury_severity": "reported_not_evident", "dooring": false, "hit_and_run": false, "crash_type": "SIDESWIPE SAME DIRECTION", "lighting": "DARKNESS, LIGHTED ROAD", "street": "862 N RANDOM ST", "ward": "19", "segment_id": null, "data_tier": "real"}}, {"type": "Feature", "geometry": {"type": "Point", "coordinates": [-87.81846, 41.672263]}, "properties": {"crash_id": "FIXTURECRASH00157", "date": "2019-03-01T20:52:00", "injury_severity": "non_incapacitating", "dooring": false, "hit_and_run": false, "crash_type": "REAR END", "lighting": "DAYLIGHT", "street": "2039 E RANDOM ST", "ward": "1", "segment_id": null, "data_tier": "real"}}, {"type": "Feature", "geometry": {"type": "Point", "coordinates": [-87.676548, 41.897543]}, "properties": {"crash_id": "FIXTURECRASH00158", "date": "2018-11-21T04:06:00", "injury_severity": "non_incapacitating", "dooring": false, "hit_and_run": false, "crash_type": "TURNING", "lighting": "DARKNESS, LIGHTED ROAD", "street": "1800 W DAMEN AVE", "ward": "33", "segment_id": "33", "data_tier": "real"}}, {"type": "Feature", "geometry": {"type": "Point", "coordinates": [-87.617447, 41.755602]}, "properties": {"crash_id": "FIXTURECRASH00159", "date": "2024-06-07T01:13:00", "injury_severity": "non_incapacitating", "dooring": false, "hit_and_run": false, "crash_type": "FIXED OBJECT", "lighting": "DAYLIGHT", "street": "5647 E RANDOM ST", "ward": "19", "segment_id": null, "data_tier": "real"}}, {"type": "Feature", "geometry": {"type": "Point", "coordinates": [-87.676477, 41.888296]}, "properties": {"crash_id": "FIXTURECRASH00160", "date": "2026-06-04T07:08:00", "injury_severity": "non_incapacitating", "dooring": false, "hit_and_run": false, "crash_type": "TURNING", "lighting": "DAYLIGHT", "street": "714 N DAMEN AVE", "ward": "33", "segment_id": "31", "data_tier": "real"}}, {"type": "Feature", "geometry": {"type": "Point", "coordinates": [-87.740589, 41.955155]}, "properties": {"crash_id": "FIXTURECRASH00161", "date": "2018-02-22T14:03:00", "injury_severity": "non_incapacitating", "dooring": false, "hit_and_run": false, "crash_type": "SIDESWIPE SAME DIRECTION", "lighting": "DARKNESS, LIGHTED ROAD", "street": "3595 S RANDOM ST", "ward": "42", "segment_id": null, "data_tier": "real"}}, {"type": "Feature", "geometry": {"type": "Point", "coordinates": [-87.645672, 41.653167]}, "properties": {"crash_id": "FIXTURECRASH00162", "date": "2020-06-03T20:18:00", "injury_severity": "reported_not_evident", "dooring": false, "hit_and_run": false, "crash_type": "REAR END", "lighting": "DARKNESS, LIGHTED ROAD", "street": "1224 W RANDOM ST", "ward": "4", "segment_id": null, "data_tier": "real"}}, {"type": "Feature", "geometry": {"type": "Point", "coordinates": [-87.670309, 41.776463]}, "properties": {"crash_id": "FIXTURECRASH00163", "date": "2023-02-07T11:58:00", "injury_severity": "reported_not_evident", "dooring": false, "hit_and_run": false, "crash_type": "SIDESWIPE SAME DIRECTION", "lighting": "DAYLIGHT", "street": "1894 N RANDOM ST", "ward": "18", "segment_id": null, "data_tier": "real"}}, {"type": "Feature", "geometry": {"type": "Point", "coordinates": [-87.633235, 41.678051]}, "properties": {"crash_id": "FIXTURECRASH00164", "date": "2020-08-27T17:52:00", "injury_severity": "none", "dooring": true, "hit_and_run": false, "crash_type": "ANGLE", "lighting": "DUSK", "street": "1523 S RANDOM ST", "ward": "9", "segment_id": null, "data_tier": "real"}}, {"type": "Feature", "geometry": {"type": "Point", "coordinates": [-87.664174, 41.85417]}, "properties": {"crash_id": "FIXTURECRASH00165", "date": "2019-10-12T15:34:00", "injury_severity": "non_incapacitating", "dooring": false, "hit_and_run": false, "crash_type": "PEDALCYCLIST", "lighting": "DAYLIGHT", "street": "263 W RANDOM ST", "ward": "28", "segment_id": null, "data_tier": "real"}}, {"type": "Feature", "geometry": {"type": "Point", "coordinates": [-87.571386, 41.989137]}, "properties": {"crash_id": "FIXTURECRASH00166", "date": "2021-04-18T01:01:00", "injury_severity": "non_incapacitating", "dooring": false, "hit_and_run": false, "crash_type": "ANGLE", "lighting": "DAYLIGHT", "street": "3160 W RANDOM ST", "ward": "50", "segment_id": null, "data_tier": "real"}}, {"type": "Feature", "geometry": {"type": "Point", "coordinates": [-87.705833, 41.918294]}, "properties": {"crash_id": "FIXTURECRASH00167", "date": "2024-11-01T15:41:00", "injury_severity": "non_incapacitating", "dooring": false, "hit_and_run": false, "crash_type": "REAR END", "lighting": "DUSK", "street": "1536 W RANDOM ST", "ward": "38", "segment_id": null, "data_tier": "real"}}, {"type": "Feature", "geometry": {"type": "Point", "coordinates": [-87.53693, 42.000539]}, "properties": {"crash_id": "FIXTURECRASH00168", "date": "2022-01-21T18:02:00", "injury_severity": "non_incapacitating", "dooring": false, "hit_and_run": false, "crash_type": "PARKED MOTOR VEHICLE", "lighting": "DUSK", "street": "4164 S RANDOM ST", "ward": "50", "segment_id": null, "data_tier": "real"}}, {"type": "Feature", "geometry": {"type": "Point", "coordinates": [-87.679192, 41.972612]}, "properties": {"crash_id": "FIXTURECRASH00169", "date": "2021-06-07T14:00:00", "injury_severity": "non_incapacitating", "dooring": false, "hit_and_run": false, "crash_type": "FIXED OBJECT", "lighting": "DAYLIGHT", "street": "110 N DAMEN AVE", "ward": "43", "segment_id": "49", "data_tier": "real"}}, {"type": "Feature", "geometry": {"type": "Point", "coordinates": [-87.655408, 41.88894]}, "properties": {"crash_id": "FIXTURECRASH00170", "date": "2023-01-16T18:41:00", "injury_severity": "none", "dooring": false, "hit_and_run": false, "crash_type": "ANGLE", "lighting": "DARKNESS, LIGHTED ROAD", "street": "2710 E KINZIE ST", "ward": "33", "segment_id": "119", "data_tier": "real"}}, {"type": "Feature", "geometry": {"type": "Point", "coordinates": [-87.678462, 41.950239]}, "properties": {"crash_id": "FIXTURECRASH00171", "date": "2021-06-16T19:39:00", "injury_severity": "reported_not_evident", "dooring": false, "hit_and_run": false, "crash_type": "SIDESWIPE SAME DIRECTION", "lighting": "DAYLIGHT", "street": "929 E DAMEN AVE", "ward": "43", "segment_id": "44", "data_tier": "real"}}, {"type": "Feature", "geometry": {"type": "Point", "coordinates": [-87.676053, 41.876715]}, "properties": {"crash_id": "FIXTURECRASH00172", "date": "2023-03-04T04:03:00", "injury_severity": "non_incapacitating", "dooring": true, "hit_and_run": false, "crash_type": "PEDALCYCLIST", "lighting": "DAYLIGHT", "street": "310 S DAMEN AVE", "ward": "33", "segment_id": "28", "data_tier": "real"}}, {"type": "Feature", "geometry": {"type": "Point", "coordinates": [-87.66152, 41.888802]}, "properties": {"crash_id": "FIXTURECRASH00173", "date": "2018-09-09T20:34:00", "injury_severity": "non_incapacitating", "dooring": false, "hit_and_run": true, "crash_type": "SIDESWIPE SAME DIRECTION", "lighting": "DAYLIGHT", "street": "3702 W KINZIE ST", "ward": "33", "segment_id": "120", "data_tier": "real"}}, {"type": "Feature", "geometry": {"type": "Point", "coordinates": [-87.821717, 41.893638]}, "properties": {"crash_id": "FIXTURECRASH00174", "date": "2021-07-10T17:26:00", "injury_severity": "none", "dooring": false, "hit_and_run": false, "crash_type": "REAR END", "lighting": "DAYLIGHT", "street": "4486 W RANDOM ST", "ward": "31", "segment_id": null, "data_tier": "real"}}, {"type": "Feature", "geometry": {"type": "Point", "coordinates": [-87.684307, 41.911436]}, "properties": {"crash_id": "FIXTURECRASH00175", "date": "2023-06-18T18:43:00", "injury_severity": "reported_not_evident", "dooring": false, "hit_and_run": false, "crash_type": "PARKED MOTOR VEHICLE", "lighting": "DARKNESS, LIGHTED ROAD", "street": "1678 S RANDOM ST", "ward": "38", "segment_id": null, "data_tier": "real"}}, {"type": "Feature", "geometry": {"type": "Point", "coordinates": [-87.549435, 41.737997]}, "properties": {"crash_id": "FIXTURECRASH00176", "date": "2018-06-02T02:24:00", "injury_severity": "reported_not_evident", "dooring": false, "hit_and_run": false, "crash_type": "TURNING", "lighting": "DAYLIGHT", "street": "201 W RANDOM ST", "ward": "15", "segment_id": null, "data_tier": "real"}}, {"type": "Feature", "geometry": {"type": "Point", "coordinates": [-87.67745, 41.911274]}, "properties": {"crash_id": "FIXTURECRASH00177", "date": "2022-04-11T08:24:00", "injury_severity": "reported_not_evident", "dooring": false, "hit_and_run": false, "crash_type": "REAR END", "lighting": "DARKNESS, LIGHTED ROAD", "street": "1278 W DAMEN AVE", "ward": "38", "segment_id": "36", "data_tier": "real"}}, {"type": "Feature", "geometry": {"type": "Point", "coordinates": [-87.843323, 41.980872]}, "properties": {"crash_id": "FIXTURECRASH00178", "date": "2021-01-24T09:17:00", "injury_severity": "reported_not_evident", "dooring": false, "hit_and_run": false, "crash_type": "FIXED OBJECT", "lighting": "DAYLIGHT", "street": "3729 E RANDOM ST", "ward": "41", "segment_id": null, "data_tier": "real"}}, {"type": "Feature", "geometry": {"type": "Point", "coordinates": [-87.673825, 41.888838]}, "properties": {"crash_id": "FIXTURECRASH00179", "date": "2021-11-10T01:32:00", "injury_severity": "non_incapacitating", "dooring": false, "hit_and_run": false, "crash_type": "FIXED OBJECT", "lighting": "DARKNESS, LIGHTED ROAD", "street": "4394 N KINZIE ST", "ward": "33", "segment_id": "122", "data_tier": "real"}}, {"type": "Feature", "geometry": {"type": "Point", "coordinates": [-87.683667, 41.920962]}, "properties": {"crash_id": "FIXTURECRASH00180", "date": "2023-05-01T12:40:00", "injury_severity": "non_incapacitating", "dooring": false, "hit_and_run": false, "crash_type": "ANGLE", "lighting": "DAYLIGHT", "street": "3987 E ELSTON AVE", "ward": "38", "segment_id": "102", "data_tier": "real"}}, {"type": "Feature", "geometry": {"type": "Point", "coordinates": [-87.648471, 41.927191]}, "properties": {"crash_id": "FIXTURECRASH00181", "date": "2020-02-24T20:14:00", "injury_severity": "none", "dooring": false, "hit_and_run": false, "crash_type": "FIXED OBJECT", "lighting": "DARKNESS, LIGHTED ROAD", "street": "5688 N HALSTED ST", "ward": "39", "segment_id": "68", "data_tier": "real"}}, {"type": "Feature", "geometry": {"type": "Point", "coordinates": [-87.586276, 41.760405]}, "properties": {"crash_id": "FIXTURECRASH00182", "date": "2020-10-02T13:57:00", "injury_severity": "non_incapacitating", "dooring": false, "hit_and_run": false, "crash_type": "SIDESWIPE SAME DIRECTION", "lighting": "DAYLIGHT", "street": "4365 W STONY ISLAND AVE", "ward": "19", "segment_id": "201", "data_tier": "real"}}, {"type": "Feature", "geometry": {"type": "Point", "coordinates": [-87.677745, 41.938848]}, "properties": {"crash_id": "FIXTURECRASH00183", "date": "2024-11-06T10:55:00", "injury_severity": "non_incapacitating", "dooring": false, "hit_and_run": false, "crash_type": "FIXED OBJECT", "lighting": "DAYLIGHT", "street": "2068 N DAMEN AVE", "ward": "38", "segment_id": "42", "data_tier": "real"}}, {"type": "Feature", "geometry": {"type": "Point", "coordinates": [-87.629102, 41.879345]}, "properties": {"crash_id": "FIXTURECRASH00184", "date": "2025-12-05T01:37:00", "injury_severity": "none", "dooring": false, "hit_and_run": false, "crash_type": "PARKED MOTOR VEHICLE", "lighting": "DAYLIGHT", "street": "5722 W DEARBORN ST", "ward": "34", "segment_id": "92", "data_tier": "real"}}, {"type": "Feature", "geometry": {"type": "Point", "coordinates": [-87.790225, 41.973068]}, "properties": {"crash_id": "FIXTURECRASH00185", "date": "2018-10-05T15:08:00", "injury_severity": "none", "dooring": false, "hit_and_run": false, "crash_type": "PARKED MOTOR VEHICLE", "lighting": "DARKNESS, LIGHTED ROAD", "street": "5461 N RANDOM ST", "ward": "41", "segment_id": null, "data_tier": "real"}}, {"type": "Feature", "geometry": {"type": "Point", "coordinates": [-87.67198, 41.905559]}, "properties": {"crash_id": "FIXTURECRASH00186", "date": "2018-04-08T20:37:00", "injury_severity": "reported_not_evident", "dooring": false, "hit_and_run": true, "crash_type": "PEDALCYCLIST", "lighting": "DARKNESS, LIGHTED ROAD", "street": "5676 W WOOD ST", "ward": "33", "segment_id": "158", "data_tier": "real"}}, {"type": "Feature", "geometry": {"type": "Point", "coordinates": [-87.524227, 41.770215]}, "properties": {"crash_id": "FIXTURECRASH00187", "date": "2022-10-19T04:20:00", "injury_severity": "none", "dooring": false, "hit_and_run": false, "crash_type": "PEDALCYCLIST", "lighting": "DARKNESS, LIGHTED ROAD", "street": "2667 N RANDOM ST", "ward": "20", "segment_id": null, "data_tier": "real"}}, {"type": "Feature", "geometry": {"type": "Point", "coordinates": [-87.58586, 41.744644]}, "properties": {"crash_id": "FIXTURECRASH00188", "date": "2022-06-25T12:27:00", "injury_severity": "reported_not_evident", "dooring": false, "hit_and_run": false, "crash_type": "PEDALCYCLIST", "lighting": "DARKNESS, LIGHTED ROAD", "street": "215 E STONY ISLAND AVE", "ward": "15", "segment_id": "198", "data_tier": "real"}}, {"type": "Feature", "geometry": {"type": "Point", "coordinates": [-87.697871, 41.933341]}, "properties": {"crash_id": "FIXTURECRASH00189", "date": "2024-04-08T09:10:00", "injury_severity": "incapacitating", "dooring": false, "hit_and_run": false, "crash_type": "TURNING", "lighting": "DAYLIGHT", "street": "4393 E ELSTON AVE", "ward": "38", "segment_id": "106", "data_tier": "real"}}, {"type": "Feature", "geometry": {"type": "Point", "coordinates": [-87.550725, 41.702656]}, "properties": {"crash_id": "FIXTURECRASH00190", "date": "2022-03-11T00:14:00", "injury_severity": "non_incapacitating", "dooring": false, "hit_and_run": false, "crash_type": "ANGLE", "lighting": "DAYLIGHT", "street": "1108 E RANDOM ST", "ward": "10", "segment_id": null, "data_tier": "real"}}, {"type": "Feature", "geometry": {"type": "Point", "coordinates": [-87.73545, 41.945866]}, "properties": {"crash_id": "FIXTURECRASH00191", "date": "2018-03-17T22:07:00", "injury_severity": "non_incapacitating", "dooring": false, "hit_and_run": false, "crash_type": "PEDALCYCLIST", "lighting": "DARKNESS, LIGHTED ROAD", "street": "1783 N MILWAUKEE AVE", "ward": "42", "segment_id": "21", "data_tier": "real"}}, {"type": "Feature", "geometry": {"type": "Point", "coordinates": [-87.678176, 41.94303]}, "properties": {"crash_id": "FIXTURECRASH00192", "date": "2018-12-11T03:31:00", "injury_severity": "non_incapacitating", "dooring": false, "hit_and_run": false, "crash_type": "PARKED MOTOR VEHICLE", "lighting": "DAYLIGHT", "street": "3456 E DAMEN AVE", "ward": "38", "segment_id": "42", "data_tier": "real"}}, {"type": "Feature", "geometry": {"type": "Point", "coordinates": [-87.640348, 41.881861]}, "properties": {"crash_id": "FIXTURECRASH00193", "date": "2024-02-08T21:31:00", "injury_severity": "non_incapacitating", "dooring": false, "hit_and_run": false, "crash_type": "PARKED MOTOR VEHICLE", "lighting": "DARKNESS, LIGHTED ROAD", "street": "2196 S MILWAUKEE AVE", "ward": "34", "segment_id": null, "data_tier": "real"}}, {"type": "Feature", "geometry": {"type": "Point", "coordinates": [-87.568758, 41.972173]}, "properties": {"crash_id": "FIXTURECRASH00194", "date": "2021-09-15T21:20:00", "injury_severity": "reported_not_evident", "dooring": false, "hit_and_run": false, "crash_type": "PEDALCYCLIST", "lighting": "DAYLIGHT", "street": "1496 E RANDOM ST", "ward": "45", "segment_id": null, "data_tier": "real"}}, {"type": "Feature", "geometry": {"type": "Point", "coordinates": [-87.717743, 41.70949]}, "properties": {"crash_id": "FIXTURECRASH00195", "date": "2022-10-14T08:53:00", "injury_severity": "non_incapacitating", "dooring": false, "hit_and_run": false, "crash_type": "SIDESWIPE SAME DIRECTION", "lighting": "DARKNESS, LIGHTED ROAD", "street": "580 S RANDOM ST", "ward": "8", "segment_id": null, "data_tier": "real"}}, {"type": "Feature", "geometry": {"type": "Point", "coordinates": [-87.586232, 41.764795]}, "properties": {"crash_id": "FIXTURECRASH00196", "date": "2025-10-27T04:30:00", "injury_severity": "reported_not_evident", "dooring": false, "hit_and_run": false, "crash_type": "SIDESWIPE SAME DIRECTION", "lighting": "DARKNESS, LIGHTED ROAD", "street": "2674 N STONY ISLAND AVE", "ward": "19", "segment_id": "202", "data_tier": "real"}}, {"type": "Feature", "geometry": {"type": "Point", "coordinates": [-87.617908, 41.768783]}, "properties": {"crash_id": "FIXTURECRASH00197", "date": "2025-10-25T07:30:00", "injury_severity": "non_incapacitating", "dooring": false, "hit_and_run": false, "crash_type": "FIXED OBJECT", "lighting": "DARKNESS, LIGHTED ROAD", "street": "5120 N VINCENNES AVE", "ward": "19", "segment_id": "193", "data_tier": "real"}}, {"type": "Feature", "geometry": {"type": "Point", "coordinates": [-87.687756, 41.668449]}, "properties": {"crash_id": "FIXTURECRASH00198", "date": "2020-05-14T10:17:00", "injury_severity": "incapacitating", "dooring": false, "hit_and_run": true, "crash_type": "REAR END", "lighting": "DARKNESS, LIGHTED ROAD", "street": "3738 W RANDOM ST", "ward": "3", "segment_id": null, "data_tier": "real"}}, {"type": "Feature", "geometry": {"type": "Point", "coordinates": [-87.716865, 41.646752]}, "properties": {"crash_id": "FIXTURECRASH00199", "date": "2018-01-25T17:35:00", "injury_severity": "fatal", "dooring": false, "hit_and_run": false, "crash_type": "PARKED MOTOR VEHICLE", "lighting": "DUSK", "street": "4264 S RANDOM ST", "ward": "3", "segment_id": null, "data_tier": "real"}}, {"type": "Feature", "geometry": {"type": "Point", "coordinates": [-87.740449, 41.960841]}, "properties": {"crash_id": "FIXTURECRASH00200", "date": "2026-04-10T19:38:00", "injury_severity": "reported_not_evident", "dooring": false, "hit_and_run": false, "crash_type": "TURNING", "lighting": "DARKNESS, LIGHTED ROAD", "street": "1916 N RANDOM ST", "ward": "42", "segment_id": null, "data_tier": "real"}}, {"type": "Feature", "geometry": {"type": "Point", "coordinates": [-87.6478, 41.915897]}, "properties": {"crash_id": "FIXTURECRASH00201", "date": "2025-10-04T13:06:00", "injury_severity": "non_incapacitating", "dooring": false, "hit_and_run": false, "crash_type": "ANGLE", "lighting": "DAYLIGHT", "street": "1661 E HALSTED ST", "ward": "39", "segment_id": "65", "data_tier": "real"}}, {"type": "Feature", "geometry": {"type": "Point", "coordinates": [-87.671841, 41.921772]}, "properties": {"crash_id": "FIXTURECRASH00202", "date": "2023-08-13T23:03:00", "injury_severity": "reported_not_evident", "dooring": false, "hit_and_run": false, "crash_type": "PARKED MOTOR VEHICLE", "lighting": "DUSK", "street": "1551 S WOOD ST", "ward": "38", "segment_id": "162", "data_tier": "real"}}, {"type": "Feature", "geometry": {"type": "Point", "coordinates": [-87.672144, 41.935425]}, "properties": {"crash_id": "FIXTURECRASH00203", "date": "2021-07-06T09:28:00", "injury_severity": "non_incapacitating", "dooring": false, "hit_and_run": false, "crash_type": "REAR END", "lighting": "DARKNESS, LIGHTED ROAD", "street": "2671 S WOOD ST", "ward": "38", "segment_id": "165", "data_tier": "real"}}, {"type": "Feature", "geometry": {"type": "Point", "coordinates": [-87.533752, 41.887033]}, "properties": {"crash_id": "FIXTURECRASH00204", "date": "2023-04-26T17:44:00", "injury_severity": "reported_not_evident", "dooring": false, "hit_and_run": false, "crash_type": "PEDALCYCLIST", "lighting": "DAYLIGHT", "street": "5565 W RANDOM ST", "ward": "35", "segment_id": null, "data_tier": "real"}}, {"type": "Feature", "geometry": {"type": "Point", "coordinates": [-87.691653, 41.919989]}, "properties": {"crash_id": "FIXTURECRASH00205", "date": "2019-11-28T08:48:00", "injury_severity": "non_incapacitating", "dooring": false, "hit_and_run": false, "crash_type": "FIXED OBJECT", "lighting": "DAYLIGHT", "street": "2517 S MILWAUKEE AVE", "ward": "38", "segment_id": "12", "data_tier": "real"}}, {"type": "Feature", "geometry": {"type": "Point", "coordinates": [-87.670232, 41.826462]}, "properties": {"crash_id": "FIXTURECRASH00206", "date": "2020-05-01T16:50:00", "injury_severity": "none", "dooring": false, "hit_and_run": false, "crash_type": "FIXED OBJECT", "lighting": "DAYLIGHT", "street": "5712 E ARCHER AVE", "ward": "23", "segment_id": "173", "data_tier": "real"}}, {"type": "Feature", "geometry": {"type": "Point", "coordinates": [-87.586349, 41.771961]}, "properties": {"crash_id": "FIXTURECRASH00207", "date": "2025-07-27T22:41:00", "injury_severity": "non_incapacitating", "dooring": false, "hit_and_run": false, "crash_type": "REAR END", "lighting": "DUSK", "street": "2509 W STONY ISLAND AVE", "ward": "19", "segment_id": "204", "data_tier": "real"}}, {"type": "Feature", "geometry": {"type": "Point", "coordinates": [-87.652341, 41.888933]}, "properties": {"crash_id": "FIXTURECRASH00208", "date": "2024-03-20T08:00:00", "injury_severity": "non_incapacitating", "dooring": false, "hit_and_run": false, "crash_type": "ANGLE", "lighting": "DAYLIGHT", "street": "5223 E KINZIE ST", "ward": "33", "segment_id": "119", "data_tier": "real"}}, {"type": "Feature", "geometry": {"type": "Point", "coordinates": [-87.648063, 41.920471]}, "properties": {"crash_id": "FIXTURECRASH00209", "date": "2022-05-01T17:34:00", "injury_severity": "non_incapacitating", "dooring": false, "hit_and_run": false, "crash_type": "ANGLE", "lighting": "DAYLIGHT", "street": "1889 W HALSTED ST", "ward": "39", "segment_id": "66", "data_tier": "real"}}, {"type": "Feature", "geometry": {"type": "Point", "coordinates": [-87.67257, 41.825344]}, "properties": {"crash_id": "FIXTURECRASH00210", "date": "2021-04-07T12:58:00", "injury_severity": "non_incapacitating", "dooring": false, "hit_and_run": false, "crash_type": "REAR END", "lighting": "DAYLIGHT", "street": "3171 W ARCHER AVE", "ward": "23", "segment_id": "173", "data_tier": "real"}}, {"type": "Feature", "geometry": {"type": "Point", "coordinates": [-87.534429, 41.70361]}, "properties": {"crash_id": "FIXTURECRASH00211", "date": "2023-09-13T17:00:00", "injury_severity": "reported_not_evident", "dooring": false, "hit_and_run": false, "crash_type": "FIXED OBJECT", "lighting": "DAYLIGHT", "street": "5856 W RANDOM ST", "ward": "10", "segment_id": null, "data_tier": "real"}}, {"type": "Feature", "geometry": {"type": "Point", "coordinates": [-87.825828, 41.654397]}, "properties": {"crash_id": "FIXTURECRASH00212", "date": "2019-08-31T08:35:00", "injury_severity": "non_incapacitating", "dooring": false, "hit_and_run": false, "crash_type": "ANGLE", "lighting": "DAYLIGHT", "street": "3413 W RANDOM ST", "ward": "1", "segment_id": null, "data_tier": "real"}}, {"type": "Feature", "geometry": {"type": "Point", "coordinates": [-87.618709, 41.862531]}, "properties": {"crash_id": "FIXTURECRASH00213", "date": "2018-06-25T11:59:00", "injury_severity": "reported_not_evident", "dooring": false, "hit_and_run": false, "crash_type": "PARKED MOTOR VEHICLE", "lighting": "DAYLIGHT", "street": "3685 W RANDOM ST", "ward": "29", "segment_id": null, "data_tier": "real"}}, {"type": "Feature", "geometry": {"type": "Point", "coordinates": [-87.67714, 41.88905]}, "properties": {"crash_id": "FIXTURECRASH00214", "date": "2024-10-11T04:19:00", "injury_severity": "none", "dooring": false, "hit_and_run": false, "crash_type": "PARKED MOTOR VEHICLE", "lighting": "DAYLIGHT", "street": "1258 N KINZIE ST", "ward": "33", "segment_id": "123", "data_tier": "real"}}, {"type": "Feature", "geometry": {"type": "Point", "coordinates": [-87.617317, 41.771213]}, "properties": {"crash_id": "FIXTURECRASH00215", "date": "2022-04-18T20:54:00", "injury_severity": "reported_not_evident", "dooring": false, "hit_and_run": false, "crash_type": "ANGLE", "lighting": "DAYLIGHT", "street": "1585 N VINCENNES AVE", "ward": "19", "segment_id": "194", "data_tier": "real"}}, {"type": "Feature", "geometry": {"type": "Point", "coordinates": [-87.628774, 41.872365]}, "properties": {"crash_id": "FIXTURECRASH00216", "date": "2021-05-18T11:08:00", "injury_severity": "none", "dooring": false, "hit_and_run": false, "crash_type": "PEDALCYCLIST", "lighting": "DAYLIGHT", "street": "2703 W DEARBORN ST", "ward": "34", "segment_id": "90", "data_tier": "real"}}, {"type": "Feature", "geometry": {"type": "Point", "coordinates": [-87.794349, 42.00429]}, "properties": {"crash_id": "FIXTURECRASH00217", "date": "2021-03-06T07:50:00", "injury_severity": "non_incapacitating", "dooring": false, "hit_and_run": false, "crash_type": "FIXED OBJECT", "lighting": "DARKNESS, LIGHTED ROAD", "street": "2816 W RANDOM ST", "ward": "46", "segment_id": null, "data_tier": "real"}}, {"type": "Feature", "geometry": {"type": "Point", "coordinates": [-87.6723, 41.889729]}, "properties": {"crash_id": "FIXTURECRASH00218", "date": "2019-03-28T17:12:00", "injury_severity": "non_incapacitating", "dooring": false, "hit_and_run": false, "crash_type": "FIXED OBJECT", "lighting": "DAYLIGHT", "street": "5274 N WOOD ST", "ward": "33", "segment_id": "155", "data_tier": "real"}}, {"type": "Feature", "geometry": {"type": "Point", "coordinates": [-87.712253, 41.898771]}, "properties": {"crash_id": "FIXTURECRASH00219", "date": "2021-10-08T12:14:00", "injury_severity": "none", "dooring": false, "hit_and_run": false, "crash_type": "PARKED MOTOR VEHICLE", "lighting": "DAYLIGHT", "street": "841 W AUGUSTA BLVD", "ward": "33", "segment_id": "149", "data_tier": "real"}}, {"type": "Feature", "geometry": {"type": "Point", "coordinates": [-87.648432, 41.927362]}, "properties": {"crash_id": "FIXTURECRASH00220", "date": "2019-04-22T23:46:00", "injury_severity": "reported_not_evident", "dooring": false, "hit_and_run": true, "crash_type": "PEDALCYCLIST", "lighting": "DAYLIGHT", "street": "3126 S HALSTED ST", "ward": "39", "segment_id": "68", "data_tier": "real"}}, {"type": "Feature", "geometry": {"type": "Point", "coordinates": [-87.585996, 41.795189]}, "properties": {"crash_id": "FIXTURECRASH00221", "date": "2018-10-28T22:33:00", "injury_severity": "reported_not_evident", "dooring": false, "hit_and_run": false, "crash_type": "PARKED MOTOR VEHICLE", "lighting": "DAYLIGHT", "street": "3185 W 55TH ST", "ward": "25", "segment_id": "124", "data_tier": "real"}}, {"type": "Feature", "geometry": {"type": "Point", "coordinates": [-87.716072, 41.724702]}, "properties": {"crash_id": "FIXTURECRASH00222", "date": "2021-07-15T15:50:00", "injury_severity": "reported_not_evident", "dooring": false, "hit_and_run": false, "crash_type": "PEDALCYCLIST", "lighting": "DARKNESS, LIGHTED ROAD", "street": "731 E RANDOM ST", "ward": "13", "segment_id": null, "data_tier": "real"}}, {"type": "Feature", "geometry": {"type": "Point", "coordinates": [-87.676845, 41.888968]}, "properties": {"crash_id": "FIXTURECRASH00223", "date": "2025-03-28T15:30:00", "injury_severity": "non_incapacitating", "dooring": false, "hit_and_run": true, "crash_type": "FIXED OBJECT", "lighting": "DARKNESS, LIGHTED ROAD", "street": "4798 S KINZIE ST", "ward": "33", "segment_id": "122", "data_tier": "real"}}, {"type": "Feature", "geometry": {"type": "Point", "coordinates": [-87.648216, 41.920502]}, "properties": {"crash_id": "FIXTURECRASH00224", "date": "2023-12-27T20:01:00", "injury_severity": "none", "dooring": false, "hit_and_run": false, "crash_type": "PARKED MOTOR VEHICLE", "lighting": "DAYLIGHT", "street": "3961 W HALSTED ST", "ward": "39", "segment_id": "66", "data_tier": "real"}}, {"type": "Feature", "geometry": {"type": "Point", "coordinates": [-87.684376, 41.899101]}, "properties": {"crash_id": "FIXTURECRASH00225", "date": "2022-10-02T19:37:00", "injury_severity": "incapacitating", "dooring": false, "hit_and_run": false, "crash_type": "SIDESWIPE SAME DIRECTION", "lighting": "DAYLIGHT", "street": "4231 W AUGUSTA BLVD", "ward": "33", "segment_id": "144", "data_tier": "real"}}, {"type": "Feature", "geometry": {"type": "Point", "coordinates": [-87.560342, 41.867929]}, "properties": {"crash_id": "FIXTURECRASH00226", "date": "2023-08-17T16:48:00", "injury_severity": "non_incapacitating", "dooring": false, "hit_and_run": false, "crash_type": "FIXED OBJECT", "lighting": "DAYLIGHT", "street": "5658 W RANDOM ST", "ward": "30", "segment_id": null, "data_tier": "real"}}, {"type": "Feature", "geometry": {"type": "Point", "coordinates": [-87.596338, 41.823207]}, "properties": {"crash_id": "FIXTURECRASH00227", "date": "2021-08-06T18:51:00", "injury_severity": "none", "dooring": false, "hit_and_run": false, "crash_type": "PARKED MOTOR VEHICLE", "lighting": "DUSK", "street": "4008 S RANDOM ST", "ward": "24", "segment_id": null, "data_tier": "real"}}, {"type": "Feature", "geometry": {"type": "Point", "coordinates": [-87.617452, 41.771155]}, "properties": {"crash_id": "FIXTURECRASH00228", "date": "2018-12-27T16:00:00", "injury_severity": "non_incapacitating", "dooring": false, "hit_and_run": true, "crash_type": "FIXED OBJECT", "lighting": "DAYLIGHT", "street": "3590 E VINCENNES AVE", "ward": "19", "segment_id": "194", "data_tier": "real"}}, {"type": "Feature", "geometry": {"type": "Point", "coordinates": [-87.782781, 41.791033]}, "properties": {"crash_id": "FIXTURECRASH00229", "date": "2023-11-10T17:30:00", "injury_severity": "non_incapacitating", "dooring": false, "hit_and_run": false, "crash_type": "REAR END", "lighting": "DARKNESS, LIGHTED ROAD", "street": "5879 W RANDOM ST", "ward": "17", "segment_id": null, "data_tier": "real"}}, {"type": "Feature", "geometry": {"type": "Point", "coordinates": [-87.816908, 42.000713]}, "properties": {"crash_id": "FIXTURECRASH00230", "date": "2023-05-15T12:50:00", "injury_severity": "non_incapacitating", "dooring": false, "hit_and_run": false, "crash_type": "REAR END", "lighting": "DAYLIGHT", "street": "143 N RANDOM ST", "ward": "46", "segment_id": null, "data_tier": "real"}}, {"type": "Feature", "geometry": {"type": "Point", "coordinates": [-87.650593, 41.950768]}, "properties": {"crash_id": "FIXTURECRASH00231", "date": "2021-12-23T12:39:00", "injury_severity": "reported_not_evident", "dooring": false, "hit_and_run": false, "crash_type": "FIXED OBJECT", "lighting": "DUSK", "street": "3696 N CLARK ST", "ward": "44", "segment_id": "84", "data_tier": "real"}}, {"type": "Feature", "geometry": {"type": "Point", "coordinates": [-87.619512, 41.834008]}, "properties": {"crash_id": "FIXTURECRASH00232", "date": "2024-07-25T05:43:00", "injury_severity": "incapacitating", "dooring": false, "hit_and_run": false, "crash_type": "FIXED OBJECT", "lighting": "DAYLIGHT", "street": "3372 E RANDOM ST", "ward": "29", "segment_id": null, "data_tier": "real"}}, {"type": "Feature", "geometry": {"type": "Point", "coordinates": [-87.820245, 41.666075]}, "properties": {"crash_id": "FIXTURECRASH00233", "date": "2020-11-09T23:53:00", "injury_severity": "reported_not_evident", "dooring": false, "hit_and_run": false, "crash_type": "TURNING", "lighting": "DAYLIGHT", "street": "1693 W RANDOM ST", "ward": "1", "segment_id": null, "data_tier": "real"}}, {"type": "Feature", "geometry": {"type": "Point", "coordinates": [-87.678216, 41.949992]}, "properties": {"crash_id": "FIXTURECRASH00234", "date": "2018-12-24T16:16:00", "injury_severity": "reported_not_evident", "dooring": false, "hit_and_run": false, "crash_type": "REAR END", "lighting": "DAYLIGHT", "street": "2092 E DAMEN AVE", "ward": "43", "segment_id": "44", "data_tier": "real"}}, {"type": "Feature", "geometry": {"type": "Point", "coordinates": [-87.677998, 41.924494]}, "properties": {"crash_id": "FIXTURECRASH00235", "date": "2025-04-04T22:14:00", "injury_severity": "non_incapacitating", "dooring": false, "hit_and_run": false, "crash_type": "TURNING", "lighting": "DARKNESS, LIGHTED ROAD", "street": "2257 S DAMEN AVE", "ward": "38", "segment_id": null, "data_tier": "real"}}, {"type": "Feature", "geometry": {"type": "Point", "coordinates": [-87.686088, 41.922834]}, "properties": {"crash_id": "FIXTURECRASH00236", "date": "2026-01-13T21:59:00", "injury_severity": "non_incapacitating", "dooring": false, "hit_and_run": false, "crash_type": "ANGLE", "lighting": "DAYLIGHT", "street": "1761 S ELSTON AVE", "ward": "38", "segment_id": "103", "data_tier": "real"}}, {"type": "Feature", "geometry": {"type": "Point", "coordinates": [-87.63107, 41.896809]}, "properties": {"crash_id": "FIXTURECRASH00237", "date": "2024-07-20T00:48:00", "injury_severity": "reported_not_evident", "dooring": false, "hit_and_run": false, "crash_type": "PARKED MOTOR VEHICLE", "lighting": "DARKNESS, LIGHTED ROAD", "street": "4806 E RANDOM ST", "ward": "34", "segment_id": null, "data_tier": "real"}}, {"type": "Feature", "geometry": {"type": "Point", "coordinates": [-87.676507, 41.688733]}, "properties": {"crash_id": "FIXTURECRASH00238", "date": "2022-05-31T15:34:00", "injury_severity": "incapacitating", "dooring": false, "hit_and_run": false, "crash_type": "SIDESWIPE SAME DIRECTION", "lighting": "DAYLIGHT", "street": "3868 E RANDOM ST", "ward": "8", "segment_id": null, "data_tier": "real"}}, {"type": "Feature", "geometry": {"type": "Point", "coordinates": [-87.671869, 41.903374]}, "properties": {"crash_id": "FIXTURECRASH00239", "date": "2020-09-08T15:39:00", "injury_severity": "non_incapacitating", "dooring": false, "hit_and_run": false, "crash_type": "SIDESWIPE SAME DIRECTION", "lighting": "DARKNESS, LIGHTED ROAD", "street": "3149 E WOOD ST", "ward": "33", "segment_id": "158", "data_tier": "real"}}, {"type": "Feature", "geometry": {"type": "Point", "coordinates": [-87.581317, 41.900685]}, "properties": {"crash_id": "FIXTURECRASH00240", "date": "2025-10-01T08:51:00", "injury_severity": "non_incapacitating", "dooring": false, "hit_and_run": false, "crash_type": "PARKED MOTOR VEHICLE", "lighting": "DARKNESS, LIGHTED ROAD", "street": "1325 W RANDOM ST", "ward": "35", "segment_id": null, "data_tier": "real"}}, {"type": "Feature", "geometry": {"type": "Point", "coordinates": [-87.679388, 41.962768]}, "properties": {"crash_id": "FIXTURECRASH00241", "date": "2025-09-30T10:50:00", "injury_severity": "reported_not_evident", "dooring": false, "hit_and_run": true, "crash_type": "REAR END", "lighting": "DUSK", "street": "1438 N RANDOM ST", "ward": "43", "segment_id": null, "data_tier": "real"}}, {"type": "Feature", "geometry": {"type": "Point", "coordinates": [-87.730117, 41.96102]}, "properties": {"crash_id": "FIXTURECRASH00242", "date": "2021-07-11T00:26:00", "injury_severity": "non_incapacitating", "dooring": false, "hit_and_run": false, "crash_type": "FIXED OBJECT", "lighting": "DUSK", "street": "5417 S ELSTON AVE", "ward": "42", "segment_id": "114", "data_tier": "real"}}, {"type": "Feature", "geometry": {"type": "Point", "coordinates": [-87.755447, 41.784807]}, "properties": {"crash_id": "FIXTURECRASH00243", "date": "2024-10-01T04:55:00", "injury_severity": "non_incapacitating", "dooring": false, "hit_and_run": false, "crash_type": "TURNING", "lighting": "DARKNESS, LIGHTED ROAD", "street": "684 N RANDOM ST", "ward": "17", "segment_id": null, "data_tier": "real"}}, {"type": "Feature", "geometry": {"type": "Point", "coordinates": [-87.7195, 41.870046]}, "properties": {"crash_id": "FIXTURECRASH00244", "date": "2022-08-28T11:47:00", "injury_severity": "reported_not_evident", "dooring": false, "hit_and_run": false, "crash_type": "SIDESWIPE SAME DIRECTION", "lighting": "DARKNESS, LIGHTED ROAD", "street": "1124 S RANDOM ST", "ward": "32", "segment_id": null, "data_tier": "real"}}, {"type": "Feature", "geometry": {"type": "Point", "coordinates": [-87.67634, 41.879271]}, "properties": {"crash_id": "FIXTURECRASH00245", "date": "2018-04-09T00:49:00", "injury_severity": "non_incapacitating", "dooring": false, "hit_and_run": false, "crash_type": "PEDALCYCLIST", "lighting": "DAYLIGHT", "street": "5464 W DAMEN AVE", "ward": "33", "segment_id": "29", "data_tier": "real"}}, {"type": "Feature", "geometry": {"type": "Point", "coordinates": [-87.646028, 41.847406]}, "properties": {"crash_id": "FIXTURECRASH00246", "date": "2021-04-25T15:29:00", "injury_severity": "reported_not_evident", "dooring": false, "hit_and_run": false, "crash_type": "REAR END", "lighting": "DARKNESS, LIGHTED ROAD", "street": "4940 W HALSTED ST", "ward": "29", "segment_id": "50", "data_tier": "real"}}, {"type": "Feature", "geometry": {"type": "Point", "coordinates": [-87.775048, 41.823028]}, "properties": {"crash_id": "FIXTURECRASH00247", "date": "2018-09-02T14:19:00", "injury_severity": "non_incapacitating", "dooring": false, "hit_and_run": false, "crash_type": "ANGLE", "lighting": "DAYLIGHT", "street": "1216 E RANDOM ST", "ward": "22", "segment_id": null, "data_tier": "real"}}, {"type": "Feature", "geometry": {"type": "Point", "coordinates": [-87.586233, 41.769599]}, "properties": {"crash_id": "FIXTURECRASH00248", "date": "2017-09-30T17:23:00", "injury_severity": "non_incapacitating", "dooring": false, "hit_and_run": false, "crash_type": "REAR END", "lighting": "DARKNESS, LIGHTED ROAD", "street": "5391 W STONY ISLAND AVE", "ward": "19", "segment_id": "203", "data_tier": "real"}}, {"type": "Feature", "geometry": {"type": "Point", "coordinates": [-87.734083, 41.899057]}, "properties": {"crash_id": "FIXTURECRASH00249", "date": "2025-06-13T21:17:00", "injury_severity": "non_incapacitating", "dooring": false, "hit_and_run": false, "crash_type": "REAR END", "lighting": "DAYLIGHT", "street": "1594 S AUGUSTA BLVD", "ward": "32", "segment_id": "153", "data_tier": "real"}}, {"type": "Feature", "geometry": {"type": "Point", "coordinates": [-87.744188, 41.826958]}, "properties": {"crash_id": "FIXTURECRASH00250", "date": "2019-05-17T01:34:00", "injury_severity": "incapacitating", "dooring": false, "hit_and_run": false, "crash_type": "PEDALCYCLIST", "lighting": "DAYLIGHT", "street": "167 S RANDOM ST", "ward": "22", "segment_id": null, "data_tier": "real"}}, {"type": "Feature", "geometry": {"type": "Point", "coordinates": [-87.586003, 41.774241]}, "properties": {"crash_id": "FIXTURECRASH00251", "date": "2018-01-08T10:05:00", "injury_severity": "none", "dooring": false, "hit_and_run": false, "crash_type": "PEDALCYCLIST", "lighting": "DAYLIGHT", "street": "1587 S STONY ISLAND AVE", "ward": "19", "segment_id": "204", "data_tier": "real"}}, {"type": "Feature", "geometry": {"type": "Point", "coordinates": [-87.625502, 41.794997]}, "properties": {"crash_id": "FIXTURECRASH00252", "date": "2022-11-01T23:49:00", "injury_severity": "non_incapacitating", "dooring": false, "hit_and_run": false, "crash_type": "ANGLE", "lighting": "DARKNESS, LIGHTED ROAD", "street": "2746 S 55TH ST", "ward": "24", "segment_id": "131", "data_tier": "real"}}, {"type": "Feature", "geometry": {"type": "Point", "coordinates": [-87.628954, 41.876895]}, "properties": {"crash_id": "FIXTURECRASH00253", "date": "2025-02-21T06:07:00", "injury_severity": "non_incapacitating", "dooring": false, "hit_and_run": false, "crash_type": "TURNING", "lighting": "DAYLIGHT", "street": "3342 S DEARBORN ST", "ward": "34", "segment_id": "91", "data_tier": "real"}}, {"type": "Feature", "geometry": {"type": "Point", "coordinates": [-87.685027, 41.734514]}, "properties": {"crash_id": "FIXTURECRASH00254", "date": "2025-05-11T19:21:00", "injury_severity": "none", "dooring": false, "hit_and_run": false, "crash_type": "PEDALCYCLIST", "lighting": "DAYLIGHT", "street": "979 S RANDOM ST", "ward": "13", "segment_id": null, "data_tier": "real"}}, {"type": "Feature", "geometry": {"type": "Point", "coordinates": [-87.725336, 41.648114]}, "properties": {"crash_id": "FIXTURECRASH00255", "date": "2025-10-16T04:16:00", "injury_severity": "incapacitating", "dooring": false, "hit_and_run": false, "crash_type": "SIDESWIPE SAME DIRECTION", "lighting": "DARKNESS, LIGHTED ROAD", "street": "1654 S RANDOM ST", "ward": "2", "segment_id": null, "data_tier": "real"}}, {"type": "Feature", "geometry": {"type": "Point", "coordinates": [-87.64769, 41.908883]}, "properties": {"crash_id": "FIXTURECRASH00256", "date": "2021-10-13T14:00:00", "injury_severity": "none", "dooring": false, "hit_and_run": false, "crash_type": "SIDESWIPE SAME DIRECTION", "lighting": "DAYLIGHT", "street": "5180 S HALSTED ST", "ward": "39", "segment_id": "63", "data_tier": "real"}}, {"type": "Feature", "geometry": {"type": "Point", "coordinates": [-87.607377, 41.79491]}, "properties": {"crash_id": "FIXTURECRASH00257", "date": "2024-11-08T10:07:00", "injury_severity": "non_incapacitating", "dooring": false, "hit_and_run": false, "crash_type": "PEDALCYCLIST", "lighting": "DAYLIGHT", "street": "1755 N 55TH ST", "ward": "24", "segment_id": "128", "data_tier": "real"}}, {"type": "Feature", "geometry": {"type": "Point", "coordinates": [-87.619828, 41.759995]}, "properties": {"crash_id": "FIXTURECRASH00258", "date": "2024-06-17T22:04:00", "injury_severity": "incapacitating", "dooring": false, "hit_and_run": false, "crash_type": "ANGLE", "lighting": "DARKNESS, LIGHTED ROAD", "street": "597 E VINCENNES AVE", "ward": "19", "segment_id": "192", "data_tier": "real"}}, {"type": "Feature", "geometry": {"type": "Point", "coordinates": [-87.628952, 41.724472]}, "properties": {"crash_id": "FIXTURECRASH00259", "date": "2020-02-02T16:06:00", "injury_severity": "non_incapacitating", "dooring": false, "hit_and_run": false, "crash_type": "REAR END", "lighting": "DARKNESS, LIGHTED ROAD", "street": "2137 S VINCENNES AVE", "ward": "14", "segment_id": "184", "data_tier": "real"}}, {"type": "Feature", "geometry": {"type": "Point", "coordinates": [-87.618296, 41.76661]}, "properties": {"crash_id": "FIXTURECRASH00260", "date": "2019-09-09T17:25:00", "injury_severity": "reported_not_evident", "dooring": false, "hit_and_run": false, "crash_type": "ANGLE", "lighting": "DARKNESS, LIGHTED ROAD", "street": "2681 E VINCENNES AVE", "ward": "19", "segment_id": "193", "data_tier": "real"}}, {"type": "Feature", "geometry": {"type": "Point", "coordinates": [-87.651882, 41.952971]}, "properties": {"crash_id": "FIXTURECRASH00261", "date": "2020-07-07T11:28:00", "injury_severity": "reported_not_evident", "dooring": false, "hit_and_run": true, "crash_type": "PEDALCYCLIST", "lighting": "DAYLIGHT", "street": "1206 E CLARK ST", "ward": "44", "segment_id": null, "data_tier": "real"}}, {"type": "Feature", "geometry": {"type": "Point", "coordinates": [-87.578629, 41.998472]}, "properties": {"crash_id": "FIXTURECRASH00262", "date": "2023-11-16T16:35:00", "injury_severity": "reported_not_evident", "dooring": false, "hit_and_run": false, "crash_type": "ANGLE", "lighting": "DAYLIGHT", "street": "1233 E RANDOM ST", "ward": "50", "segment_id": null, "data_tier": "real"}}, {"type": "Feature", "geometry": {"type": "Point", "coordinates": [-87.667838, 41.889191]}, "properties": {"crash_id": "FIXTURECRASH00263", "date": "2025-10-12T10:50:00", "injury_severity": "reported_not_evident", "dooring": false, "hit_and_run": false, "crash_type": "PARKED MOTOR VEHICLE", "lighting": "DUSK", "street": "406 W KINZIE ST", "ward": "33", "segment_id": "121", "data_tier": "real"}}, {"type": "Feature", "geometry": {"type": "Point", "coordinates": [-87.595771, 41.685805]}, "properties": {"crash_id": "FIXTURECRASH00264", "date": "2026-01-19T20:54:00", "injury_severity": "reported_not_evident", "dooring": false, "hit_and_run": false, "crash_type": "FIXED OBJECT", "lighting": "DARKNESS, LIGHTED ROAD", "street": "2715 S RANDOM ST", "ward": "9", "segment_id": null, "data_tier": "real"}}, {"type": "Feature", "geometry": {"type": "Point", "coordinates": [-87.661775, 41.889003]}, "properties": {"crash_id": "FIXTURECRASH00265", "date": "2018-09-04T07:27:00", "injury_severity": "non_incapacitating", "dooring": false, "hit_and_run": false, "crash_type": "ANGLE", "lighting": "DAYLIGHT", "street": "503 W KINZIE ST", "ward": "33", "segment_id": "120", "data_tier": "real"}}, {"type": "Feature", "geometry": {"type": "Point", "coordinates": [-87.784624, 41.822751]}, "properties": {"crash_id": "FIXTURECRASH00266", "date": "2022-02-06T20:36:00", "injury_severity": "non_incapacitating", "dooring": false, "hit_and_run": true, "crash_type": "FIXED OBJECT", "lighting": "DARKNESS, LIGHTED ROAD", "street": "3623 E RANDOM ST", "ward": "21", "segment_id": null, "data_tier": "real"}}, {"type": "Feature", "geometry": {"type": "Point", "coordinates": [-87.64784, 41.944008]}, "properties": {"crash_id": "FIXTURECRASH00267", "date": "2026-04-19T09:10:00", "injury_severity": "non_incapacitating", "dooring": false, "hit_and_run": false, "crash_type": "PARKED MOTOR VEHICLE", "lighting": "DARKNESS, LIGHTED ROAD", "street": "2012 S CLARK ST", "ward": "44", "segment_id": "82", "data_tier": "real"}}, {"type": "Feature", "geometry": {"type": "Point", "coordinates": [-87.672246, 41.894336]}, "properties": {"crash_id": "FIXTURECRASH00268", "date": "2017-10-27T10:44:00", "injury_severity": "non_incapacitating", "dooring": false, "hit_and_run": false, "crash_type": "SIDESWIPE SAME DIRECTION", "lighting": "DAYLIGHT", "street": "1835 S WOOD ST", "ward": "33", "segment_id": "156", "data_tier": "real"}}, {"type": "Feature", "geometry": {"type": "Point", "coordinates": [-87.637225, 41.843467]}, "properties": {"crash_id": "FIXTURECRASH00269", "date": "2023-07-29T01:16:00", "injury_severity": "non_incapacitating", "dooring": false, "hit_and_run": false, "crash_type": "ANGLE", "lighting": "DUSK", "street": "168 N ARCHER AVE", "ward": "29", "segment_id": null, "data_tier": "real"}}, {"type": "Feature", "geometry": {"type": "Point", "coordinates": [-87.694824, 41.813251]}, "properties": {"crash_id": "FIXTURECRASH00270", "date": "2025-08-16T03:57:00", "injury_severity": "non_incapacitating", "dooring": false, "hit_and_run": false, "crash_type": "REAR END", "lighting": "DARKNESS, LIGHTED ROAD", "street": "3851 N ARCHER AVE", "ward": "23", "segment_id": "177", "data_tier": "real"}}, {"type": "Feature", "geometry": {"type": "Point", "coordinates": [-87.645927, 41.847211]}, "properties": {"crash_id": "FIXTURECRASH00271", "date": "2024-09-04T09:15:00", "injury_severity": "reported_not_evident", "dooring": false, "hit_and_run": false, "crash_type": "PEDALCYCLIST", "lighting": "DAYLIGHT", "street": "2395 S HALSTED ST", "ward": "29", "segment_id": "50", "data_tier": "real"}}, {"type": "Feature", "geometry": {"type": "Point", "coordinates": [-87.669883, 41.826318]}, "properties": {"crash_id": "FIXTURECRASH00272", "date": "2022-06-13T09:58:00", "injury_severity": "reported_not_evident", "dooring": false, "hit_and_run": false, "crash_type": "REAR END", "lighting": "DAYLIGHT", "street": "4534 S ARCHER AVE", "ward": "23", "segment_id": "173", "data_tier": "real"}}, {"type": "Feature", "geometry": {"type": "Point", "coordinates": [-87.8021, 42.010795]}, "properties": {"crash_id": "FIXTURECRASH00273", "date": "2024-01-01T05:20:00", "injury_severity": "incapacitating", "dooring": false, "hit_and_run": false, "crash_type": "FIXED OBJECT", "lighting": "DAYLIGHT", "street": "1292 N RANDOM ST", "ward": "46", "segment_id": null, "data_tier": "real"}}, {"type": "Feature", "geometry": {"type": "Point", "coordinates": [-87.63984, 41.952245]}, "properties": {"crash_id": "FIXTURECRASH00274", "date": "2025-12-12T08:09:00", "injury_severity": "none", "dooring": false, "hit_and_run": false, "crash_type": "ANGLE", "lighting": "DAYLIGHT", "street": "5061 S RANDOM ST", "ward": "44", "segment_id": null, "data_tier": "real"}}, {"type": "Feature", "geometry": {"type": "Point", "coordinates": [-87.604246, 41.794816]}, "properties": {"crash_id": "FIXTURECRASH00275", "date": "2025-08-26T20:23:00", "injury_severity": "non_incapacitating", "dooring": false, "hit_and_run": false, "crash_type": "SIDESWIPE SAME DIRECTION", "lighting": "DARKNESS, LIGHTED ROAD", "street": "364 W 55TH ST", "ward": "24", "segment_id": "128", "data_tier": "real"}}, {"type": "Feature", "geometry": {"type": "Point", "coordinates": [-87.544056, 41.665132]}, "properties": {"crash_id": "FIXTURECRASH00276", "date": "2022-08-05T19:31:00", "injury_severity": "none", "dooring": false, "hit_and_run": false, "crash_type": "SIDESWIPE SAME DIRECTION", "lighting": "DAYLIGHT", "street": "5080 W RANDOM ST", "ward": "5", "segment_id": null, "data_tier": "real"}}, {"type": "Feature", "geometry": {"type": "Point", "coordinates": [-87.672067, 41.905729]}, "properties": {"crash_id": "FIXTURECRASH00277", "date": "2025-11-29T01:35:00", "injury_severity": "non_incapacitating", "dooring": false, "hit_and_run": false, "crash_type": "FIXED OBJECT", "lighting": "DAYLIGHT", "street": "2594 E MILWAUKEE AVE", "ward": "33", "segment_id": "158", "data_tier": "real"}}, {"type": "Feature", "geometry": {"type": "Point", "coordinates": [-87.704885, 41.808075]}, "properties": {"crash_id": "FIXTURECRASH00278", "date": "2019-09-07T18:57:00", "injury_severity": "none", "dooring": false, "hit_and_run": true, "crash_type": "SIDESWIPE SAME DIRECTION", "lighting": "DARKNESS, LIGHTED ROAD", "street": "3816 S ARCHER AVE", "ward": "23", "segment_id": "179", "data_tier": "real"}}, {"type": "Feature", "geometry": {"type": "Point", "coordinates": [-87.812326, 41.686947]}, "properties": {"crash_id": "FIXTURECRASH00279", "date": "2022-09-15T20:23:00", "injury_severity": "non_incapacitating", "dooring": false, "hit_and_run": false, "crash_type": "SIDESWIPE SAME DIRECTION", "lighting": "DARKNESS, LIGHTED ROAD", "street": "3217 N RANDOM ST", "ward": "6", "segment_id": null, "data_tier": "real"}}, {"type": "Feature", "geometry": {"type": "Point", "coordinates": [-87.615024, 41.707969]}, "properties": {"crash_id": "FIXTURECRASH00280", "date": "2022-05-16T09:19:00", "injury_severity": "none", "dooring": false, "hit_and_run": false, "crash_type": "SIDESWIPE SAME DIRECTION", "lighting": "DAYLIGHT", "street": "1761 N RANDOM ST", "ward": "9", "segment_id": null, "data_tier": "real"}}, {"type": "Feature", "geometry": {"type": "Point", "coordinates": [-87.726023, 41.940007]}, "properties": {"crash_id": "FIXTURECRASH00281", "date": "2024-04-08T21:30:00", "injury_severity": "reported_not_evident", "dooring": false, "hit_and_run": false, "crash_type": "PEDALCYCLIST", "lighting": "DUSK", "street": "4583 E MILWAUKEE AVE", "ward": "37", "segment_id": "20", "data_tier": "real"}}, {"type": "Feature", "geometry": {"type": "Point", "coordinates": [-87.689919, 41.81614]}, "properties": {"crash_id": "FIXTURECRASH00282", "date": "2025-02-23T18:53:00", "injury_severity": "reported_not_evident", "dooring": false, "hit_and_run": false, "crash_type": "PEDALCYCLIST", "lighting": "DAYLIGHT", "street": "1421 E ARCHER AVE", "ward": "23", "segment_id": "176", "data_tier": "real"}}, {"type": "Feature", "geometry": {"type": "Point", "coordinates": [-87.838173, 41.776872]}, "properties": {"crash_id": "FIXTURECRASH00283", "date": "2026-04-14T09:20:00", "injury_severity": "non_incapacitating", "dooring": false, "hit_and_run": true, "crash_type": "PARKED MOTOR VEHICLE", "lighting": "DAYLIGHT", "street": "3956 S RANDOM ST", "ward": "16", "segment_id": null, "data_tier": "real"}}, {"type": "Feature", "geometry": {"type": "Point", "coordinates": [-87.671814, 41.88746]}, "properties": {"crash_id": "FIXTURECRASH00284", "date": "2024-09-20T16:05:00", "injury_severity": "reported_not_evident", "dooring": false, "hit_and_run": false, "crash_type": "REAR END", "lighting": "DAYLIGHT", "street": "2227 E WOOD ST", "ward": "33", "segment_id": "154", "data_tier": "real"}}, {"type": "Feature", "geometry": {"type": "Point", "coordinates": [-87.648394, 41.934034]}, "properties": {"crash_id": "FIXTURECRASH00285", "date": "2019-11-02T00:07:00", "injury_severity": "incapacitating", "dooring": false, "hit_and_run": false, "crash_type": "PARKED MOTOR VEHICLE", "lighting": "DAYLIGHT", "street": "3491 N HALSTED ST", "ward": "39", "segment_id": "69", "data_tier": "real"}}, {"type": "Feature", "geometry": {"type": "Point", "coordinates": [-87.628937, 41.897796]}, "properties": {"crash_id": "FIXTURECRASH00286", "date": "2023-11-01T10:49:00", "injury_severity": "fatal", "dooring": false, "hit_and_run": false, "crash_type": "TURNING", "lighting": "DAYLIGHT", "street": "338 S DEARBORN ST", "ward": "34", "segment_id": "96", "data_tier": "real"}}, {"type": "Feature", "geometry": {"type": "Point", "coordinates": [-87.607546, 41.794802]}, "properties": {"crash_id": "FIXTURECRASH00287", "date": "2023-09-09T10:29:00", "injury_severity": "non_incapacitating", "dooring": false, "hit_and_run": false, "crash_type": "PEDALCYCLIST", "lighting": "DARKNESS, LIGHTED ROAD", "street": "2684 N 55TH ST", "ward": "24", "segment_id": "128", "data_tier": "real"}}, {"type": "Feature", "geometry": {"type": "Point", "coordinates": [-87.839713, 41.746575]}, "properties": {"crash_id": "FIXTURECRASH00288", "date": "2021-11-15T20:34:00", "injury_severity": "non_incapacitating", "dooring": false, "hit_and_run": false, "crash_type": "SIDESWIPE SAME DIRECTION", "lighting": "DAYLIGHT", "street": "2625 E RANDOM ST", "ward": "11", "segment_id": null, "data_tier": "real"}}, {"type": "Feature", "geometry": {"type": "Point", "coordinates": [-87.576279, 41.781202]}, "properties": {"crash_id": "FIXTURECRASH00289", "date": "2021-01-22T06:33:00", "injury_severity": "non_incapacitating", "dooring": false, "hit_and_run": false, "crash_type": "TURNING", "lighting": "DAYLIGHT", "street": "304 W RANDOM ST", "ward": "20", "segment_id": null, "data_tier": "real"}}, {"type": "Feature", "geometry": {"type": "Point", "coordinates": [-87.594074, 41.838979]}, "properties": {"crash_id": "FIXTURECRASH00290", "date": "2019-04-10T03:52:00", "injury_severity": "reported_not_evident", "dooring": false, "hit_and_run": false, "crash_type": "ANGLE", "lighting": "DAYLIGHT", "street": "4379 N RANDOM ST", "ward": "29", "segment_id": null, "data_tier": "real"}}, {"type": "Feature", "geometry": {"type": "Point", "coordinates": [-87.652852, 41.891349]}, "properties": {"crash_id": "FIXTURECRASH00291", "date": "2021-03-03T00:36:00", "injury_severity": "none", "dooring": false, "hit_and_run": false, "crash_type": "ANGLE", "lighting": "DAYLIGHT", "street": "4460 E MILWAUKEE AVE", "ward": "33", "segment_id": "3", "data_tier": "real"}}, {"type": "Feature", "geometry": {"type": "Point", "coordinates": [-87.67606, 41.870167]}, "properties": {"crash_id": "FIXTURECRASH00292", "date": "2018-10-25T06:34:00", "injury_severity": "non_incapacitating", "dooring": false, "hit_and_run": false, "crash_type": "TURNING", "lighting": "DAYLIGHT", "street": "683 E DAMEN AVE", "ward": "33", "segment_id": "27", "data_tier": "real"}}, {"type": "Feature", "geometry": {"type": "Point", "coordinates": [-87.642463, 41.841065]}, "properties": {"crash_id": "FIXTURECRASH00293", "date": "2022-06-13T12:11:00", "injury_severity": "none", "dooring": false, "hit_and_run": false, "crash_type": "REAR END", "lighting": "DARKNESS, LIGHTED ROAD", "street": "1723 N ARCHER AVE", "ward": "29", "segment_id": "167", "data_tier": "real"}}, {"type": "Feature", "geometry": {"type": "Point", "coordinates": [-87.629243, 41.892935]}, "properties": {"crash_id": "FIXTURECRASH00294", "date": "2022-12-11T07:14:00", "injury_severity": "non_incapacitating", "dooring": false, "hit_and_run": false, "crash_type": "REAR END", "lighting": "DAYLIGHT", "street": "5549 E DEARBORN ST", "ward": "34", "segment_id": "94", "data_tier": "real"}}, {"type": "Feature", "geometry": {"type": "Point", "coordinates": [-87.719973, 41.95242]}, "properties": {"crash_id": "FIXTURECRASH00295", "date": "2026-04-12T11:38:00", "injury_severity": "reported_not_evident", "dooring": false, "hit_and_run": false, "crash_type": "PEDALCYCLIST", "lighting": "DARKNESS, LIGHTED ROAD", "street": "681 E ELSTON AVE", "ward": "42", "segment_id": "111", "data_tier": "real"}}, {"type": "Feature", "geometry": {"type": "Point", "coordinates": [-87.675414, 41.899131]}, "properties": {"crash_id": "FIXTURECRASH00296", "date": "2021-06-27T06:52:00", "injury_severity": "none", "dooring": false, "hit_and_run": false, "crash_type": "PARKED MOTOR VEHICLE", "lighting": "DARKNESS, LIGHTED ROAD", "street": "2034 S AUGUSTA BLVD", "ward": "33", "segment_id": "143", "data_tier": "real"}}, {"type": "Feature", "geometry": {"type": "Point", "coordinates": [-87.64072, 41.794764]}, "properties": {"crash_id": "FIXTURECRASH00297", "date": "2019-08-23T09:25:00", "injury_severity": "incapacitating", "dooring": false, "hit_and_run": false, "crash_type": "FIXED OBJECT", "lighting": "DUSK", "street": "5508 N 55TH ST", "ward": "24", "segment_id": "134", "data_tier": "real"}}, {"type": "Feature", "geometry": {"type": "Point", "coordinates": [-87.634394, 41.794864]}, "properties": {"crash_id": "FIXTURECRASH00298", "date": "2019-11-11T06:43:00", "injury_severity": "non_incapacitating", "dooring": false, "hit_and_run": false, "crash_type": "PARKED MOTOR VEHICLE", "lighting": "DAYLIGHT", "street": "2920 N 55TH ST", "ward": "24", "segment_id": "132", "data_tier": "real"}}, {"type": "Feature", "geometry": {"type": "Point", "coordinates": [-87.552645, 41.663716]}, "properties": {"crash_id": "FIXTURECRASH00299", "date": "2018-04-06T00:45:00", "injury_severity": "reported_not_evident", "dooring": false, "hit_and_run": false, "crash_type": "TURNING", "lighting": "DAYLIGHT", "street": "5852 W RANDOM ST", "ward": "5", "segment_id": null, "data_tier": "real"}}, {"type": "Feature", "geometry": {"type": "Point", "coordinates": [-87.640364, 41.924179]}, "properties": {"crash_id": "FIXTURECRASH00300", "date": "2021-12-24T11:53:00", "injury_severity": "non_incapacitating", "dooring": false, "hit_and_run": true, "crash_type": "PARKED MOTOR VEHICLE", "lighting": "DAYLIGHT", "street": "228 S CLARK ST", "ward": "39", "segment_id": "78", "data_tier": "real"}}, {"type": "Feature", "geometry": {"type": "Point", "coordinates": [-87.586294, 41.769727]}, "properties": {"crash_id": "FIXTURECRASH00301", "date": "2025-06-19T19:59:00", "injury_severity": "reported_not_evident", "dooring": false, "hit_and_run": false, "crash_type": "SIDESWIPE SAME DIRECTION", "lighting": "DARKNESS, LIGHTED ROAD", "street": "3251 E STONY ISLAND AVE", "ward": "19", "segment_id": "203", "data_tier": "real"}}, {"type": "Feature", "geometry": {"type": "Point", "coordinates": [-87.684429, 41.729965]}, "properties": {"crash_id": "FIXTURECRASH00302", "date": "2022-04-10T17:36:00", "injury_severity": "non_incapacitating", "dooring": true, "hit_and_run": false, "crash_type": "PEDALCYCLIST", "lighting": "DUSK", "street": "4853 W RANDOM ST", "ward": "13", "segment_id": null, "data_tier": "real"}}, {"type": "Feature", "geometry": {"type": "Point", "coordinates": [-87.718354, 41.899129]}, "properties": {"crash_id": "FIXTURECRASH00303", "date": "2025-12-25T21:42:00", "injury_severity": "non_incapacitating", "dooring": false, "hit_and_run": true, "crash_type": "REAR END", "lighting": "DUSK", "street": "2914 N AUGUSTA BLVD", "ward": "32", "segment_id": "150", "data_tier": "real"}}, {"type": "Feature", "geometry": {"type": "Point", "coordinates": [-87.585953, 41.760446]}, "properties": {"crash_id": "FIXTURECRASH00304", "date": "2024-05-14T23:19:00", "injury_severity": "none", "dooring": false, "hit_and_run": false, "crash_type": "TURNING", "lighting": "DAYLIGHT", "street": "522 E STONY ISLAND AVE", "ward": "20", "segment_id": "201", "data_tier": "real"}}, {"type": "Feature", "geometry": {"type": "Point", "coordinates": [-87.666271, 41.899065]}, "properties": {"crash_id": "FIXTURECRASH00305", "date": "2019-02-25T19:17:00", "injury_severity": "non_incapacitating", "dooring": false, "hit_and_run": false, "crash_type": "PEDALCYCLIST", "lighting": "DAYLIGHT", "street": "1338 W AUGUSTA BLVD", "ward": "33", "segment_id": "142", "data_tier": "real"}}, {"type": "Feature", "geometry": {"type": "Point", "coordinates": [-87.73686, 41.967565]}, "properties": {"crash_id": "FIXTURECRASH00306", "date": "2018-08-12T04:38:00", "injury_severity": "non_incapacitating", "dooring": false, "hit_and_run": false, "crash_type": "PARKED MOTOR VEHICLE", "lighting": "DARKNESS, LIGHTED ROAD", "street": "5323 S RANDOM ST", "ward": "42", "segment_id": "116", "data_tier": "real"}}, {"type": "Feature", "geometry": {"type": "Point", "coordinates": [-87.794692, 41.684078]}, "properties": {"crash_id": "FIXTURECRASH00307", "date": "2022-02-20T15:19:00", "injury_severity": "reported_not_evident", "dooring": false, "hit_and_run": false, "crash_type": "PARKED MOTOR VEHICLE", "lighting": "DARKNESS, LIGHTED ROAD", "street": "3295 W RANDOM ST", "ward": "6", "segment_id": null, "data_tier": "real"}}, {"type": "Feature", "geometry": {"type": "Point", "coordinates": [-87.626097, 41.810552]}, "properties": {"crash_id": "FIXTURECRASH00308", "date": "2023-08-12T21:02:00", "injury_severity": "non_incapacitating", "dooring": false, "hit_and_run": false, "crash_type": "FIXED OBJECT", "lighting": "DAYLIGHT", "street": "2333 E RANDOM ST", "ward": "24", "segment_id": null, "data_tier": "real"}}, {"type": "Feature", "geometry": {"type": "Point", "coordinates": [-87.607677, 41.924655]}, "properties": {"crash_id": "FIXTURECRASH00309", "date": "2024-04-08T06:33:00", "injury_severity": "non_incapacitating", "dooring": false, "hit_and_run": false, "crash_type": "ANGLE", "lighting": "DAYLIGHT", "street": "656 N RANDOM ST", "ward": "39", "segment_id": null, "data_tier": "real"}}, {"type": "Feature", "geometry": {"type": "Point", "coordinates": [-87.628963, 41.879241]}, "properties": {"crash_id": "FIXTURECRASH00310", "date": "2018-09-12T01:38:00", "injury_severity": "none", "dooring": false, "hit_and_run": false, "crash_type": "ANGLE", "lighting": "DUSK", "street": "807 S DEARBORN ST", "ward": "34", "segment_id": "92", "data_tier": "real"}}, {"type": "Feature", "geometry": {"type": "Point", "coordinates": [-87.628912, 41.878921]}, "properties": {"crash_id": "FIXTURECRASH00311", "date": "2024-10-30T14:59:00", "injury_severity": "non_incapacitating", "dooring": false, "hit_and_run": false, "crash_type": "FIXED OBJECT", "lighting": "DAYLIGHT", "street": "2371 N DEARBORN ST", "ward": "34", "segment_id": "91", "data_tier": "real"}}, {"type": "Feature", "geometry": {"type": "Point", "coordinates": [-87.678037, 41.94085]}, "properties": {"crash_id": "FIXTURECRASH00312", "date": "2022-01-26T05:41:00", "injury_severity": "reported_not_evident", "dooring": false, "hit_and_run": false, "crash_type": "REAR END", "lighting": "DARKNESS, LIGHTED ROAD", "street": "3717 E DAMEN AVE", "ward": "38", "segment_id": "42", "data_tier": "real"}}, {"type": "Feature", "geometry": {"type": "Point", "coordinates": [-87.607279, 41.794997]}, "properties": {"crash_id": "FIXTURECRASH00313", "date": "2018-02-02T21:24:00", "injury_severity": "non_incapacitating", "dooring": false, "hit_and_run": false, "crash_type": "TURNING", "lighting": "DARKNESS, LIGHTED ROAD", "street": "4119 W 55TH ST", "ward": "24", "segment_id": "128", "data_tier": "real"}}, {"type": "Feature", "geometry": {"type": "Point", "coordinates": [-87.615646, 41.777791]}, "properties": {"crash_id": "FIXTURECRASH00314", "date": "2023-09-02T11:21:00", "injury_severity": "none", "dooring": false, "hit_and_run": false, "crash_type": "PEDALCYCLIST", "lighting": "DAYLIGHT", "street": "2885 N VINCENNES AVE", "ward": "19", "segment_id": "196", "data_tier": "real"}}, {"type": "Feature", "geometry": {"type": "Point", "coordinates": [-87.751373, 41.891079]}, "properties": {"crash_id": "FIXTURECRASH00315", "date": "2022-01-15T03:40:00", "injury_severity": "none", "dooring": false, "hit_and_run": true, "crash_type": "PEDALCYCLIST", "lighting": "DARKNESS, LIGHTED ROAD", "street": "307 S RANDOM ST", "ward": "32", "segment_id": null, "data_tier": "real"}}, {"type": "Feature", "geometry": {"type": "Point", "coordinates": [-87.586007, 41.771842]}, "properties": {"crash_id": "FIXTURECRASH00316", "date": "2021-06-21T01:21:00", "injury_severity": "none", "dooring": true, "hit_and_run": false, "crash_type": "PEDALCYCLIST", "lighting": "DAYLIGHT", "street": "4495 S STONY ISLAND AVE", "ward": "19", "segment_id": "204", "data_tier": "real"}}, {"type": "Feature", "geometry": {"type": "Point", "coordinates": [-87.706605, 41.928623]}, "properties": {"crash_id": "FIXTURECRASH00317", "date": "2020-05-22T22:41:00", "injury_severity": "non_incapacitating", "dooring": true, "hit_and_run": false, "crash_type": "FIXED OBJECT", "lighting": "DAYLIGHT", "street": "1498 N MILWAUKEE AVE", "ward": "38", "segment_id": "16", "data_tier": "real"}}, {"type": "Feature", "geometry": {"type": "Point", "coordinates": [-87.582198, 41.80196]}, "properties": {"crash_id": "FIXTURECRASH00318", "date": "2025-12-10T21:25:00", "injury_severity": "non_incapacitating", "dooring": false, "hit_and_run": false, "crash_type": "FIXED OBJECT", "lighting": "DUSK", "street": "1846 N RANDOM ST", "ward": "25", "segment_id": null, "data_tier": "real"}}, {"type": "Feature", "geometry": {"type": "Point", "coordinates": [-87.646371, 41.888943]}, "properties": {"crash_id": "FIXTURECRASH00319", "date": "2022-08-02T07:59:00", "injury_severity": "reported_not_evident", "dooring": true, "hit_and_run": true, "crash_type": "PEDALCYCLIST", "lighting": "DUSK", "street": "4089 N KINZIE ST", "ward": "34", "segment_id": "118", "data_tier": "real"}}, {"type": "Feature", "geometry": {"type": "Point", "coordinates": [-87.586115, 41.774058]}, "properties": {"crash_id": "FIXTURECRASH00320", "date": "2024-11-03T08:33:00", "injury_severity": "reported_not_evident", "dooring": false, "hit_and_run": false, "crash_type": "ANGLE", "lighting": "DUSK", "street": "4195 N STONY ISLAND AVE", "ward": "19", "segment_id": "204", "data_tier": "real"}}, {"type": "Feature", "geometry": {"type": "Point", "coordinates": [-87.669476, 41.898803]}, "properties": {"crash_id": "FIXTURECRASH00321", "date": "2023-09-20T16:14:00", "injury_severity": "reported_not_evident", "dooring": false, "hit_and_run": false, "crash_type": "FIXED OBJECT", "lighting": "DAYLIGHT", "street": "1322 W AUGUSTA BLVD", "ward": "33", "segment_id": "142", "data_tier": "real"}}, {"type": "Feature", "geometry": {"type": "Point", "coordinates": [-87.652025, 41.888877]}, "properties": {"crash_id": "FIXTURECRASH00322", "date": "2026-03-04T14:02:00", "injury_severity": "non_incapacitating", "dooring": false, "hit_and_run": false, "crash_type": "REAR END", "lighting": "DAYLIGHT", "street": "1050 N KINZIE ST", "ward": "33", "segment_id": "118", "data_tier": "real"}}, {"type": "Feature", "geometry": {"type": "Point", "coordinates": [-87.684913, 41.818538]}, "properties": {"crash_id": "FIXTURECRASH00323", "date": "2020-03-21T03:15:00", "injury_severity": "none", "dooring": false, "hit_and_run": false, "crash_type": "ANGLE", "lighting": "DARKNESS, LIGHTED ROAD", "street": "4068 N ARCHER AVE", "ward": "23", "segment_id": "175", "data_tier": "real"}}, {"type": "Feature", "geometry": {"type": "Point", "coordinates": [-87.648143, 41.91116]}, "properties": {"crash_id": "FIXTURECRASH00324", "date": "2020-09-09T06:21:00", "injury_severity": "non_incapacitating", "dooring": true, "hit_and_run": true, "crash_type": "REAR END", "lighting": "DAYLIGHT", "street": "3913 W HALSTED ST", "ward": "39", "segment_id": "64", "data_tier": "real"}}, {"type": "Feature", "geometry": {"type": "Point", "coordinates": [-87.648196, 41.88244]}, "properties": {"crash_id": "FIXTURECRASH00325", "date": "2019-07-29T18:35:00", "injury_severity": "non_incapacitating", "dooring": false, "hit_and_run": false, "crash_type": "PARKED MOTOR VEHICLE", "lighting": "DARKNESS, LIGHTED ROAD", "street": "3890 E RANDOM ST", "ward": "34", "segment_id": null, "data_tier": "real"}}, {"type": "Feature", "geometry": {"type": "Point", "coordinates": [-87.638876, 41.9201]}, "properties": {"crash_id": "FIXTURECRASH00326", "date": "2022-05-09T01:02:00", "injury_severity": "reported_not_evident", "dooring": false, "hit_and_run": false, "crash_type": "REAR END", "lighting": "DAYLIGHT", "street": "5806 N CLARK ST", "ward": "39", "segment_id": "77", "data_tier": "real"}}, {"type": "Feature", "geometry": {"type": "Point", "coordinates": [-87.752389, 41.690431]}, "properties": {"crash_id": "FIXTURECRASH00327", "date": "2024-12-05T02:01:00", "injury_severity": "reported_not_evident", "dooring": false, "hit_and_run": false, "crash_type": "ANGLE", "lighting": "DARKNESS, LIGHTED ROAD", "street": "3826 W RANDOM ST", "ward": "7", "segment_id": null, "data_tier": "real"}}, {"type": "Feature", "geometry": {"type": "Point", "coordinates": [-87.618887, 41.764634]}, "properties": {"crash_id": "FIXTURECRASH00328", "date": "2021-12-25T22:21:00", "injury_severity": "reported_not_evident", "dooring": true, "hit_and_run": false, "crash_type": "SIDESWIPE SAME DIRECTION", "lighting": "DAYLIGHT", "street": "1796 N VINCENNES AVE", "ward": "19", "segment_id": "193", "data_tier": "real"}}, {"type": "Feature", "geometry": {"type": "Point", "coordinates": [-87.718118, 41.950656]}, "properties": {"crash_id": "FIXTURECRASH00329", "date": "2019-08-19T20:35:00", "injury_severity": "none", "dooring": false, "hit_and_run": false, "crash_type": "FIXED OBJECT", "lighting": "DAYLIGHT", "street": "1030 W ELSTON AVE", "ward": "42", "segment_id": "111", "data_tier": "real"}}, {"type": "Feature", "geometry": {"type": "Point", "coordinates": [-87.629132, 41.888415]}, "properties": {"crash_id": "FIXTURECRASH00330", "date": "2018-05-18T11:22:00", "injury_severity": "reported_not_evident", "dooring": false, "hit_and_run": false, "crash_type": "REAR END", "lighting": "DAYLIGHT", "street": "4465 E DEARBORN ST", "ward": "34", "segment_id": "93", "data_tier": "real"}}, {"type": "Feature", "geometry": {"type": "Point", "coordinates": [-87.645714, 41.888919]}, "properties": {"crash_id": "FIXTURECRASH00331", "date": "2018-11-22T05:17:00", "injury_severity": "non_incapacitating", "dooring": false, "hit_and_run": false, "crash_type": "SIDESWIPE SAME DIRECTION", "lighting": "DAYLIGHT", "street": "285 E KINZIE ST", "ward": "34", "segment_id": "117", "data_tier": "real"}}, {"type": "Feature", "geometry": {"type": "Point", "coordinates": [-87.618873, 41.764531]}, "properties": {"crash_id": "FIXTURECRASH00332", "date": "2017-11-30T07:53:00", "injury_severity": "reported_not_evident", "dooring": false, "hit_and_run": false, "crash_type": "SIDESWIPE SAME DIRECTION", "lighting": "DUSK", "street": "2773 W VINCENNES AVE", "ward": "19", "segment_id": "193", "data_tier": "real"}}, {"type": "Feature", "geometry": {"type": "Point", "coordinates": [-87.647115, 41.888419]}, "properties": {"crash_id": "FIXTURECRASH00333", "date": "2023-02-05T11:18:00", "injury_severity": "none", "dooring": false, "hit_and_run": false, "crash_type": "ANGLE", "lighting": "DAYLIGHT", "street": "5167 S HALSTED ST", "ward": "34", "segment_id": "59", "data_tier": "real"}}, {"type": "Feature", "geometry": {"type": "Point", "coordinates": [-87.67614, 41.874741]}, "properties": {"crash_id": "FIXTURECRASH00334", "date": "2022-08-11T08:23:00", "injury_severity": "non_incapacitating", "dooring": false, "hit_and_run": false, "crash_type": "FIXED OBJECT", "lighting": "DAYLIGHT", "street": "3773 S DAMEN AVE", "ward": "33", "segment_id": "28", "data_tier": "real"}}, {"type": "Feature", "geometry": {"type": "Point", "coordinates": [-87.543822, 42.00016]}, "properties": {"crash_id": "FIXTURECRASH00335", "date": "2019-06-02T00:47:00", "injury_severity": "reported_not_evident", "dooring": false, "hit_and_run": false, "crash_type": "TURNING", "lighting": "DAYLIGHT", "street": "4799 S RANDOM ST", "ward": "50", "segment_id": null, "data_tier": "real"}}, {"type": "Feature", "geometry": {"type": "Point", "coordinates": [-87.80399, 41.982066]}, "properties": {"crash_id": "FIXTURECRASH00336", "date": "2023-11-05T03:19:00", "injury_severity": "incapacitating", "dooring": false, "hit_and_run": true, "crash_type": "PARKED MOTOR VEHICLE", "lighting": "DAYLIGHT", "street": "550 S RANDOM ST", "ward": "46", "segment_id": null, "data_tier": "real"}}, {"type": "Feature", "geometry": {"type": "Point", "coordinates": [-87.595179, 41.795133]}, "properties": {"crash_id": "FIXTURECRASH00337", "date": "2023-03-02T10:38:00", "injury_severity": "reported_not_evident", "dooring": false, "hit_and_run": false, "crash_type": "PEDALCYCLIST", "lighting": "DAYLIGHT", "street": "3603 E 55TH ST", "ward": "24", "segment_id": "126", "data_tier": "real"}}, {"type": "Feature", "geometry": {"type": "Point", "coordinates": [-87.594782, 41.79506]}, "properties": {"crash_id": "FIXTURECRASH00338", "date": "2025-12-25T13:51:00", "injury_severity": "reported_not_evident", "dooring": false, "hit_and_run": false, "crash_type": "PARKED MOTOR VEHICLE", "lighting": "DARKNESS, LIGHTED ROAD", "street": "4998 N 55TH ST", "ward": "24", "segment_id": "126", "data_tier": "real"}}, {"type": "Feature", "geometry": {"type": "Point", "coordinates": [-87.725995, 41.864458]}, "properties": {"crash_id": "FIXTURECRASH00339", "date": "2017-09-28T13:40:00", "injury_severity": "non_incapacitating", "dooring": false, "hit_and_run": false, "crash_type": "REAR END", "lighting": "DARKNESS, LIGHTED ROAD", "street": "3227 E RANDOM ST", "ward": "27", "segment_id": null, "data_tier": "real"}}, {"type": "Feature", "geometry": {"type": "Point", "coordinates": [-87.622422, 41.795009]}, "properties": {"crash_id": "FIXTURECRASH00340", "date": "2020-08-11T09:40:00", "injury_severity": "reported_not_evident", "dooring": false, "hit_and_run": false, "crash_type": "FIXED OBJECT", "lighting": "DAYLIGHT", "street": "5734 S 55TH ST", "ward": "24", "segment_id": "130", "data_tier": "real"}}, {"type": "Feature", "geometry": {"type": "Point", "coordinates": [-87.672187, 41.91492]}, "properties": {"crash_id": "FIXTURECRASH00341", "date": "2023-01-02T22:52:00", "injury_severity": "non_incapacitating", "dooring": false, "hit_and_run": false, "crash_type": "FIXED OBJECT", "lighting": "DUSK", "street": "579 S WOOD ST", "ward": "38", "segment_id": "160", "data_tier": "real"}}, {"type": "Feature", "geometry": {"type": "Point", "coordinates": [-87.712341, 41.94528]}, "properties": {"crash_id": "FIXTURECRASH00342", "date": "2018-03-19T09:18:00", "injury_severity": "reported_not_evident", "dooring": false, "hit_and_run": false, "crash_type": "PEDALCYCLIST", "lighting": "DARKNESS, LIGHTED ROAD", "street": "874 S ELSTON AVE", "ward": "43", "segment_id": null, "data_tier": "real"}}, {"type": "Feature", "geometry": {"type": "Point", "coordinates": [-87.672026, 41.910218]}, "properties": {"crash_id": "FIXTURECRASH00343", "date": "2023-06-24T09:23:00", "injury_severity": "none", "dooring": false, "hit_and_run": false, "crash_type": "TURNING", "lighting": "DAYLIGHT", "street": "1911 S WOOD ST", "ward": "38", "segment_id": "159", "data_tier": "real"}}, {"type": "Feature", "geometry": {"type": "Point", "coordinates": [-87.676829, 41.886106]}, "properties": {"crash_id": "FIXTURECRASH00344", "date": "2023-01-17T11:19:00", "injury_severity": "none", "dooring": false, "hit_and_run": false, "crash_type": "PARKED MOTOR VEHICLE", "lighting": "DARKNESS, LIGHTED ROAD", "street": "2902 S DAMEN AVE", "ward": "33", "segment_id": null, "data_tier": "real"}}, {"type": "Feature", "geometry": {"type": "Point", "coordinates": [-87.77523, 41.694097]}, "properties": {"crash_id": "FIXTURECRASH00345", "date": "2019-01-27T06:08:00", "injury_severity": "non_incapacitating", "dooring": false, "hit_and_run": false, "crash_type": "PARKED MOTOR VEHICLE", "lighting": "DAYLIGHT", "street": "3632 N RANDOM ST", "ward": "7", "segment_id": null, "data_tier": "real"}}, {"type": "Feature", "geometry": {"type": "Point", "coordinates": [-87.628891, 41.870183]}, "properties": {"crash_id": "FIXTURECRASH00346", "date": "2026-02-16T03:50:00", "injury_severity": "non_incapacitating", "dooring": false, "hit_and_run": false, "crash_type": "ANGLE", "lighting": "DUSK", "street": "339 N DEARBORN ST", "ward": "34", "segment_id": "90", "data_tier": "real"}}, {"type": "Feature", "geometry": {"type": "Point", "coordinates": [-87.73398, 41.898987]}, "properties": {"crash_id": "FIXTURECRASH00347", "date": "2024-01-23T02:06:00", "injury_severity": "reported_not_evident", "dooring": false, "hit_and_run": false, "crash_type": "REAR END", "lighting": "DAYLIGHT", "street": "4500 N AUGUSTA BLVD", "ward": "32", "segment_id": "153", "data_tier": "real"}}, {"type": "Feature", "geometry": {"type": "Point", "coordinates": [-87.647903, 41.908883]}, "properties": {"crash_id": "FIXTURECRASH00348", "date": "2021-08-24T12:27:00", "injury_severity": "non_incapacitating", "dooring": false, "hit_and_run": false, "crash_type": "SIDESWIPE SAME DIRECTION", "lighting": "DAYLIGHT", "street": "4357 S HALSTED ST", "ward": "39", "segment_id": "63", "data_tier": "real"}}, {"type": "Feature", "geometry": {"type": "Point", "coordinates": [-87.677325, 41.924744]}, "properties": {"crash_id": "FIXTURECRASH00349", "date": "2021-03-01T21:53:00", "injury_severity": "reported_not_evident", "dooring": false, "hit_and_run": false, "crash_type": "SIDESWIPE SAME DIRECTION", "lighting": "DAYLIGHT", "street": "3996 E DAMEN AVE", "ward": "38", "segment_id": "38", "data_tier": "real"}}, {"type": "Feature", "geometry": {"type": "Point", "coordinates": [-87.647377, 41.838481]}, "properties": {"crash_id": "FIXTURECRASH00350", "date": "2025-06-17T18:06:00", "injury_severity": "none", "dooring": false, "hit_and_run": false, "crash_type": "ANGLE", "lighting": "DAYLIGHT", "street": "4973 W ARCHER AVE", "ward": "29", "segment_id": "168", "data_tier": "real"}}, {"type": "Feature", "geometry": {"type": "Point", "coordinates": [-87.538736, 41.944374]}, "properties": {"crash_id": "FIXTURECRASH00351", "date": "2021-08-29T15:42:00", "injury_severity": "reported_not_evident", "dooring": false, "hit_and_run": false, "crash_type": "SIDESWIPE SAME DIRECTION", "lighting": "DARKNESS, LIGHTED ROAD", "street": "985 N RANDOM ST", "ward": "45", "segment_id": null, "data_tier": "real"}}, {"type": "Feature", "geometry": {"type": "Point", "coordinates": [-87.648545, 41.888332]}, "properties": {"crash_id": "FIXTURECRASH00352", "date": "2019-09-04T12:38:00", "injury_severity": "none", "dooring": false, "hit_and_run": false, "crash_type": "TURNING", "lighting": "DUSK", "street": "5515 W MILWAUKEE AVE", "ward": "34", "segment_id": "2", "data_tier": "real"}}, {"type": "Feature", "geometry": {"type": "Point", "coordinates": [-87.690979, 41.899061]}, "properties": {"crash_id": "FIXTURECRASH00353", "date": "2017-11-12T01:27:00", "injury_severity": "non_incapacitating", "dooring": false, "hit_and_run": true, "crash_type": "TURNING", "lighting": "DARKNESS, LIGHTED ROAD", "street": "1548 E AUGUSTA BLVD", "ward": "33", "segment_id": "146", "data_tier": "real"}}, {"type": "Feature", "geometry": {"type": "Point", "coordinates": [-87.661772, 41.889015]}, "properties": {"crash_id": "FIXTURECRASH00354", "date": "2023-03-03T21:35:00", "injury_severity": "none", "dooring": false, "hit_and_run": false, "crash_type": "SIDESWIPE SAME DIRECTION", "lighting": "DARKNESS, LIGHTED ROAD", "street": "3306 E KINZIE ST", "ward": "33", "segment_id": "120", "data_tier": "real"}}, {"type": "Feature", "geometry": {"type": "Point", "coordinates": [-87.723404, 41.938746]}, "properties": {"crash_id": "FIXTURECRASH00355", "date": "2021-07-30T23:37:00", "injury_severity": "incapacitating", "dooring": false, "hit_and_run": false, "crash_type": "FIXED OBJECT", "lighting": "DAYLIGHT", "street": "3027 W MILWAUKEE AVE", "ward": "37", "segment_id": "19", "data_tier": "real"}}, {"type": "Feature", "geometry": {"type": "Point", "coordinates": [-87.672036, 41.889625]}, "properties": {"crash_id": "FIXTURECRASH00356", "date": "2021-01-31T03:21:00", "injury_severity": "non_incapacitating", "dooring": true, "hit_and_run": false, "crash_type": "TURNING", "lighting": "DAYLIGHT", "street": "4753 W WOOD ST", "ward": "33", "segment_id": "155", "data_tier": "real"}}, {"type": "Feature", "geometry": {"type": "Point", "coordinates": [-87.655529, 41.88878]}, "properties": {"crash_id": "FIXTURECRASH00357", "date": "2018-10-15T22:43:00", "injury_severity": "non_incapacitating", "dooring": false, "hit_and_run": false, "crash_type": "REAR END", "lighting": "DAYLIGHT", "street": "3671 S KINZIE ST", "ward": "33", "segment_id": "119", "data_tier": "real"}}, {"type": "Feature", "geometry": {"type": "Point", "coordinates": [-87.628925, 41.890691]}, "properties": {"crash_id": "FIXTURECRASH00358", "date": "2025-12-30T02:45:00", "injury_severity": "reported_not_evident", "dooring": false, "hit_and_run": false, "crash_type": "TURNING", "lighting": "DAYLIGHT", "street": "3993 W DEARBORN ST", "ward": "34", "segment_id": "94", "data_tier": "real"}}, {"type": "Feature", "geometry": {"type": "Point", "coordinates": [-87.683929, 41.920912]}, "properties": {"crash_id": "FIXTURECRASH00359", "date": "2023-06-12T14:42:00", "injury_severity": "none", "dooring": false, "hit_and_run": false, "crash_type": "PEDALCYCLIST", "lighting": "DARKNESS, LIGHTED ROAD", "street": "5513 W ELSTON AVE", "ward": "38", "segment_id": "102", "data_tier": "real"}}, {"type": "Feature", "geometry": {"type": "Point", "coordinates": [-87.717917, 41.950796]}, "properties": {"crash_id": "FIXTURECRASH00360", "date": "2025-05-09T09:54:00", "injury_severity": "reported_not_evident", "dooring": false, "hit_and_run": false, "crash_type": "PARKED MOTOR VEHICLE", "lighting": "DAYLIGHT", "street": "2451 S ELSTON AVE", "ward": "43", "segment_id": "111", "data_tier": "real"}}, {"type": "Feature", "geometry": {"type": "Point", "coordinates": [-87.631514, 41.902213]}, "properties": {"crash_id": "FIXTURECRASH00361", "date": "2022-11-15T15:35:00", "injury_severity": "reported_not_evident", "dooring": false, "hit_and_run": false, "crash_type": "PEDALCYCLIST", "lighting": "DAYLIGHT", "street": "2216 E CLARK ST", "ward": "34", "segment_id": "73", "data_tier": "real"}}, {"type": "Feature", "geometry": {"type": "Point", "coordinates": [-87.677521, 41.915435]}, "properties": {"crash_id": "FIXTURECRASH00362", "date": "2022-03-26T11:42:00", "injury_severity": "none", "dooring": false, "hit_and_run": false, "crash_type": "SIDESWIPE SAME DIRECTION", "lighting": "DAYLIGHT", "street": "4198 N DAMEN AVE", "ward": "38", "segment_id": "101", "data_tier": "real"}}, {"type": "Feature", "geometry": {"type": "Point", "coordinates": [-87.809649, 41.730469]}, "properties": {"crash_id": "FIXTURECRASH00363", "date": "2021-03-07T10:53:00", "injury_severity": "reported_not_evident", "dooring": false, "hit_and_run": false, "crash_type": "PARKED MOTOR VEHICLE", "lighting": "DAYLIGHT", "street": "1534 S RANDOM ST", "ward": "11", "segment_id": null, "data_tier": "real"}}, {"type": "Feature", "geometry": {"type": "Point", "coordinates": [-87.673826, 41.912193]}, "properties": {"crash_id": "FIXTURECRASH00364", "date": "2025-04-28T07:17:00", "injury_severity": "non_incapacitating", "dooring": false, "hit_and_run": false, "crash_type": "FIXED OBJECT", "lighting": "DAYLIGHT", "street": "5062 N ELSTON AVE", "ward": "38", "segment_id": "100", "data_tier": "real"}}, {"type": "Feature", "geometry": {"type": "Point", "coordinates": [-87.629044, 41.893201]}, "properties": {"crash_id": "FIXTURECRASH00365", "date": "2025-05-08T03:34:00", "injury_severity": "non_incapacitating", "dooring": false, "hit_and_run": false, "crash_type": "SIDESWIPE SAME DIRECTION", "lighting": "DAYLIGHT", "street": "2028 E DEARBORN ST", "ward": "34", "segment_id": "95", "data_tier": "real"}}, {"type": "Feature", "geometry": {"type": "Point", "coordinates": [-87.677988, 41.940624]}, "properties": {"crash_id": "FIXTURECRASH00366", "date": "2021-05-25T22:27:00", "injury_severity": "non_incapacitating", "dooring": false, "hit_and_run": false, "crash_type": "FIXED OBJECT", "lighting": "DAYLIGHT", "street": "5032 E DAMEN AVE", "ward": "38", "segment_id": "42", "data_tier": "real"}}, {"type": "Feature", "geometry": {"type": "Point", "coordinates": [-87.717782, 41.691715]}, "properties": {"crash_id": "FIXTURECRASH00367", "date": "2024-09-17T09:20:00", "injury_severity": "reported_not_evident", "dooring": false, "hit_and_run": false, "crash_type": "ANGLE", "lighting": "DAYLIGHT", "street": "5418 S RANDOM ST", "ward": "8", "segment_id": null, "data_tier": "real"}}, {"type": "Feature", "geometry": {"type": "Point", "coordinates": [-87.627503, 41.728875]}, "properties": {"crash_id": "FIXTURECRASH00368", "date": "2021-05-04T09:12:00", "injury_severity": "non_incapacitating", "dooring": false, "hit_and_run": false, "crash_type": "ANGLE", "lighting": "DARKNESS, LIGHTED ROAD", "street": "288 S VINCENNES AVE", "ward": "14", "segment_id": "185", "data_tier": "real"}}, {"type": "Feature", "geometry": {"type": "Point", "coordinates": [-87.672061, 41.91473]}, "properties": {"crash_id": "FIXTURECRASH00369", "date": "2021-10-17T05:36:00", "injury_severity": "non_incapacitating", "dooring": true, "hit_and_run": false, "crash_type": "REAR END", "lighting": "DARKNESS, LIGHTED ROAD", "street": "1938 S WOOD ST", "ward": "38", "segment_id": "160", "data_tier": "real"}}, {"type": "Feature", "geometry": {"type": "Point", "coordinates": [-87.642093, 41.928786]}, "properties": {"crash_id": "FIXTURECRASH00370", "date": "2025-04-05T06:26:00", "injury_severity": "non_incapacitating", "dooring": false, "hit_and_run": false, "crash_type": "ANGLE", "lighting": "DAYLIGHT", "street": "3794 S CLARK ST", "ward": "39", "segment_id": "79", "data_tier": "real"}}, {"type": "Feature", "geometry": {"type": "Point", "coordinates": [-87.710264, 41.943668]}, "properties": {"crash_id": "FIXTURECRASH00371", "date": "2025-08-11T13:47:00", "injury_severity": "reported_not_evident", "dooring": false, "hit_and_run": false, "crash_type": "PEDALCYCLIST", "lighting": "DARKNESS, LIGHTED ROAD", "street": "2023 W ELSTON AVE", "ward": "38", "segment_id": "109", "data_tier": "real"}}, {"type": "Feature", "geometry": {"type": "Point", "coordinates": [-87.671828, 41.912456]}, "properties": {"crash_id": "FIXTURECRASH00372", "date": "2021-10-29T04:57:00", "injury_severity": "reported_not_evident", "dooring": true, "hit_and_run": false, "crash_type": "ANGLE", "lighting": "DAYLIGHT", "street": "2878 W WOOD ST", "ward": "38", "segment_id": "159", "data_tier": "real"}}, {"type": "Feature", "geometry": {"type": "Point", "coordinates": [-87.664029, 41.903657]}, "properties": {"crash_id": "FIXTURECRASH00373", "date": "2020-10-25T23:23:00", "injury_severity": "reported_not_evident", "dooring": false, "hit_and_run": false, "crash_type": "TURNING", "lighting": "DUSK", "street": "1451 E ELSTON AVE", "ward": "33", "segment_id": "98", "data_tier": "real"}}, {"type": "Feature", "geometry": {"type": "Point", "coordinates": [-87.669723, 41.904335]}, "properties": {"crash_id": "FIXTURECRASH00374", "date": "2019-07-02T22:29:00", "injury_severity": "reported_not_evident", "dooring": false, "hit_and_run": false, "crash_type": "SIDESWIPE SAME DIRECTION", "lighting": "DAYLIGHT", "street": "4694 W MILWAUKEE AVE", "ward": "33", "segment_id": "7", "data_tier": "real"}}, {"type": "Feature", "geometry": {"type": "Point", "coordinates": [-87.629259, 41.87473]}, "properties": {"crash_id": "FIXTURECRASH00375", "date": "2020-09-22T18:57:00", "injury_severity": "none", "dooring": false, "hit_and_run": false, "crash_type": "REAR END", "lighting": "DAYLIGHT", "street": "729 S DEARBORN ST", "ward": "34", "segment_id": "91", "data_tier": "real"}}, {"type": "Feature", "geometry": {"type": "Point", "coordinates": [-87.652351, 41.835594]}, "properties": {"crash_id": "FIXTURECRASH00376", "date": "2018-11-09T10:09:00", "injury_severity": "incapacitating", "dooring": false, "hit_and_run": false, "crash_type": "PARKED MOTOR VEHICLE", "lighting": "DARKNESS, LIGHTED ROAD", "street": "4967 N ARCHER AVE", "ward": "28", "segment_id": "169", "data_tier": "real"}}, {"type": "Feature", "geometry": {"type": "Point", "coordinates": [-87.55073, 42.019932]}, "properties": {"crash_id": "FIXTURECRASH00377", "date": "2024-01-19T04:13:00", "injury_severity": "incapacitating", "dooring": false, "hit_and_run": true, "crash_type": "TURNING", "lighting": "DAYLIGHT", "street": "5033 W RANDOM ST", "ward": "50", "segment_id": null, "data_tier": "real"}}, {"type": "Feature", "geometry": {"type": "Point", "coordinates": [-87.639411, 41.921954]}, "properties": {"crash_id": "FIXTURECRASH00378", "date": "2024-12-03T20:09:00", "injury_severity": "non_incapacitating", "dooring": false, "hit_and_run": false, "crash_type": "PARKED MOTOR VEHICLE", "lighting": "DARKNESS, LIGHTED ROAD", "street": "3041 N CLARK ST", "ward": "39", "segment_id": "77", "data_tier": "real"}}, {"type": "Feature", "geometry": {"type": "Point", "coordinates": [-87.664191, 41.821047]}, "properties": {"crash_id": "FIXTURECRASH00379", "date": "2022-05-30T02:48:00", "injury_severity": "reported_not_evident", "dooring": false, "hit_and_run": false, "crash_type": "REAR END", "lighting": "DAYLIGHT", "street": "431 E RANDOM ST", "ward": "23", "segment_id": null, "data_tier": "real"}}, {"type": "Feature", "geometry": {"type": "Point", "coordinates": [-87.717398, 41.801454]}, "properties": {"crash_id": "FIXTURECRASH00380", "date": "2018-07-22T15:19:00", "injury_severity": "non_incapacitating", "dooring": false, "hit_and_run": false, "crash_type": "FIXED OBJECT", "lighting": "DAYLIGHT", "street": "4757 N ARCHER AVE", "ward": "23", "segment_id": "182", "data_tier": "real"}}, {"type": "Feature", "geometry": {"type": "Point", "coordinates": [-87.628296, 41.79489]}, "properties": {"crash_id": "FIXTURECRASH00381", "date": "2026-04-15T16:01:00", "injury_severity": "non_incapacitating", "dooring": false, "hit_and_run": true, "crash_type": "SIDESWIPE SAME DIRECTION", "lighting": "DAYLIGHT", "street": "3509 E 55TH ST", "ward": "24", "segment_id": "131", "data_tier": "real"}}, {"type": "Feature", "geometry": {"type": "Point", "coordinates": [-87.585929, 41.751377]}, "properties": {"crash_id": "FIXTURECRASH00382", "date": "2024-06-10T08:55:00", "injury_severity": "none", "dooring": false, "hit_and_run": true, "crash_type": "REAR END", "lighting": "DAYLIGHT", "street": "1506 W STONY ISLAND AVE", "ward": "15", "segment_id": "199", "data_tier": "real"}}, {"type": "Feature", "geometry": {"type": "Point", "coordinates": [-87.672433, 41.910082]}, "properties": {"crash_id": "FIXTURECRASH00383", "date": "2025-03-28T12:51:00", "injury_severity": "non_incapacitating", "dooring": false, "hit_and_run": false, "crash_type": "ANGLE", "lighting": "DAYLIGHT", "street": "5801 S WOOD ST", "ward": "38", "segment_id": null, "data_tier": "real"}}, {"type": "Feature", "geometry": {"type": "Point", "coordinates": [-87.719857, 41.800041]}, "properties": {"crash_id": "FIXTURECRASH00384", "date": "2022-11-12T04:30:00", "injury_severity": "reported_not_evident", "dooring": true, "hit_and_run": false, "crash_type": "ANGLE", "lighting": "DAYLIGHT", "street": "3782 S ARCHER AVE", "ward": "22", "segment_id": "182", "data_tier": "real"}}, {"type": "Feature", "geometry": {"type": "Point", "coordinates": [-87.702545, 41.809524]}, "properties": {"crash_id": "FIXTURECRASH00385", "date": "2025-12-07T18:38:00", "injury_severity": "none", "dooring": false, "hit_and_run": false, "crash_type": "TURNING", "lighting": "DAYLIGHT", "street": "4941 W ARCHER AVE", "ward": "23", "segment_id": "179", "data_tier": "real"}}, {"type": "Feature", "geometry": {"type": "Point", "coordinates": [-87.665894, 41.898978]}, "properties": {"crash_id": "FIXTURECRASH00386", "date": "2022-12-22T03:31:00", "injury_severity": "reported_not_evident", "dooring": false, "hit_and_run": false, "crash_type": "TURNING", "lighting": "DARKNESS, LIGHTED ROAD", "street": "1674 W AUGUSTA BLVD", "ward": "33", "segment_id": "141", "data_tier": "real"}}, {"type": "Feature", "geometry": {"type": "Point", "coordinates": [-87.613984, 41.964312]}, "properties": {"crash_id": "FIXTURECRASH00387", "date": "2022-12-02T04:56:00", "injury_severity": "non_incapacitating", "dooring": false, "hit_and_run": false, "crash_type": "SIDESWIPE SAME DIRECTION", "lighting": "DARKNESS, LIGHTED ROAD", "street": "1427 S RANDOM ST", "ward": "44", "segment_id": null, "data_tier": "real"}}, {"type": "Feature", "geometry": {"type": "Point", "coordinates": [-87.648462, 41.9315]}, "properties": {"crash_id": "FIXTURECRASH00388", "date": "2023-03-16T09:15:00", "injury_severity": "non_incapacitating", "dooring": false, "hit_and_run": false, "crash_type": "PEDALCYCLIST", "lighting": "DAYLIGHT", "street": "1531 N HALSTED ST", "ward": "39", "segment_id": "68", "data_tier": "real"}}, {"type": "Feature", "geometry": {"type": "Point", "coordinates": [-87.657276, 41.968376]}, "properties": {"crash_id": "FIXTURECRASH00389", "date": "2021-08-26T01:49:00", "injury_severity": "reported_not_evident", "dooring": false, "hit_and_run": true, "crash_type": "ANGLE", "lighting": "DARKNESS, LIGHTED ROAD", "street": "513 W CLARK ST", "ward": "43", "segment_id": "88", "data_tier": "real"}}, {"type": "Feature", "geometry": {"type": "Point", "coordinates": [-87.648526, 41.936372]}, "properties": {"crash_id": "FIXTURECRASH00390", "date": "2021-09-21T05:46:00", "injury_severity": "non_incapacitating", "dooring": false, "hit_and_run": false, "crash_type": "PARKED MOTOR VEHICLE", "lighting": "DARKNESS, LIGHTED ROAD", "street": "1363 E HALSTED ST", "ward": "39", "segment_id": "70", "data_tier": "real"}}, {"type": "Feature", "geometry": {"type": "Point", "coordinates": [-87.574512, 41.642503]}, "properties": {"crash_id": "FIXTURECRASH00391", "date": "2022-12-24T10:18:00", "injury_severity": "reported_not_evident", "dooring": false, "hit_and_run": false, "crash_type": "TURNING", "lighting": "DAYLIGHT", "street": "2110 S RANDOM ST", "ward": "5", "segment_id": null, "data_tier": "real"}}, {"type": "Feature", "geometry": {"type": "Point", "coordinates": [-87.661603, 41.889155]}, "properties": {"crash_id": "FIXTURECRASH00392", "date": "2025-04-26T11:01:00", "injury_severity": "reported_not_evident", "dooring": false, "hit_and_run": false, "crash_type": "PEDALCYCLIST", "lighting": "DARKNESS, LIGHTED ROAD", "street": "3390 S KINZIE ST", "ward": "33", "segment_id": "120", "data_tier": "real"}}, {"type": "Feature", "geometry": {"type": "Point", "coordinates": [-87.586307, 42.012418]}, "properties": {"crash_id": "FIXTURECRASH00393", "date": "2023-07-01T09:26:00", "injury_severity": "non_incapacitating", "dooring": false, "hit_and_run": false, "crash_type": "FIXED OBJECT", "lighting": "DARKNESS, LIGHTED ROAD", "street": "2919 N RANDOM ST", "ward": "49", "segment_id": null, "data_tier": "real"}}, {"type": "Feature", "geometry": {"type": "Point", "coordinates": [-87.660177, 41.974867]}, "properties": {"crash_id": "FIXTURECRASH00394", "date": "2022-08-17T22:22:00", "injury_severity": "reported_not_evident", "dooring": false, "hit_and_run": false, "crash_type": "ANGLE", "lighting": "DAYLIGHT", "street": "3294 S CLARK ST", "ward": "43", "segment_id": "89", "data_tier": "real"}}, {"type": "Feature", "geometry": {"type": "Point", "coordinates": [-87.585964, 41.785472]}, "properties": {"crash_id": "FIXTURECRASH00395", "date": "2023-09-21T18:16:00", "injury_severity": "non_incapacitating", "dooring": false, "hit_and_run": false, "crash_type": "TURNING", "lighting": "DARKNESS, LIGHTED ROAD", "street": "3155 E STONY ISLAND AVE", "ward": "20", "segment_id": "207", "data_tier": "real"}}, {"type": "Feature", "geometry": {"type": "Point", "coordinates": [-87.671995, 41.937831]}, "properties": {"crash_id": "FIXTURECRASH00396", "date": "2020-04-25T23:37:00", "injury_severity": "reported_not_evident", "dooring": false, "hit_and_run": false, "crash_type": "FIXED OBJECT", "lighting": "DARKNESS, LIGHTED ROAD", "street": "2430 S WOOD ST", "ward": "38", "segment_id": "165", "data_tier": "real"}}, {"type": "Feature", "geometry": {"type": "Point", "coordinates": [-87.650589, 41.950663]}, "properties": {"crash_id": "FIXTURECRASH00397", "date": "2022-06-10T13:05:00", "injury_severity": "non_incapacitating", "dooring": false, "hit_and_run": true, "crash_type": "ANGLE", "lighting": "DARKNESS, LIGHTED ROAD", "street": "5644 W CLARK ST", "ward": "44", "segment_id": "84", "data_tier": "real"}}, {"type": "Feature", "geometry": {"type": "Point", "coordinates": [-87.674126, 41.794984]}, "properties": {"crash_id": "FIXTURECRASH00398", "date": "2019-06-30T04:32:00", "injury_severity": "non_incapacitating", "dooring": false, "hit_and_run": true, "crash_type": "SIDESWIPE SAME DIRECTION", "lighting": "DAYLIGHT", "street": "1841 W 55TH ST", "ward": "23", "segment_id": "139", "data_tier": "real"}}, {"type": "Feature", "geometry": {"type": "Point", "coordinates": [-87.642915, 41.889127]}, "properties": {"crash_id": "FIXTURECRASH00399", "date": "2018-02-12T16:09:00", "injury_severity": "non_incapacitating", "dooring": false, "hit_and_run": true, "crash_type": "TURNING", "lighting": "DAYLIGHT", "street": "1270 S KINZIE ST", "ward": "34", "segment_id": "117", "data_tier": "real"}}, {"type": "Feature", "geometry": {"type": "Point", "coordinates": [-87.621664, 41.753503]}, "properties": {"crash_id": "FIXTURECRASH00400", "date": "2018-06-04T01:26:00", "injury_severity": "reported_not_evident", "dooring": false, "hit_and_run": false, "crash_type": "REAR END", "lighting": "DARKNESS, LIGHTED ROAD", "street": "5998 S VINCENNES AVE", "ward": "14", "segment_id": "190", "data_tier": "real"}}, {"type": "Feature", "geometry": {"type": "Point", "coordinates": [-87.62431, 41.742382]}, "properties": {"crash_id": "FIXTURECRASH00401", "date": "2024-08-29T13:24:00", "injury_severity": "non_incapacitating", "dooring": false, "hit_and_run": false, "crash_type": "TURNING", "lighting": "DARKNESS, LIGHTED ROAD", "street": "2372 N VINCENNES AVE", "ward": "14", "segment_id": "188", "data_tier": "real"}}, {"type": "Feature", "geometry": {"type": "Point", "coordinates": [-87.676845, 41.897553]}, "properties": {"crash_id": "FIXTURECRASH00402", "date": "2026-03-01T01:36:00", "injury_severity": "reported_not_evident", "dooring": false, "hit_and_run": false, "crash_type": "SIDESWIPE SAME DIRECTION", "lighting": "DARKNESS, LIGHTED ROAD", "street": "4456 S DAMEN AVE", "ward": "33", "segment_id": "33", "data_tier": "real"}}, {"type": "Feature", "geometry": {"type": "Point", "coordinates": [-87.718243, 41.898923]}, "properties": {"crash_id": "FIXTURECRASH00403", "date": "2023-03-07T00:21:00", "injury_severity": "reported_not_evident", "dooring": false, "hit_and_run": false, "crash_type": "PEDALCYCLIST", "lighting": "DARKNESS, LIGHTED ROAD", "street": "1039 N AUGUSTA BLVD", "ward": "32", "segment_id": "150", "data_tier": "real"}}, {"type": "Feature", "geometry": {"type": "Point", "coordinates": [-87.535786, 41.698606]}, "properties": {"crash_id": "FIXTURECRASH00404", "date": "2025-04-11T05:03:00", "injury_severity": "reported_not_evident", "dooring": false, "hit_and_run": false, "crash_type": "ANGLE", "lighting": "DAYLIGHT", "street": "2721 S RANDOM ST", "ward": "10", "segment_id": null, "data_tier": "real"}}, {"type": "Feature", "geometry": {"type": "Point", "coordinates": [-87.586108, 41.783047]}, "properties": {"crash_id": "FIXTURECRASH00405", "date": "2026-02-07T16:24:00", "injury_severity": "non_incapacitating", "dooring": false, "hit_and_run": true, "crash_type": "TURNING", "lighting": "DARKNESS, LIGHTED ROAD", "street": "336 W STONY ISLAND AVE", "ward": "19", "segment_id": "206", "data_tier": "real"}}, {"type": "Feature", "geometry": {"type": "Point", "coordinates": [-87.808561, 41.887589]}, "properties": {"crash_id": "FIXTURECRASH00406", "date": "2024-01-15T13:28:00", "injury_severity": "non_incapacitating", "dooring": false, "hit_and_run": false, "crash_type": "REAR END", "lighting": "DAYLIGHT", "street": "1477 S RANDOM ST", "ward": "31", "segment_id": null, "data_tier": "real"}}, {"type": "Feature", "geometry": {"type": "Point", "coordinates": [-87.645159, 42.005223]}, "properties": {"crash_id": "FIXTURECRASH00407", "date": "2024-12-27T05:00:00", "injury_severity": "incapacitating", "dooring": false, "hit_and_run": false, "crash_type": "SIDESWIPE SAME DIRECTION", "lighting": "DAYLIGHT", "street": "3214 E RANDOM ST", "ward": "49", "segment_id": null, "data_tier": "real"}}, {"type": "Feature", "geometry": {"type": "Point", "coordinates": [-87.715351, 41.899053]}, "properties": {"crash_id": "FIXTURECRASH00408", "date": "2025-07-01T03:53:00", "injury_severity": "non_incapacitating", "dooring": false, "hit_and_run": false, "crash_type": "TURNING", "lighting": "DARKNESS, LIGHTED ROAD", "street": "2707 E AUGUSTA BLVD", "ward": "33", "segment_id": "149", "data_tier": "real"}}, {"type": "Feature", "geometry": {"type": "Point", "coordinates": [-87.701556, 41.936833]}, "properties": {"crash_id": "FIXTURECRASH00409", "date": "2021-05-08T00:58:00", "injury_severity": "none", "dooring": false, "hit_and_run": false, "crash_type": "PEDALCYCLIST", "lighting": "DUSK", "street": "5610 S ELSTON AVE", "ward": "38", "segment_id": null, "data_tier": "real"}}, {"type": "Feature", "geometry": {"type": "Point", "coordinates": [-87.824417, 41.886657]}, "properties": {"crash_id": "FIXTURECRASH00410", "date": "2018-01-05T21:28:00", "injury_severity": "none", "dooring": false, "hit_and_run": false, "crash_type": "PARKED MOTOR VEHICLE", "lighting": "DARKNESS, LIGHTED ROAD", "street": "5810 N RANDOM ST", "ward": "31", "segment_id": null, "data_tier": "real"}}, {"type": "Feature", "geometry": {"type": "Point", "coordinates": [-87.749866, 41.954208]}, "properties": {"crash_id": "FIXTURECRASH00411", "date": "2021-09-05T06:05:00", "injury_severity": "reported_not_evident", "dooring": false, "hit_and_run": false, "crash_type": "PARKED MOTOR VEHICLE", "lighting": "DAYLIGHT", "street": "401 E MILWAUKEE AVE", "ward": "42", "segment_id": "24", "data_tier": "real"}}, {"type": "Feature", "geometry": {"type": "Point", "coordinates": [-87.697406, 41.811995]}, "properties": {"crash_id": "FIXTURECRASH00412", "date": "2023-04-12T15:10:00", "injury_severity": "reported_not_evident", "dooring": false, "hit_and_run": false, "crash_type": "FIXED OBJECT", "lighting": "DUSK", "street": "4918 S ARCHER AVE", "ward": "23", "segment_id": "178", "data_tier": "real"}}, {"type": "Feature", "geometry": {"type": "Point", "coordinates": [-87.637514, 41.843883]}, "properties": {"crash_id": "FIXTURECRASH00413", "date": "2023-08-23T19:16:00", "injury_severity": "none", "dooring": false, "hit_and_run": false, "crash_type": "SIDESWIPE SAME DIRECTION", "lighting": "DAYLIGHT", "street": "5425 N ARCHER AVE", "ward": "29", "segment_id": "166", "data_tier": "real"}}, {"type": "Feature", "geometry": {"type": "Point", "coordinates": [-87.673706, 41.794853]}, "properties": {"crash_id": "FIXTURECRASH00414", "date": "2025-10-03T07:03:00", "injury_severity": "non_incapacitating", "dooring": false, "hit_and_run": false, "crash_type": "REAR END", "lighting": "DARKNESS, LIGHTED ROAD", "street": "2841 N 55TH ST", "ward": "23", "segment_id": "139", "data_tier": "real"}}, {"type": "Feature", "geometry": {"type": "Point", "coordinates": [-87.741356, 41.714813]}, "properties": {"crash_id": "FIXTURECRASH00415", "date": "2018-05-16T20:40:00", "injury_severity": "non_incapacitating", "dooring": true, "hit_and_run": false, "crash_type": "SIDESWIPE SAME DIRECTION", "lighting": "DAYLIGHT", "street": "2151 S RANDOM ST", "ward": "7", "segment_id": null, "data_tier": "real"}}, {"type": "Feature", "geometry": {"type": "Point", "coordinates": [-87.63466, 41.908854]}, "properties": {"crash_id": "FIXTURECRASH00416", "date": "2026-03-27T03:40:00", "injury_severity": "reported_not_evident", "dooring": false, "hit_and_run": false, "crash_type": "PEDALCYCLIST", "lighting": "DAYLIGHT", "street": "5780 N CLARK ST", "ward": "39", "segment_id": "75", "data_tier": "real"}}, {"type": "Feature", "geometry": {"type": "Point", "coordinates": [-87.64304, 41.889037]}, "properties": {"crash_id": "FIXTURECRASH00417", "date": "2018-04-02T09:54:00", "injury_severity": "non_incapacitating", "dooring": false, "hit_and_run": false, "crash_type": "REAR END", "lighting": "DARKNESS, LIGHTED ROAD", "street": "5211 N KINZIE ST", "ward": "34", "segment_id": "117", "data_tier": "real"}}, {"type": "Feature", "geometry": {"type": "Point", "coordinates": [-87.637454, 41.843561]}, "properties": {"crash_id": "FIXTURECRASH00418", "date": "2019-10-29T03:06:00", "injury_severity": "incapacitating", "dooring": false, "hit_and_run": false, "crash_type": "PEDALCYCLIST", "lighting": "DUSK", "street": "4268 E ARCHER AVE", "ward": "29", "segment_id": "166", "data_tier": "real"}}, {"type": "Feature", "geometry": {"type": "Point", "coordinates": [-87.585942, 41.742381]}, "properties": {"crash_id": "FIXTURECRASH00419", "date": "2022-07-22T16:41:00", "injury_severity": "none", "dooring": false, "hit_and_run": false, "crash_type": "REAR END", "lighting": "DARKNESS, LIGHTED ROAD", "street": "5042 E STONY ISLAND AVE", "ward": "15", "segment_id": "197", "data_tier": "real"}}, {"type": "Feature", "geometry": {"type": "Point", "coordinates": [-87.663021, 41.898922]}, "properties": {"crash_id": "FIXTURECRASH00420", "date": "2019-11-30T20:58:00", "injury_severity": "non_incapacitating", "dooring": false, "hit_and_run": false, "crash_type": "TURNING", "lighting": "DAYLIGHT", "street": "3928 E AUGUSTA BLVD", "ward": "33", "segment_id": "141", "data_tier": "real"}}, {"type": "Feature", "geometry": {"type": "Point", "coordinates": [-87.678171, 41.936406]}, "properties": {"crash_id": "FIXTURECRASH00421", "date": "2023-03-25T07:58:00", "injury_severity": "fatal", "dooring": false, "hit_and_run": false, "crash_type": "FIXED OBJECT", "lighting": "DAYLIGHT", "street": "4038 E DAMEN AVE", "ward": "38", "segment_id": "41", "data_tier": "real"}}, {"type": "Feature", "geometry": {"type": "Point", "coordinates": [-87.846736, 41.642556]}, "properties": {"crash_id": "FIXTURECRASH00422", "date": "2021-09-05T00:35:00", "injury_severity": "non_incapacitating", "dooring": false, "hit_and_run": true, "crash_type": "SIDESWIPE SAME DIRECTION", "lighting": "DAYLIGHT", "street": "343 S RANDOM ST", "ward": "1", "segment_id": null, "data_tier": "real"}}, {"type": "Feature", "geometry": {"type": "Point", "coordinates": [-87.681504, 41.899012]}, "properties": {"crash_id": "FIXTURECRASH00423", "date": "2020-08-08T03:01:00", "injury_severity": "none", "dooring": false, "hit_and_run": false, "crash_type": "FIXED OBJECT", "lighting": "DAYLIGHT", "street": "2067 E AUGUSTA BLVD", "ward": "33", "segment_id": "144", "data_tier": "real"}}, {"type": "Feature", "geometry": {"type": "Point", "coordinates": [-87.646618, 41.872438]}, "properties": {"crash_id": "FIXTURECRASH00424", "date": "2021-11-11T10:38:00", "injury_severity": "reported_not_evident", "dooring": false, "hit_and_run": false, "crash_type": "ANGLE", "lighting": "DAYLIGHT", "street": "4486 E HALSTED ST", "ward": "34", "segment_id": "56", "data_tier": "real"}}, {"type": "Feature", "geometry": {"type": "Point", "coordinates": [-87.530433, 41.963571]}, "properties": {"crash_id": "FIXTURECRASH00425", "date": "2023-02-24T06:46:00", "injury_severity": "non_incapacitating", "dooring": false, "hit_and_run": false, "crash_type": "PARKED MOTOR VEHICLE", "lighting": "DUSK", "street": "5384 E RANDOM ST", "ward": "45", "segment_id": null, "data_tier": "real"}}, {"type": "Feature", "geometry": {"type": "Point", "coordinates": [-87.6739, 41.794825]}, "properties": {"crash_id": "FIXTURECRASH00426", "date": "2024-10-27T18:41:00", "injury_severity": "incapacitating", "dooring": false, "hit_and_run": false, "crash_type": "ANGLE", "lighting": "DARKNESS, LIGHTED ROAD", "street": "3581 W 55TH ST", "ward": "23", "segment_id": "139", "data_tier": "real"}}, {"type": "Feature", "geometry": {"type": "Point", "coordinates": [-87.678789, 41.752118]}, "properties": {"crash_id": "FIXTURECRASH00427", "date": "2020-03-31T18:02:00", "injury_severity": "reported_not_evident", "dooring": false, "hit_and_run": false, "crash_type": "TURNING", "lighting": "DARKNESS, LIGHTED ROAD", "street": "3110 W RANDOM ST", "ward": "13", "segment_id": null, "data_tier": "real"}}, {"type": "Feature", "geometry": {"type": "Point", "coordinates": [-87.644942, 41.839671]}, "properties": {"crash_id": "FIXTURECRASH00428", "date": "2023-04-18T16:34:00", "injury_severity": "reported_not_evident", "dooring": false, "hit_and_run": true, "crash_type": "TURNING", "lighting": "DAYLIGHT", "street": "413 S ARCHER AVE", "ward": "29", "segment_id": "167", "data_tier": "real"}}, {"type": "Feature", "geometry": {"type": "Point", "coordinates": [-87.571002, 41.932023]}, "properties": {"crash_id": "FIXTURECRASH00429", "date": "2019-10-21T22:38:00", "injury_severity": "non_incapacitating", "dooring": false, "hit_and_run": false, "crash_type": "PARKED MOTOR VEHICLE", "lighting": "DARKNESS, LIGHTED ROAD", "street": "2408 E RANDOM ST", "ward": "40", "segment_id": null, "data_tier": "real"}}, {"type": "Feature", "geometry": {"type": "Point", "coordinates": [-87.586097, 41.749155]}, "properties": {"crash_id": "FIXTURECRASH00430", "date": "2025-10-11T23:13:00", "injury_severity": "reported_not_evident", "dooring": false, "hit_and_run": false, "crash_type": "REAR END", "lighting": "DARKNESS, LIGHTED ROAD", "street": "2890 N STONY ISLAND AVE", "ward": "14", "segment_id": "199", "data_tier": "real"}}, {"type": "Feature", "geometry": {"type": "Point", "coordinates": [-87.659832, 41.898875]}, "properties": {"crash_id": "FIXTURECRASH00431", "date": "2019-02-08T09:47:00", "injury_severity": "incapacitating", "dooring": false, "hit_and_run": false, "crash_type": "FIXED OBJECT", "lighting": "DAYLIGHT", "street": "5717 W AUGUSTA BLVD", "ward": "33", "segment_id": "141", "data_tier": "real"}}, {"type": "Feature", "geometry": {"type": "Point", "coordinates": [-87.656723, 41.894917]}, "properties": {"crash_id": "FIXTURECRASH00432", "date": "2021-05-15T18:40:00", "injury_severity": "reported_not_evident", "dooring": false, "hit_and_run": false, "crash_type": "REAR END", "lighting": "DARKNESS, LIGHTED ROAD", "street": "621 W MILWAUKEE AVE", "ward": "33", "segment_id": null, "data_tier": "real"}}, {"type": "Feature", "geometry": {"type": "Point", "coordinates": [-87.678819, 41.96812]}, "properties": {"crash_id": "FIXTURECRASH00433", "date": "2025-05-24T19:31:00", "injury_severity": "incapacitating", "dooring": false, "hit_and_run": false, "crash_type": "PEDALCYCLIST", "lighting": "DARKNESS, LIGHTED ROAD", "street": "5503 N DAMEN AVE", "ward": "43", "segment_id": "48", "data_tier": "real"}}, {"type": "Feature", "geometry": {"type": "Point", "coordinates": [-87.658388, 41.889036]}, "properties": {"crash_id": "FIXTURECRASH00434", "date": "2023-09-07T13:30:00", "injury_severity": "none", "dooring": false, "hit_and_run": false, "crash_type": "PARKED MOTOR VEHICLE", "lighting": "DAYLIGHT", "street": "5913 W KINZIE ST", "ward": "33", "segment_id": "119", "data_tier": "real"}}, {"type": "Feature", "geometry": {"type": "Point", "coordinates": [-87.659114, 41.896081]}, "properties": {"crash_id": "FIXTURECRASH00435", "date": "2024-06-13T07:33:00", "injury_severity": "non_incapacitating", "dooring": false, "hit_and_run": true, "crash_type": "SIDESWIPE SAME DIRECTION", "lighting": "DARKNESS, LIGHTED ROAD", "street": "846 E MILWAUKEE AVE", "ward": "33", "segment_id": "5", "data_tier": "real"}}, {"type": "Feature", "geometry": {"type": "Point", "coordinates": [-87.648743, 41.934006]}, "properties": {"crash_id": "FIXTURECRASH00436", "date": "2025-01-21T05:44:00", "injury_severity": "reported_not_evident", "dooring": false, "hit_and_run": false, "crash_type": "FIXED OBJECT", "lighting": "DAYLIGHT", "street": "5245 E HALSTED ST", "ward": "39", "segment_id": "69", "data_tier": "real"}}, {"type": "Feature", "geometry": {"type": "Point", "coordinates": [-87.521546, 41.850073]}, "properties": {"crash_id": "FIXTURECRASH00437", "date": "2018-07-11T03:32:00", "injury_severity": "none", "dooring": false, "hit_and_run": false, "crash_type": "SIDESWIPE SAME DIRECTION", "lighting": "DARKNESS, LIGHTED ROAD", "street": "465 W RANDOM ST", "ward": "30", "segment_id": null, "data_tier": "real"}}, {"type": "Feature", "geometry": {"type": "Point", "coordinates": [-87.719097, 41.965194]}, "properties": {"crash_id": "FIXTURECRASH00438", "date": "2017-10-14T08:07:00", "injury_severity": "none", "dooring": false, "hit_and_run": true, "crash_type": "TURNING", "lighting": "DARKNESS, LIGHTED ROAD", "street": "4592 S RANDOM ST", "ward": "42", "segment_id": null, "data_tier": "real"}}, {"type": "Feature", "geometry": {"type": "Point", "coordinates": [-87.725844, 41.940024]}, "properties": {"crash_id": "FIXTURECRASH00439", "date": "2023-08-30T23:25:00", "injury_severity": "non_incapacitating", "dooring": false, "hit_and_run": false, "crash_type": "PARKED MOTOR VEHICLE", "lighting": "DAYLIGHT", "street": "1557 S MILWAUKEE AVE", "ward": "37", "segment_id": "20", "data_tier": "real"}}, {"type": "Feature", "geometry": {"type": "Point", "coordinates": [-87.717722, 41.801188]}, "properties": {"crash_id": "FIXTURECRASH00440", "date": "2018-10-27T12:44:00", "injury_severity": "non_incapacitating", "dooring": false, "hit_and_run": false, "crash_type": "REAR END", "lighting": "DAYLIGHT", "street": "2145 E ARCHER AVE", "ward": "23", "segment_id": "182", "data_tier": "real"}}, {"type": "Feature", "geometry": {"type": "Point", "coordinates": [-87.685111, 41.915496]}, "properties": {"crash_id": "FIXTURECRASH00441", "date": "2018-05-17T07:56:00", "injury_severity": "non_incapacitating", "dooring": false, "hit_and_run": false, "crash_type": "PARKED MOTOR VEHICLE", "lighting": "DAYLIGHT", "street": "982 E MILWAUKEE AVE", "ward": "38", "segment_id": "11", "data_tier": "real"}}, {"type": "Feature", "geometry": {"type": "Point", "coordinates": [-87.779453, 41.685906]}, "properties": {"crash_id": "FIXTURECRASH00442", "date": "2021-08-31T10:11:00", "injury_severity": "incapacitating", "dooring": false, "hit_and_run": false, "crash_type": "TURNING", "lighting": "DAYLIGHT", "street": "640 E RANDOM ST", "ward": "7", "segment_id": null, "data_tier": "real"}}, {"type": "Feature", "geometry": {"type": "Point", "coordinates": [-87.585999, 41.782771]}, "properties": {"crash_id": "FIXTURECRASH00443", "date": "2025-08-28T17:50:00", "injury_severity": "reported_not_evident", "dooring": false, "hit_and_run": false, "crash_type": "PEDALCYCLIST", "lighting": "DUSK", "street": "5653 S STONY ISLAND AVE", "ward": "20", "segment_id": "206", "data_tier": "real"}}, {"type": "Feature", "geometry": {"type": "Point", "coordinates": [-87.671932, 41.926097]}, "properties": {"crash_id": "FIXTURECRASH00444", "date": "2025-12-26T07:32:00", "injury_severity": "reported_not_evident", "dooring": false, "hit_and_run": false, "crash_type": "PEDALCYCLIST", "lighting": "DAYLIGHT", "street": "1116 E WOOD ST", "ward": "38", "segment_id": "162", "data_tier": "real"}}, {"type": "Feature", "geometry": {"type": "Point", "coordinates": [-87.634378, 41.795039]}, "properties": {"crash_id": "FIXTURECRASH00445", "date": "2024-11-12T01:15:00", "injury_severity": "none", "dooring": false, "hit_and_run": false, "crash_type": "SIDESWIPE SAME DIRECTION", "lighting": "DAYLIGHT", "street": "424 W 55TH ST", "ward": "24", "segment_id": "132", "data_tier": "real"}}, {"type": "Feature", "geometry": {"type": "Point", "coordinates": [-87.663225, 41.899166]}, "properties": {"crash_id": "FIXTURECRASH00446", "date": "2020-06-14T21:44:00", "injury_severity": "none", "dooring": false, "hit_and_run": false, "crash_type": "PARKED MOTOR VEHICLE", "lighting": "DARKNESS, LIGHTED ROAD", "street": "5259 N AUGUSTA BLVD", "ward": "33", "segment_id": "6", "data_tier": "real"}}, {"type": "Feature", "geometry": {"type": "Point", "coordinates": [-87.792687, 41.687713]}, "properties": {"crash_id": "FIXTURECRASH00447", "date": "2023-10-28T06:15:00", "injury_severity": "reported_not_evident", "dooring": false, "hit_and_run": false, "crash_type": "FIXED OBJECT", "lighting": "DARKNESS, LIGHTED ROAD", "street": "2106 W RANDOM ST", "ward": "6", "segment_id": null, "data_tier": "real"}}, {"type": "Feature", "geometry": {"type": "Point", "coordinates": [-87.5654, 41.716532]}, "properties": {"crash_id": "FIXTURECRASH00448", "date": "2023-01-23T02:23:00", "injury_severity": "non_incapacitating", "dooring": false, "hit_and_run": false, "crash_type": "SIDESWIPE SAME DIRECTION", "lighting": "DARKNESS, LIGHTED ROAD", "street": "3650 S RANDOM ST", "ward": "15", "segment_id": null, "data_tier": "real"}}, {"type": "Feature", "geometry": {"type": "Point", "coordinates": [-87.653589, 41.990182]}, "properties": {"crash_id": "FIXTURECRASH00449", "date": "2019-05-19T17:46:00", "injury_severity": "non_incapacitating", "dooring": false, "hit_and_run": false, "crash_type": "SIDESWIPE SAME DIRECTION", "lighting": "DAYLIGHT", "street": "5064 W RANDOM ST", "ward": "48", "segment_id": null, "data_tier": "real"}}, {"type": "Feature", "geometry": {"type": "Point", "coordinates": [-87.565654, 41.641589]}, "properties": {"crash_id": "FIXTURECRASH00450", "date": "2025-11-09T23:23:00", "injury_severity": "reported_not_evident", "dooring": false, "hit_and_run": false, "crash_type": "SIDESWIPE SAME DIRECTION", "lighting": "DARKNESS, LIGHTED ROAD", "street": "5351 N RANDOM ST", "ward": "5", "segment_id": null, "data_tier": "real"}}, {"type": "Feature", "geometry": {"type": "Point", "coordinates": [-87.595481, 42.003697]}, "properties": {"crash_id": "FIXTURECRASH00451", "date": "2026-02-04T23:22:00", "injury_severity": "reported_not_evident", "dooring": false, "hit_and_run": false, "crash_type": "FIXED OBJECT", "lighting": "DAYLIGHT", "street": "3573 S RANDOM ST", "ward": "49", "segment_id": null, "data_tier": "real"}}, {"type": "Feature", "geometry": {"type": "Point", "coordinates": [-87.607027, 41.794995]}, "properties": {"crash_id": "FIXTURECRASH00452", "date": "2025-02-05T05:00:00", "injury_severity": "non_incapacitating", "dooring": false, "hit_and_run": false, "crash_type": "FIXED OBJECT", "lighting": "DARKNESS, LIGHTED ROAD", "street": "758 S 55TH ST", "ward": "24", "segment_id": "128", "data_tier": "real"}}, {"type": "Feature", "geometry": {"type": "Point", "coordinates": [-87.724773, 41.899135]}, "properties": {"crash_id": "FIXTURECRASH00453", "date": "2025-11-24T13:48:00", "injury_severity": "none", "dooring": false, "hit_and_run": false, "crash_type": "PEDALCYCLIST", "lighting": "DUSK", "street": "1816 W AUGUSTA BLVD", "ward": "32", "segment_id": "151", "data_tier": "real"}}, {"type": "Feature", "geometry": {"type": "Point", "coordinates": [-87.585907, 41.789878]}, "properties": {"crash_id": "FIXTURECRASH00454", "date": "2020-11-25T23:27:00", "injury_severity": "non_incapacitating", "dooring": false, "hit_and_run": false, "crash_type": "ANGLE", "lighting": "DAYLIGHT", "street": "1003 W STONY ISLAND AVE", "ward": "20", "segment_id": "207", "data_tier": "real"}}, {"type": "Feature", "geometry": {"type": "Point", "coordinates": [-87.525627, 41.712916]}, "properties": {"crash_id": "FIXTURECRASH00455", "date": "2022-04-02T14:40:00", "injury_severity": "reported_not_evident", "dooring": false, "hit_and_run": true, "crash_type": "FIXED OBJECT", "lighting": "DAYLIGHT", "street": "1121 E RANDOM ST", "ward": "10", "segment_id": null, "data_tier": "real"}}, {"type": "Feature", "geometry": {"type": "Point", "coordinates": [-87.585992, 41.746924]}, "properties": {"crash_id": "FIXTURECRASH00456", "date": "2017-09-30T21:37:00", "injury_severity": "incapacitating", "dooring": false, "hit_and_run": false, "crash_type": "REAR END", "lighting": "DAYLIGHT", "street": "2277 W STONY ISLAND AVE", "ward": "15", "segment_id": "198", "data_tier": "real"}}, {"type": "Feature", "geometry": {"type": "Point", "coordinates": [-87.700393, 41.935131]}, "properties": {"crash_id": "FIXTURECRASH00457", "date": "2025-02-15T12:24:00", "injury_severity": "reported_not_evident", "dooring": true, "hit_and_run": false, "crash_type": "TURNING", "lighting": "DAYLIGHT", "street": "5820 W ELSTON AVE", "ward": "38", "segment_id": "107", "data_tier": "real"}}, {"type": "Feature", "geometry": {"type": "Point", "coordinates": [-87.767983, 41.925547]}, "properties": {"crash_id": "FIXTURECRASH00458", "date": "2022-09-26T19:43:00", "injury_severity": "none", "dooring": false, "hit_and_run": false, "crash_type": "REAR END", "lighting": "DARKNESS, LIGHTED ROAD", "street": "2739 N RANDOM ST", "ward": "37", "segment_id": null, "data_tier": "real"}}, {"type": "Feature", "geometry": {"type": "Point", "coordinates": [-87.673895, 41.888958]}, "properties": {"crash_id": "FIXTURECRASH00459", "date": "2022-06-19T15:42:00", "injury_severity": "none", "dooring": false, "hit_and_run": false, "crash_type": "FIXED OBJECT", "lighting": "DARKNESS, LIGHTED ROAD", "street": "1272 N KINZIE ST", "ward": "33", "segment_id": "122", "data_tier": "real"}}, {"type": "Feature", "geometry": {"type": "Point", "coordinates": [-87.690884, 42.002919]}, "properties": {"crash_id": "FIXTURECRASH00460", "date": "2023-09-24T07:15:00", "injury_severity": "non_incapacitating", "dooring": false, "hit_and_run": false, "crash_type": "FIXED OBJECT", "lighting": "DAYLIGHT", "street": "339 S RANDOM ST", "ward": "48", "segment_id": null, "data_tier": "real"}}, {"type": "Feature", "geometry": {"type": "Point", "coordinates": [-87.652853, 41.835581]}, "properties": {"crash_id": "FIXTURECRASH00461", "date": "2024-10-09T23:31:00", "injury_severity": "non_incapacitating", "dooring": false, "hit_and_run": true, "crash_type": "TURNING", "lighting": "DAYLIGHT", "street": "2911 W ARCHER AVE", "ward": "28", "segment_id": "169", "data_tier": "real"}}, {"type": "Feature", "geometry": {"type": "Point", "coordinates": [-87.677133, 41.911137]}, "properties": {"crash_id": "FIXTURECRASH00462", "date": "2025-12-21T18:59:00", "injury_severity": "non_incapacitating", "dooring": false, "hit_and_run": false, "crash_type": "PEDALCYCLIST", "lighting": "DUSK", "street": "3214 N DAMEN AVE", "ward": "38", "segment_id": "36", "data_tier": "real"}}, {"type": "Feature", "geometry": {"type": "Point", "coordinates": [-87.729542, 41.761464]}, "properties": {"crash_id": "FIXTURECRASH00463", "date": "2025-04-14T04:33:00", "injury_severity": "none", "dooring": false, "hit_and_run": false, "crash_type": "ANGLE", "lighting": "DAYLIGHT", "street": "3873 E RANDOM ST", "ward": "17", "segment_id": null, "data_tier": "real"}}, {"type": "Feature", "geometry": {"type": "Point", "coordinates": [-87.649015, 41.941017]}, "properties": {"crash_id": "FIXTURECRASH00464", "date": "2018-01-19T19:20:00", "injury_severity": "non_incapacitating", "dooring": false, "hit_and_run": false, "crash_type": "FIXED OBJECT", "lighting": "DAYLIGHT", "street": "5269 S HALSTED ST", "ward": "39", "segment_id": "71", "data_tier": "real"}}, {"type": "Feature", "geometry": {"type": "Point", "coordinates": [-87.627011, 41.733515]}, "properties": {"crash_id": "FIXTURECRASH00465", "date": "2020-03-10T22:47:00", "injury_severity": "incapacitating", "dooring": false, "hit_and_run": false, "crash_type": "PARKED MOTOR VEHICLE", "lighting": "DAYLIGHT", "street": "5500 S VINCENNES AVE", "ward": "14", "segment_id": null, "data_tier": "real"}}, {"type": "Feature", "geometry": {"type": "Point", "coordinates": [-87.720949, 41.927931]}, "properties": {"crash_id": "FIXTURECRASH00466", "date": "2023-08-03T23:18:00", "injury_severity": "non_incapacitating", "dooring": false, "hit_and_run": false, "crash_type": "ANGLE", "lighting": "DARKNESS, LIGHTED ROAD", "street": "4854 N RANDOM ST", "ward": "37", "segment_id": null, "data_tier": "real"}}, {"type": "Feature", "geometry": {"type": "Point", "coordinates": [-87.63462, 41.795074]}, "properties": {"crash_id": "FIXTURECRASH00467", "date": "2026-01-22T06:47:00", "injury_severity": "reported_not_evident", "dooring": true, "hit_and_run": false, "crash_type": "FIXED OBJECT", "lighting": "DUSK", "street": "1309 W 55TH ST", "ward": "24", "segment_id": "133", "data_tier": "real"}}, {"type": "Feature", "geometry": {"type": "Point", "coordinates": [-87.613364, 41.795063]}, "properties": {"crash_id": "FIXTURECRASH00468", "date": "2023-06-13T20:21:00", "injury_severity": "reported_not_evident", "dooring": false, "hit_and_run": true, "crash_type": "ANGLE", "lighting": "DARKNESS, LIGHTED ROAD", "street": "3349 W 55TH ST", "ward": "24", "segment_id": "129", "data_tier": "real"}}, {"type": "Feature", "geometry": {"type": "Point", "coordinates": [-87.635397, 41.96866]}, "properties": {"crash_id": "FIXTURECRASH00469", "date": "2020-10-02T20:41:00", "injury_severity": "reported_not_evident", "dooring": false, "hit_and_run": false, "crash_type": "PEDALCYCLIST", "lighting": "DAYLIGHT", "street": "5578 S RANDOM ST", "ward": "44", "segment_id": null, "data_tier": "real"}}, {"type": "Feature", "geometry": {"type": "Point", "coordinates": [-87.678224, 41.954522]}, "properties": {"crash_id": "FIXTURECRASH00470", "date": "2024-11-23T22:27:00", "injury_severity": "non_incapacitating", "dooring": false, "hit_and_run": false, "crash_type": "PEDALCYCLIST", "lighting": "DAYLIGHT", "street": "4503 S DAMEN AVE", "ward": "43", "segment_id": "45", "data_tier": "real"}}, {"type": "Feature", "geometry": {"type": "Point", "coordinates": [-87.672312, 41.923905]}, "properties": {"crash_id": "FIXTURECRASH00471", "date": "2019-01-22T06:42:00", "injury_severity": "non_incapacitating", "dooring": false, "hit_and_run": false, "crash_type": "REAR END", "lighting": "DAYLIGHT", "street": "2674 N WOOD ST", "ward": "38", "segment_id": "162", "data_tier": "real"}}, {"type": "Feature", "geometry": {"type": "Point", "coordinates": [-87.585953, 41.742333]}, "properties": {"crash_id": "FIXTURECRASH00472", "date": "2021-01-05T11:34:00", "injury_severity": "non_incapacitating", "dooring": false, "hit_and_run": true, "crash_type": "FIXED OBJECT", "lighting": "DAYLIGHT", "street": "4355 E STONY ISLAND AVE", "ward": "15", "segment_id": "197", "data_tier": "real"}}, {"type": "Feature", "geometry": {"type": "Point", "coordinates": [-87.73603, 41.96641]}, "properties": {"crash_id": "FIXTURECRASH00473", "date": "2018-10-11T21:52:00", "injury_severity": "incapacitating", "dooring": false, "hit_and_run": false, "crash_type": "ANGLE", "lighting": "DAYLIGHT", "street": "5032 S ELSTON AVE", "ward": "42", "segment_id": "115", "data_tier": "real"}}, {"type": "Feature", "geometry": {"type": "Point", "coordinates": [-87.629087, 41.883799]}, "properties": {"crash_id": "FIXTURECRASH00474", "date": "2022-10-13T02:16:00", "injury_severity": "none", "dooring": false, "hit_and_run": true, "crash_type": "FIXED OBJECT", "lighting": "DAYLIGHT", "street": "2306 S DEARBORN ST", "ward": "34", "segment_id": "92", "data_tier": "real"}}, {"type": "Feature", "geometry": {"type": "Point", "coordinates": [-87.590031, 41.760217]}, "properties": {"crash_id": "FIXTURECRASH00475", "date": "2021-12-01T00:38:00", "injury_severity": "non_incapacitating", "dooring": false, "hit_and_run": false, "crash_type": "PEDALCYCLIST", "lighting": "DARKNESS, LIGHTED ROAD", "street": "640 E RANDOM ST", "ward": "19", "segment_id": null, "data_tier": "real"}}, {"type": "Feature", "geometry": {"type": "Point", "coordinates": [-87.846745, 41.725791]}, "properties": {"crash_id": "FIXTURECRASH00476", "date": "2021-11-23T07:24:00", "injury_severity": "non_incapacitating", "dooring": false, "hit_and_run": false, "crash_type": "PEDALCYCLIST", "lighting": "DAYLIGHT", "street": "4923 W RANDOM ST", "ward": "11", "segment_id": null, "data_tier": "real"}}, {"type": "Feature", "geometry": {"type": "Point", "coordinates": [-87.661089, 41.897816]}, "properties": {"crash_id": "FIXTURECRASH00477", "date": "2019-09-11T11:51:00", "injury_severity": "none", "dooring": false, "hit_and_run": false, "crash_type": "PARKED MOTOR VEHICLE", "lighting": "DARKNESS, LIGHTED ROAD", "street": "3398 W MILWAUKEE AVE", "ward": "33", "segment_id": "5", "data_tier": "real"}}, {"type": "Feature", "geometry": {"type": "Point", "coordinates": [-87.671597, 41.937675]}, "properties": {"crash_id": "FIXTURECRASH00478", "date": "2024-11-01T11:45:00", "injury_severity": "none", "dooring": false, "hit_and_run": false, "crash_type": "REAR END", "lighting": "DARKNESS, LIGHTED ROAD", "street": "2999 W WOOD ST", "ward": "38", "segment_id": null, "data_tier": "real"}}, {"type": "Feature", "geometry": {"type": "Point", "coordinates": [-87.677152, 41.913272]}, "properties": {"crash_id": "FIXTURECRASH00479", "date": "2018-09-05T20:05:00", "injury_severity": "non_incapacitating", "dooring": false, "hit_and_run": true, "crash_type": "PEDALCYCLIST", "lighting": "DAYLIGHT", "street": "2441 W DAMEN AVE", "ward": "38", "segment_id": "36", "data_tier": "real"}}, {"type": "Feature", "geometry": {"type": "Point", "coordinates": [-87.720175, 41.799956]}, "properties": {"crash_id": "FIXTURECRASH00480", "date": "2024-07-30T06:58:00", "injury_severity": "none", "dooring": true, "hit_and_run": false, "crash_type": "SIDESWIPE SAME DIRECTION", "lighting": "DARKNESS, LIGHTED ROAD", "street": "5516 N ARCHER AVE", "ward": "22", "segment_id": "182", "data_tier": "real"}}, {"type": "Feature", "geometry": {"type": "Point", "coordinates": [-87.64804, 41.918017]}, "properties": {"crash_id": "FIXTURECRASH00481", "date": "2023-03-23T12:10:00", "injury_severity": "non_incapacitating", "dooring": false, "hit_and_run": false, "crash_type": "TURNING", "lighting": "DAYLIGHT", "street": "4057 E HALSTED ST", "ward": "39", "segment_id": "65", "data_tier": "real"}}, {"type": "Feature", "geometry": {"type": "Point", "coordinates": [-87.533485, 41.993061]}, "properties": {"crash_id": "FIXTURECRASH00482", "date": "2023-06-13T01:59:00", "injury_severity": "reported_not_evident", "dooring": false, "hit_and_run": true, "crash_type": "PARKED MOTOR VEHICLE", "lighting": "DARKNESS, LIGHTED ROAD", "street": "3871 E RANDOM ST", "ward": "50", "segment_id": null, "data_tier": "real"}}, {"type": "Feature", "geometry": {"type": "Point", "coordinates": [-87.652768, 41.891464]}, "properties": {"crash_id": "FIXTURECRASH00483", "date": "2023-08-08T16:57:00", "injury_severity": "non_incapacitating", "dooring": false, "hit_and_run": false, "crash_type": "SIDESWIPE SAME DIRECTION", "lighting": "DAYLIGHT", "street": "3955 W MILWAUKEE AVE", "ward": "33", "segment_id": "3", "data_tier": "real"}}, {"type": "Feature", "geometry": {"type": "Point", "coordinates": [-87.664705, 41.795066]}, "properties": {"crash_id": "FIXTURECRASH00484", "date": "2022-07-14T00:22:00", "injury_severity": "none", "dooring": false, "hit_and_run": false, "crash_type": "ANGLE", "lighting": "DAYLIGHT", "street": "2813 N 55TH ST", "ward": "23", "segment_id": "137", "data_tier": "real"}}, {"type": "Feature", "geometry": {"type": "Point", "coordinates": [-87.706426, 41.899066]}, "properties": {"crash_id": "FIXTURECRASH00485", "date": "2021-04-23T12:32:00", "injury_severity": "none", "dooring": false, "hit_and_run": false, "crash_type": "PARKED MOTOR VEHICLE", "lighting": "DARKNESS, LIGHTED ROAD", "street": "273 S AUGUSTA BLVD", "ward": "33", "segment_id": "148", "data_tier": "real"}}, {"type": "Feature", "geometry": {"type": "Point", "coordinates": [-87.714044, 41.947468]}, "properties": {"crash_id": "FIXTURECRASH00486", "date": "2022-07-16T15:18:00", "injury_severity": "non_incapacitating", "dooring": false, "hit_and_run": false, "crash_type": "PARKED MOTOR VEHICLE", "lighting": "DARKNESS, LIGHTED ROAD", "street": "4288 S ELSTON AVE", "ward": "43", "segment_id": "110", "data_tier": "real"}}, {"type": "Feature", "geometry": {"type": "Point", "coordinates": [-87.616372, 41.775633]}, "properties": {"crash_id": "FIXTURECRASH00487", "date": "2023-04-20T19:11:00", "injury_severity": "non_incapacitating", "dooring": false, "hit_and_run": false, "crash_type": "REAR END", "lighting": "DAYLIGHT", "street": "414 E VINCENNES AVE", "ward": "19", "segment_id": "195", "data_tier": "real"}}, {"type": "Feature", "geometry": {"type": "Point", "coordinates": [-87.67676, 41.784534]}, "properties": {"crash_id": "FIXTURECRASH00488", "date": "2025-07-08T20:14:00", "injury_severity": "non_incapacitating", "dooring": false, "hit_and_run": false, "crash_type": "SIDESWIPE SAME DIRECTION", "lighting": "DAYLIGHT", "street": "2592 N RANDOM ST", "ward": "18", "segment_id": null, "data_tier": "real"}}, {"type": "Feature", "geometry": {"type": "Point", "coordinates": [-87.663485, 41.899543]}, "properties": {"crash_id": "FIXTURECRASH00489", "date": "2026-01-07T10:13:00", "injury_severity": "non_incapacitating", "dooring": false, "hit_and_run": false, "crash_type": "REAR END", "lighting": "DAYLIGHT", "street": "4124 E MILWAUKEE AVE", "ward": "33", "segment_id": "6", "data_tier": "real"}}, {"type": "Feature", "geometry": {"type": "Point", "coordinates": [-87.615871, 41.775405]}, "properties": {"crash_id": "FIXTURECRASH00490", "date": "2023-08-07T19:23:00", "injury_severity": "non_incapacitating", "dooring": false, "hit_and_run": false, "crash_type": "ANGLE", "lighting": "DUSK", "street": "1168 N VINCENNES AVE", "ward": "19", "segment_id": "195", "data_tier": "real"}}, {"type": "Feature", "geometry": {"type": "Point", "coordinates": [-87.669629, 41.668454]}, "properties": {"crash_id": "FIXTURECRASH00491", "date": "2021-07-06T09:46:00", "injury_severity": "reported_not_evident", "dooring": false, "hit_and_run": false, "crash_type": "ANGLE", "lighting": "DARKNESS, LIGHTED ROAD", "street": "3525 E RANDOM ST", "ward": "3", "segment_id": null, "data_tier": "real"}}, {"type": "Feature", "geometry": {"type": "Point", "coordinates": [-87.711729, 41.665729]}, "properties": {"crash_id": "FIXTURECRASH00492", "date": "2023-04-26T00:10:00", "injury_severity": "reported_not_evident", "dooring": false, "hit_and_run": true, "crash_type": "ANGLE", "lighting": "DAYLIGHT", "street": "5783 S RANDOM ST", "ward": "3", "segment_id": null, "data_tier": "real"}}, {"type": "Feature", "geometry": {"type": "Point", "coordinates": [-87.696992, 41.898876]}, "properties": {"crash_id": "FIXTURECRASH00493", "date": "2024-06-23T08:13:00", "injury_severity": "non_incapacitating", "dooring": true, "hit_and_run": true, "crash_type": "REAR END", "lighting": "DAYLIGHT", "street": "4300 W AUGUSTA BLVD", "ward": "33", "segment_id": "147", "data_tier": "real"}}, {"type": "Feature", "geometry": {"type": "Point", "coordinates": [-87.76139, 41.752618]}, "properties": {"crash_id": "FIXTURECRASH00494", "date": "2019-01-01T05:14:00", "injury_severity": "incapacitating", "dooring": false, "hit_and_run": false, "crash_type": "TURNING", "lighting": "DAYLIGHT", "street": "2315 N RANDOM ST", "ward": "12", "segment_id": null, "data_tier": "real"}}, {"type": "Feature", "geometry": {"type": "Point", "coordinates": [-87.69211, 41.814412]}, "properties": {"crash_id": "FIXTURECRASH00495", "date": "2023-10-29T08:46:00", "injury_severity": "non_incapacitating", "dooring": false, "hit_and_run": false, "crash_type": "REAR END", "lighting": "DAYLIGHT", "street": "185 E ARCHER AVE", "ward": "23", "segment_id": null, "data_tier": "real"}}, {"type": "Feature", "geometry": {"type": "Point", "coordinates": [-87.585815, 41.781084]}, "properties": {"crash_id": "FIXTURECRASH00496", "date": "2021-12-13T20:16:00", "injury_severity": "reported_not_evident", "dooring": false, "hit_and_run": false, "crash_type": "REAR END", "lighting": "DAYLIGHT", "street": "1770 W STONY ISLAND AVE", "ward": "20", "segment_id": "206", "data_tier": "real"}}, {"type": "Feature", "geometry": {"type": "Point", "coordinates": [-87.790101, 41.675603]}, "properties": {"crash_id": "FIXTURECRASH00497", "date": "2019-09-28T05:12:00", "injury_severity": "reported_not_evident", "dooring": false, "hit_and_run": false, "crash_type": "FIXED OBJECT", "lighting": "DAYLIGHT", "street": "1555 W RANDOM ST", "ward": "1", "segment_id": null, "data_tier": "real"}}, {"type": "Feature", "geometry": {"type": "Point", "coordinates": [-87.655627, 41.795133]}, "properties": {"crash_id": "FIXTURECRASH00498", "date": "2025-10-25T00:38:00", "injury_severity": "non_incapacitating", "dooring": false, "hit_and_run": false, "crash_type": "PEDALCYCLIST", "lighting": "DAYLIGHT", "street": "1182 S 55TH ST", "ward": "23", "segment_id": "136", "data_tier": "real"}}, {"type": "Feature", "geometry": {"type": "Point", "coordinates": [-87.607077, 41.680409]}, "properties": {"crash_id": "FIXTURECRASH00499", "date": "2021-06-18T22:05:00", "injury_severity": "non_incapacitating", "dooring": false, "hit_and_run": false, "crash_type": "PARKED MOTOR VEHICLE", "lighting": "DUSK", "street": "4023 S RANDOM ST", "ward": "9", "segment_id": null, "data_tier": "real"}}, {"type": "Feature", "geometry": {"type": "Point", "coordinates": [-87.752076, 41.67907]}, "properties": {"crash_id": "FIXTURECRASH00500", "date": "2023-05-28T13:09:00", "injury_severity": "fatal", "dooring": false, "hit_and_run": false, "crash_type": "PEDALCYCLIST", "lighting": "DAYLIGHT", "street": "5468 E RANDOM ST", "ward": "7", "segment_id": null, "data_tier": "real"}}, {"type": "Feature", "geometry": {"type": "Point", "coordinates": [-87.534366, 41.725319]}, "properties": {"crash_id": "FIXTURECRASH00501", "date": "2020-10-29T11:04:00", "injury_severity": "reported_not_evident", "dooring": false, "hit_and_run": false, "crash_type": "TURNING", "lighting": "DAYLIGHT", "street": "3611 E RANDOM ST", "ward": "15", "segment_id": null, "data_tier": "real"}}, {"type": "Feature", "geometry": {"type": "Point", "coordinates": [-87.629102, 41.881614]}, "properties": {"crash_id": "FIXTURECRASH00502", "date": "2023-04-07T21:23:00", "injury_severity": "non_incapacitating", "dooring": false, "hit_and_run": false, "crash_type": "FIXED OBJECT", "lighting": "DAYLIGHT", "street": "1300 E DEARBORN ST", "ward": "34", "segment_id": "92", "data_tier": "real"}}, {"type": "Feature", "geometry": {"type": "Point", "coordinates": [-87.62543, 41.737851]}, "properties": {"crash_id": "FIXTURECRASH00503", "date": "2019-02-05T05:49:00", "injury_severity": "non_incapacitating", "dooring": false, "hit_and_run": false, "crash_type": "SIDESWIPE SAME DIRECTION", "lighting": "DARKNESS, LIGHTED ROAD", "street": "5029 E VINCENNES AVE", "ward": "14", "segment_id": "187", "data_tier": "real"}}, {"type": "Feature", "geometry": {"type": "Point", "coordinates": [-87.622266, 41.794867]}, "properties": {"crash_id": "FIXTURECRASH00504", "date": "2022-05-25T16:36:00", "injury_severity": "none", "dooring": false, "hit_and_run": false, "crash_type": "FIXED OBJECT", "lighting": "DAYLIGHT", "street": "1765 N 55TH ST", "ward": "24", "segment_id": "130", "data_tier": "real"}}, {"type": "Feature", "geometry": {"type": "Point", "coordinates": [-87.569721, 41.777126]}, "properties": {"crash_id": "FIXTURECRASH00505", "date": "2026-05-26T04:18:00", "injury_severity": "reported_not_evident", "dooring": false, "hit_and_run": false, "crash_type": "PARKED MOTOR VEHICLE", "lighting": "DARKNESS, LIGHTED ROAD", "street": "1939 N RANDOM ST", "ward": "20", "segment_id": null, "data_tier": "real"}}, {"type": "Feature", "geometry": {"type": "Point", "coordinates": [-87.655356, 41.88906]}, "properties": {"crash_id": "FIXTURECRASH00506", "date": "2024-03-10T02:30:00", "injury_severity": "reported_not_evident", "dooring": false, "hit_and_run": true, "crash_type": "PEDALCYCLIST", "lighting": "DAYLIGHT", "street": "731 N KINZIE ST", "ward": "33", "segment_id": "119", "data_tier": "real"}}, {"type": "Feature", "geometry": {"type": "Point", "coordinates": [-87.751162, 41.905454]}, "properties": {"crash_id": "FIXTURECRASH00507", "date": "2022-04-13T23:21:00", "injury_severity": "reported_not_evident", "dooring": false, "hit_and_run": false, "crash_type": "FIXED OBJECT", "lighting": "DAYLIGHT", "street": "5362 N RANDOM ST", "ward": "32", "segment_id": null, "data_tier": "real"}}, {"type": "Feature", "geometry": {"type": "Point", "coordinates": [-87.560928, 41.898363]}, "properties": {"crash_id": "FIXTURECRASH00508", "date": "2023-11-18T22:53:00", "injury_severity": "non_incapacitating", "dooring": false, "hit_and_run": false, "crash_type": "REAR END", "lighting": "DAYLIGHT", "street": "2326 N RANDOM ST", "ward": "35", "segment_id": null, "data_tier": "real"}}, {"type": "Feature", "geometry": {"type": "Point", "coordinates": [-87.648327, 41.924849]}, "properties": {"crash_id": "FIXTURECRASH00509", "date": "2025-06-07T14:30:00", "injury_severity": "non_incapacitating", "dooring": false, "hit_and_run": false, "crash_type": "SIDESWIPE SAME DIRECTION", "lighting": "DARKNESS, LIGHTED ROAD", "street": "5397 W HALSTED ST", "ward": "39", "segment_id": "67", "data_tier": "real"}}, {"type": "Feature", "geometry": {"type": "Point", "coordinates": [-87.661892, 41.901755]}, "properties": {"crash_id": "FIXTURECRASH00510", "date": "2018-11-11T02:13:00", "injury_severity": "reported_not_evident", "dooring": true, "hit_and_run": false, "crash_type": "TURNING", "lighting": "DAYLIGHT", "street": "365 S ELSTON AVE", "ward": "33", "segment_id": "97", "data_tier": "real"}}, {"type": "Feature", "geometry": {"type": "Point", "coordinates": [-87.670008, 41.908766]}, "properties": {"crash_id": "FIXTURECRASH00511", "date": "2021-08-31T09:25:00", "injury_severity": "reported_not_evident", "dooring": false, "hit_and_run": false, "crash_type": "PARKED MOTOR VEHICLE", "lighting": "DARKNESS, LIGHTED ROAD", "street": "897 E ELSTON AVE", "ward": "38", "segment_id": "99", "data_tier": "real"}}, {"type": "Feature", "geometry": {"type": "Point", "coordinates": [-87.661721, 41.888774]}, "properties": {"crash_id": "FIXTURECRASH00512", "date": "2020-12-02T05:09:00", "injury_severity": "none", "dooring": false, "hit_and_run": false, "crash_type": "FIXED OBJECT", "lighting": "DAYLIGHT", "street": "5459 S KINZIE ST", "ward": "33", "segment_id": "120", "data_tier": "real"}}, {"type": "Feature", "geometry": {"type": "Point", "coordinates": [-87.731096, 41.768828]}, "properties": {"crash_id": "FIXTURECRASH00513", "date": "2022-07-01T01:57:00", "injury_severity": "none", "dooring": false, "hit_and_run": false, "crash_type": "SIDESWIPE SAME DIRECTION", "lighting": "DAYLIGHT", "street": "1348 W RANDOM ST", "ward": "17", "segment_id": null, "data_tier": "real"}}, {"type": "Feature", "geometry": {"type": "Point", "coordinates": [-87.680043, 41.917573]}, "properties": {"crash_id": "FIXTURECRASH00514", "date": "2020-10-22T18:23:00", "injury_severity": "non_incapacitating", "dooring": false, "hit_and_run": false, "crash_type": "ANGLE", "lighting": "DARKNESS, LIGHTED ROAD", "street": "3721 S ELSTON AVE", "ward": "38", "segment_id": "102", "data_tier": "real"}}, {"type": "Feature", "geometry": {"type": "Point", "coordinates": [-87.56719, 41.792357]}, "properties": {"crash_id": "FIXTURECRASH00515", "date": "2025-04-19T04:28:00", "injury_severity": "non_incapacitating", "dooring": false, "hit_and_run": false, "crash_type": "REAR END", "lighting": "DAYLIGHT", "street": "4244 W RANDOM ST", "ward": "25", "segment_id": null, "data_tier": "real"}}, {"type": "Feature", "geometry": {"type": "Point", "coordinates": [-87.65993, 41.899036]}, "properties": {"crash_id": "FIXTURECRASH00516", "date": "2021-11-18T05:36:00", "injury_severity": "non_incapacitating", "dooring": false, "hit_and_run": true, "crash_type": "ANGLE", "lighting": "DARKNESS, LIGHTED ROAD", "street": "3916 W AUGUSTA BLVD", "ward": "33", "segment_id": "141", "data_tier": "real"}}, {"type": "Feature", "geometry": {"type": "Point", "coordinates": [-87.545578, 41.988635]}, "properties": {"crash_id": "FIXTURECRASH00517", "date": "2026-04-13T13:12:00", "injury_severity": "non_incapacitating", "dooring": false, "hit_and_run": false, "crash_type": "TURNING", "lighting": "DAYLIGHT", "street": "4001 N RANDOM ST", "ward": "50", "segment_id": null, "data_tier": "real"}}, {"type": "Feature", "geometry": {"type": "Point", "coordinates": [-87.648282, 41.943754]}, "properties": {"crash_id": "FIXTURECRASH00518", "date": "2026-05-08T12:03:00", "injury_severity": "non_incapacitating", "dooring": false, "hit_and_run": false, "crash_type": "SIDESWIPE SAME DIRECTION", "lighting": "DAYLIGHT", "street": "5700 W CLARK ST", "ward": "39", "segment_id": "82", "data_tier": "real"}}, {"type": "Feature", "geometry": {"type": "Point", "coordinates": [-87.642804, 41.888936]}, "properties": {"crash_id": "FIXTURECRASH00519", "date": "2022-05-17T16:13:00", "injury_severity": "none", "dooring": false, "hit_and_run": false, "crash_type": "ANGLE", "lighting": "DAYLIGHT", "street": "2532 S KINZIE ST", "ward": "34", "segment_id": "117", "data_tier": "real"}}, {"type": "Feature", "geometry": {"type": "Point", "coordinates": [-87.548843, 41.805978]}, "properties": {"crash_id": "FIXTURECRASH00520", "date": "2024-01-24T12:52:00", "injury_severity": "incapacitating", "dooring": false, "hit_and_run": false, "crash_type": "REAR END", "lighting": "DAYLIGHT", "street": "5150 S RANDOM ST", "ward": "25", "segment_id": null, "data_tier": "real"}}, {"type": "Feature", "geometry": {"type": "Point", "coordinates": [-87.685183, 41.994851]}, "properties": {"crash_id": "FIXTURECRASH00521", "date": "2021-03-20T03:50:00", "injury_severity": "none", "dooring": false, "hit_and_run": false, "crash_type": "REAR END", "lighting": "DAYLIGHT", "street": "5334 N RANDOM ST", "ward": "48", "segment_id": null, "data_tier": "real"}}, {"type": "Feature", "geometry": {"type": "Point", "coordinates": [-87.64965, 41.948551]}, "properties": {"crash_id": "FIXTURECRASH00522", "date": "2025-04-15T18:00:00", "injury_severity": "non_incapacitating", "dooring": false, "hit_and_run": false, "crash_type": "PEDALCYCLIST", "lighting": "DAYLIGHT", "street": "1121 W CLARK ST", "ward": "44", "segment_id": "83", "data_tier": "real"}}, {"type": "Feature", "geometry": {"type": "Point", "coordinates": [-87.528557, 41.801823]}, "properties": {"crash_id": "FIXTURECRASH00523", "date": "2021-06-07T03:59:00", "injury_severity": "non_incapacitating", "dooring": false, "hit_and_run": false, "crash_type": "TURNING", "lighting": "DAYLIGHT", "street": "3670 W RANDOM ST", "ward": "25", "segment_id": null, "data_tier": "real"}}, {"type": "Feature", "geometry": {"type": "Point", "coordinates": [-87.815742, 41.946257]}, "properties": {"crash_id": "FIXTURECRASH00524", "date": "2024-12-13T00:39:00", "injury_severity": "non_incapacitating", "dooring": false, "hit_and_run": false, "crash_type": "FIXED OBJECT", "lighting": "DUSK", "street": "4223 N RANDOM ST", "ward": "41", "segment_id": null, "data_tier": "real"}}, {"type": "Feature", "geometry": {"type": "Point", "coordinates": [-87.677131, 41.897596]}, "properties": {"crash_id": "FIXTURECRASH00525", "date": "2021-08-07T14:26:00", "injury_severity": "reported_not_evident", "dooring": false, "hit_and_run": false, "crash_type": "FIXED OBJECT", "lighting": "DARKNESS, LIGHTED ROAD", "street": "4257 E DAMEN AVE", "ward": "33", "segment_id": "33", "data_tier": "real"}}, {"type": "Feature", "geometry": {"type": "Point", "coordinates": [-87.63999, 41.889077]}, "properties": {"crash_id": "FIXTURECRASH00526", "date": "2021-11-12T16:52:00", "injury_severity": "none", "dooring": false, "hit_and_run": false, "crash_type": "TURNING", "lighting": "DAYLIGHT", "street": "3306 S KINZIE ST", "ward": "34", "segment_id": "117", "data_tier": "real"}}, {"type": "Feature", "geometry": {"type": "Point", "coordinates": [-87.609723, 41.788356]}, "properties": {"crash_id": "FIXTURECRASH00527", "date": "2022-03-10T10:33:00", "injury_severity": "non_incapacitating", "dooring": false, "hit_and_run": false, "crash_type": "PEDALCYCLIST", "lighting": "DAYLIGHT", "street": "3311 E RANDOM ST", "ward": "19", "segment_id": null, "data_tier": "real"}}, {"type": "Feature", "geometry": {"type": "Point", "coordinates": [-87.640176, 41.888875]}, "properties": {"crash_id": "FIXTURECRASH00528", "date": "2017-12-23T19:45:00", "injury_severity": "reported_not_evident", "dooring": false, "hit_and_run": false, "crash_type": "PEDALCYCLIST", "lighting": "DUSK", "street": "1169 W KINZIE ST", "ward": "34", "segment_id": "117", "data_tier": "real"}}, {"type": "Feature", "geometry": {"type": "Point", "coordinates": [-87.739685, 41.899007]}, "properties": {"crash_id": "FIXTURECRASH00529", "date": "2026-06-25T12:49:00", "injury_severity": "non_incapacitating", "dooring": false, "hit_and_run": true, "crash_type": "TURNING", "lighting": "DAYLIGHT", "street": "4846 N AUGUSTA BLVD", "ward": "32", "segment_id": "153", "data_tier": "real"}}, {"type": "Feature", "geometry": {"type": "Point", "coordinates": [-87.646163, 41.856643]}, "properties": {"crash_id": "FIXTURECRASH00530", "date": "2019-12-31T12:06:00", "injury_severity": "reported_not_evident", "dooring": false, "hit_and_run": true, "crash_type": "SIDESWIPE SAME DIRECTION", "lighting": "DAYLIGHT", "street": "5730 W HALSTED ST", "ward": "29", "segment_id": "52", "data_tier": "real"}}, {"type": "Feature", "geometry": {"type": "Point", "coordinates": [-87.648841, 41.940702]}, "properties": {"crash_id": "FIXTURECRASH00531", "date": "2018-01-07T03:21:00", "injury_severity": "non_incapacitating", "dooring": false, "hit_and_run": false, "crash_type": "REAR END", "lighting": "DUSK", "street": "2184 N HALSTED ST", "ward": "39", "segment_id": "70", "data_tier": "real"}}, {"type": "Feature", "geometry": {"type": "Point", "coordinates": [-87.674026, 41.912277]}, "properties": {"crash_id": "FIXTURECRASH00532", "date": "2019-03-22T07:05:00", "injury_severity": "none", "dooring": false, "hit_and_run": false, "crash_type": "ANGLE", "lighting": "DAYLIGHT", "street": "853 E ELSTON AVE", "ward": "38", "segment_id": "100", "data_tier": "real"}}, {"type": "Feature", "geometry": {"type": "Point", "coordinates": [-87.649111, 41.889]}, "properties": {"crash_id": "FIXTURECRASH00533", "date": "2025-09-17T08:25:00", "injury_severity": "non_incapacitating", "dooring": false, "hit_and_run": false, "crash_type": "PARKED MOTOR VEHICLE", "lighting": "DUSK", "street": "4096 W KINZIE ST", "ward": "34", "segment_id": "118", "data_tier": "real"}}, {"type": "Feature", "geometry": {"type": "Point", "coordinates": [-87.671899, 41.912343]}, "properties": {"crash_id": "FIXTURECRASH00534", "date": "2021-11-10T20:52:00", "injury_severity": "incapacitating", "dooring": false, "hit_and_run": false, "crash_type": "PEDALCYCLIST", "lighting": "DARKNESS, LIGHTED ROAD", "street": "5047 E WOOD ST", "ward": "38", "segment_id": "159", "data_tier": "real"}}, {"type": "Feature", "geometry": {"type": "Point", "coordinates": [-87.826029, 41.775943]}, "properties": {"crash_id": "FIXTURECRASH00535", "date": "2025-01-12T11:23:00", "injury_severity": "non_incapacitating", "dooring": false, "hit_and_run": true, "crash_type": "PEDALCYCLIST", "lighting": "DAYLIGHT", "street": "2794 S RANDOM ST", "ward": "16", "segment_id": null, "data_tier": "real"}}, {"type": "Feature", "geometry": {"type": "Point", "coordinates": [-87.658919, 41.972829]}, "properties": {"crash_id": "FIXTURECRASH00536", "date": "2025-09-12T19:56:00", "injury_severity": "none", "dooring": false, "hit_and_run": false, "crash_type": "FIXED OBJECT", "lighting": "DARKNESS, LIGHTED ROAD", "street": "1723 S CLARK ST", "ward": "43", "segment_id": "89", "data_tier": "real"}}, {"type": "Feature", "geometry": {"type": "Point", "coordinates": [-87.610447, 41.794855]}, "properties": {"crash_id": "FIXTURECRASH00537", "date": "2020-04-26T18:01:00", "injury_severity": "non_incapacitating", "dooring": true, "hit_and_run": false, "crash_type": "PARKED MOTOR VEHICLE", "lighting": "DUSK", "street": "3399 N 55TH ST", "ward": "24", "segment_id": "129", "data_tier": "real"}}, {"type": "Feature", "geometry": {"type": "Point", "coordinates": [-87.677839, 41.92933]}, "properties": {"crash_id": "FIXTURECRASH00538", "date": "2026-02-13T11:25:00", "injury_severity": "non_incapacitating", "dooring": false, "hit_and_run": false, "crash_type": "TURNING", "lighting": "DARKNESS, LIGHTED ROAD", "street": "5805 W DAMEN AVE", "ward": "38", "segment_id": "39", "data_tier": "real"}}, {"type": "Feature", "geometry": {"type": "Point", "coordinates": [-87.656993, 41.894821]}, "properties": {"crash_id": "FIXTURECRASH00539", "date": "2025-05-18T23:27:00", "injury_severity": "non_incapacitating", "dooring": false, "hit_and_run": false, "crash_type": "ANGLE", "lighting": "DAYLIGHT", "street": "530 E MILWAUKEE AVE", "ward": "33", "segment_id": "5", "data_tier": "real"}}, {"type": "Feature", "geometry": {"type": "Point", "coordinates": [-87.619615, 41.762256]}, "properties": {"crash_id": "FIXTURECRASH00540", "date": "2025-07-02T05:59:00", "injury_severity": "non_incapacitating", "dooring": false, "hit_and_run": false, "crash_type": "PEDALCYCLIST", "lighting": "DAYLIGHT", "street": "3485 W VINCENNES AVE", "ward": "19", "segment_id": "192", "data_tier": "real"}}, {"type": "Feature", "geometry": {"type": "Point", "coordinates": [-87.629206, 41.88156]}, "properties": {"crash_id": "FIXTURECRASH00541", "date": "2018-09-12T08:49:00", "injury_severity": "non_incapacitating", "dooring": false, "hit_and_run": false, "crash_type": "TURNING", "lighting": "DARKNESS, LIGHTED ROAD", "street": "1786 N DEARBORN ST", "ward": "34", "segment_id": "92", "data_tier": "real"}}, {"type": "Feature", "geometry": {"type": "Point", "coordinates": [-87.649218, 41.888877]}, "properties": {"crash_id": "FIXTURECRASH00542", "date": "2024-04-15T16:32:00", "injury_severity": "non_incapacitating", "dooring": false, "hit_and_run": true, "crash_type": "TURNING", "lighting": "DARKNESS, LIGHTED ROAD", "street": "1165 S KINZIE ST", "ward": "34", "segment_id": "3", "data_tier": "real"}}, {"type": "Feature", "geometry": {"type": "Point", "coordinates": [-87.628867, 41.883905]}, "properties": {"crash_id": "FIXTURECRASH00543", "date": "2024-02-21T20:06:00", "injury_severity": "non_incapacitating", "dooring": false, "hit_and_run": false, "crash_type": "PEDALCYCLIST", "lighting": "DAYLIGHT", "street": "1632 E DEARBORN ST", "ward": "34", "segment_id": "93", "data_tier": "real"}}, {"type": "Feature", "geometry": {"type": "Point", "coordinates": [-87.666055, 41.898943]}, "properties": {"crash_id": "FIXTURECRASH00544", "date": "2022-02-12T16:27:00", "injury_severity": "reported_not_evident", "dooring": false, "hit_and_run": true, "crash_type": "SIDESWIPE SAME DIRECTION", "lighting": "DAYLIGHT", "street": "3233 W AUGUSTA BLVD", "ward": "33", "segment_id": "141", "data_tier": "real"}}, {"type": "Feature", "geometry": {"type": "Point", "coordinates": [-87.679889, 41.794814]}, "properties": {"crash_id": "FIXTURECRASH00545", "date": "2024-11-30T07:07:00", "injury_severity": "non_incapacitating", "dooring": false, "hit_and_run": true, "crash_type": "PEDALCYCLIST", "lighting": "DUSK", "street": "927 E 55TH ST", "ward": "23", "segment_id": "140", "data_tier": "real"}}, {"type": "Feature", "geometry": {"type": "Point", "coordinates": [-87.615654, 41.777855]}, "properties": {"crash_id": "FIXTURECRASH00546", "date": "2019-12-22T05:50:00", "injury_severity": "non_incapacitating", "dooring": false, "hit_and_run": true, "crash_type": "TURNING", "lighting": "DUSK", "street": "1616 W VINCENNES AVE", "ward": "19", "segment_id": "196", "data_tier": "real"}}, {"type": "Feature", "geometry": {"type": "Point", "coordinates": [-87.646544, 41.870035]}, "properties": {"crash_id": "FIXTURECRASH00547", "date": "2017-10-23T21:30:00", "injury_severity": "reported_not_evident", "dooring": false, "hit_and_run": false, "crash_type": "ANGLE", "lighting": "DAYLIGHT", "street": "179 E HALSTED ST", "ward": "34", "segment_id": "55", "data_tier": "real"}}, {"type": "Feature", "geometry": {"type": "Point", "coordinates": [-87.75997, 41.960202]}, "properties": {"crash_id": "FIXTURECRASH00548", "date": "2020-12-04T07:33:00", "injury_severity": "reported_not_evident", "dooring": false, "hit_and_run": false, "crash_type": "ANGLE", "lighting": "DAYLIGHT", "street": "2849 W MILWAUKEE AVE", "ward": "42", "segment_id": "26", "data_tier": "real"}}, {"type": "Feature", "geometry": {"type": "Point", "coordinates": [-87.580135, 41.795054]}, "properties": {"crash_id": "FIXTURECRASH00549", "date": "2021-05-29T16:49:00", "injury_severity": "none", "dooring": false, "hit_and_run": false, "crash_type": "PARKED MOTOR VEHICLE", "lighting": "DUSK", "street": "4354 N 55TH ST", "ward": "25", "segment_id": "124", "data_tier": "real"}}, {"type": "Feature", "geometry": {"type": "Point", "coordinates": [-87.672181, 41.937661]}, "properties": {"crash_id": "FIXTURECRASH00550", "date": "2019-12-25T23:05:00", "injury_severity": "non_incapacitating", "dooring": false, "hit_and_run": false, "crash_type": "SIDESWIPE SAME DIRECTION", "lighting": "DAYLIGHT", "street": "3780 S WOOD ST", "ward": "38", "segment_id": "165", "data_tier": "real"}}, {"type": "Feature", "geometry": {"type": "Point", "coordinates": [-87.787111, 41.744974]}, "properties": {"crash_id": "FIXTURECRASH00551", "date": "2024-03-01T16:44:00", "injury_severity": "non_incapacitating", "dooring": false, "hit_and_run": false, "crash_type": "PEDALCYCLIST", "lighting": "DARKNESS, LIGHTED ROAD", "street": "2942 E RANDOM ST", "ward": "11", "segment_id": null, "data_tier": "real"}}, {"type": "Feature", "geometry": {"type": "Point", "coordinates": [-87.629039, 41.890694]}, "properties": {"crash_id": "FIXTURECRASH00552", "date": "2023-02-16T09:04:00", "injury_severity": "non_incapacitating", "dooring": true, "hit_and_run": false, "crash_type": "PEDALCYCLIST", "lighting": "DAYLIGHT", "street": "4100 E DEARBORN ST", "ward": "34", "segment_id": "94", "data_tier": "real"}}, {"type": "Feature", "geometry": {"type": "Point", "coordinates": [-87.629207, 41.897818]}, "properties": {"crash_id": "FIXTURECRASH00553", "date": "2026-04-16T17:09:00", "injury_severity": "non_incapacitating", "dooring": false, "hit_and_run": false, "crash_type": "ANGLE", "lighting": "DAYLIGHT", "street": "2482 S DEARBORN ST", "ward": "34", "segment_id": "96", "data_tier": "real"}}, {"type": "Feature", "geometry": {"type": "Point", "coordinates": [-87.677161, 41.906681]}, "properties": {"crash_id": "FIXTURECRASH00554", "date": "2019-08-11T18:27:00", "injury_severity": "none", "dooring": false, "hit_and_run": false, "crash_type": "PARKED MOTOR VEHICLE", "lighting": "DUSK", "street": "2148 S DAMEN AVE", "ward": "38", "segment_id": "35", "data_tier": "real"}}, {"type": "Feature", "geometry": {"type": "Point", "coordinates": [-87.70755, 41.806492]}, "properties": {"crash_id": "FIXTURECRASH00555", "date": "2022-07-26T03:08:00", "injury_severity": "reported_not_evident", "dooring": false, "hit_and_run": false, "crash_type": "TURNING", "lighting": "DARKNESS, LIGHTED ROAD", "street": "3921 W ARCHER AVE", "ward": "23", "segment_id": "180", "data_tier": "real"}}, {"type": "Feature", "geometry": {"type": "Point", "coordinates": [-87.648719, 41.934219]}, "properties": {"crash_id": "FIXTURECRASH00556", "date": "2024-03-05T16:23:00", "injury_severity": "non_incapacitating", "dooring": false, "hit_and_run": false, "crash_type": "REAR END", "lighting": "DAYLIGHT", "street": "5589 N HALSTED ST", "ward": "39", "segment_id": "69", "data_tier": "real"}}, {"type": "Feature", "geometry": {"type": "Point", "coordinates": [-87.649929, 41.837028]}, "properties": {"crash_id": "FIXTURECRASH00557", "date": "2020-12-04T18:30:00", "injury_severity": "none", "dooring": false, "hit_and_run": false, "crash_type": "PEDALCYCLIST", "lighting": "DAYLIGHT", "street": "5973 N ARCHER AVE", "ward": "29", "segment_id": "168", "data_tier": "real"}}, {"type": "Feature", "geometry": {"type": "Point", "coordinates": [-87.657352, 41.833052]}, "properties": {"crash_id": "FIXTURECRASH00558", "date": "2017-09-27T15:39:00", "injury_severity": "none", "dooring": false, "hit_and_run": false, "crash_type": "PEDALCYCLIST", "lighting": "DAYLIGHT", "street": "4358 N ARCHER AVE", "ward": "28", "segment_id": "170", "data_tier": "real"}}, {"type": "Feature", "geometry": {"type": "Point", "coordinates": [-87.676948, 41.913053]}, "properties": {"crash_id": "FIXTURECRASH00559", "date": "2020-04-20T17:16:00", "injury_severity": "reported_not_evident", "dooring": false, "hit_and_run": false, "crash_type": "PARKED MOTOR VEHICLE", "lighting": "DUSK", "street": "277 S DAMEN AVE", "ward": "38", "segment_id": "36", "data_tier": "real"}}, {"type": "Feature", "geometry": {"type": "Point", "coordinates": [-87.629398, 41.879062]}, "properties": {"crash_id": "FIXTURECRASH00560", "date": "2023-03-13T11:42:00", "injury_severity": "non_incapacitating", "dooring": false, "hit_and_run": false, "crash_type": "FIXED OBJECT", "lighting": "DAYLIGHT", "street": "1313 N DEARBORN ST", "ward": "34", "segment_id": null, "data_tier": "real"}}, {"type": "Feature", "geometry": {"type": "Point", "coordinates": [-87.733448, 41.944118]}, "properties": {"crash_id": "FIXTURECRASH00561", "date": "2022-08-26T01:58:00", "injury_severity": "non_incapacitating", "dooring": false, "hit_and_run": false, "crash_type": "SIDESWIPE SAME DIRECTION", "lighting": "DARKNESS, LIGHTED ROAD", "street": "3030 S MILWAUKEE AVE", "ward": "42", "segment_id": "21", "data_tier": "real"}}, {"type": "Feature", "geometry": {"type": "Point", "coordinates": [-87.731757, 41.962886]}, "properties": {"crash_id": "FIXTURECRASH00562", "date": "2026-06-28T04:17:00", "injury_severity": "none", "dooring": false, "hit_and_run": false, "crash_type": "SIDESWIPE SAME DIRECTION", "lighting": "DAYLIGHT", "street": "5063 S ELSTON AVE", "ward": "42", "segment_id": "114", "data_tier": "real"}}, {"type": "Feature", "geometry": {"type": "Point", "coordinates": [-87.671795, 41.926142]}, "properties": {"crash_id": "FIXTURECRASH00563", "date": "2022-03-12T02:02:00", "injury_severity": "incapacitating", "dooring": false, "hit_and_run": true, "crash_type": "ANGLE", "lighting": "DAYLIGHT", "street": "5665 W WOOD ST", "ward": "38", "segment_id": "162", "data_tier": "real"}}, {"type": "Feature", "geometry": {"type": "Point", "coordinates": [-87.528804, 41.785952]}, "properties": {"crash_id": "FIXTURECRASH00564", "date": "2018-05-22T01:39:00", "injury_severity": "non_incapacitating", "dooring": false, "hit_and_run": false, "crash_type": "PARKED MOTOR VEHICLE", "lighting": "DAYLIGHT", "street": "341 S RANDOM ST", "ward": "20", "segment_id": null, "data_tier": "real"}}, {"type": "Feature", "geometry": {"type": "Point", "coordinates": [-87.784088, 41.858036]}, "properties": {"crash_id": "FIXTURECRASH00565", "date": "2020-07-01T15:28:00", "injury_severity": "none", "dooring": false, "hit_and_run": false, "crash_type": "ANGLE", "lighting": "DAYLIGHT", "street": "1675 N RANDOM ST", "ward": "26", "segment_id": null, "data_tier": "real"}}, {"type": "Feature", "geometry": {"type": "Point", "coordinates": [-87.731345, 41.979451]}, "properties": {"crash_id": "FIXTURECRASH00566", "date": "2022-03-30T18:34:00", "injury_severity": "non_incapacitating", "dooring": false, "hit_and_run": false, "crash_type": "FIXED OBJECT", "lighting": "DARKNESS, LIGHTED ROAD", "street": "4772 W RANDOM ST", "ward": "42", "segment_id": null, "data_tier": "real"}}, {"type": "Feature", "geometry": {"type": "Point", "coordinates": [-87.695167, 41.813358]}, "properties": {"crash_id": "FIXTURECRASH00567", "date": "2019-02-03T16:19:00", "injury_severity": "non_incapacitating", "dooring": false, "hit_and_run": false, "crash_type": "ANGLE", "lighting": "DAYLIGHT", "street": "1935 E ARCHER AVE", "ward": "23", "segment_id": "178", "data_tier": "real"}}, {"type": "Feature", "geometry": {"type": "Point", "coordinates": [-87.660133, 41.668415]}, "properties": {"crash_id": "FIXTURECRASH00568", "date": "2023-06-22T19:32:00", "injury_severity": "non_incapacitating", "dooring": false, "hit_and_run": false, "crash_type": "PEDALCYCLIST", "lighting": "DARKNESS, LIGHTED ROAD", "street": "2254 N RANDOM ST", "ward": "3", "segment_id": null, "data_tier": "real"}}, {"type": "Feature", "geometry": {"type": "Point", "coordinates": [-87.782603, 41.662569]}, "properties": {"crash_id": "FIXTURECRASH00569", "date": "2025-11-23T10:59:00", "injury_severity": "none", "dooring": false, "hit_and_run": false, "crash_type": "PEDALCYCLIST", "lighting": "DAYLIGHT", "street": "4719 N RANDOM ST", "ward": "2", "segment_id": null, "data_tier": "real"}}, {"type": "Feature", "geometry": {"type": "Point", "coordinates": [-87.836225, 41.742793]}, "properties": {"crash_id": "FIXTURECRASH00570", "date": "2018-01-24T15:32:00", "injury_severity": "non_incapacitating", "dooring": false, "hit_and_run": true, "crash_type": "SIDESWIPE SAME DIRECTION", "lighting": "DARKNESS, LIGHTED ROAD", "street": "553 N RANDOM ST", "ward": "11", "segment_id": null, "data_tier": "real"}}, {"type": "Feature", "geometry": {"type": "Point", "coordinates": [-87.692145, 41.919887]}, "properties": {"crash_id": "FIXTURECRASH00571", "date": "2022-06-27T22:27:00", "injury_severity": "reported_not_evident", "dooring": false, "hit_and_run": false, "crash_type": "SIDESWIPE SAME DIRECTION", "lighting": "DAYLIGHT", "street": "2910 W MILWAUKEE AVE", "ward": "38", "segment_id": "13", "data_tier": "real"}}, {"type": "Feature", "geometry": {"type": "Point", "coordinates": [-87.616874, 41.773516]}, "properties": {"crash_id": "FIXTURECRASH00572", "date": "2024-01-14T01:51:00", "injury_severity": "incapacitating", "dooring": false, "hit_and_run": false, "crash_type": "ANGLE", "lighting": "DAYLIGHT", "street": "1579 E VINCENNES AVE", "ward": "19", "segment_id": "195", "data_tier": "real"}}, {"type": "Feature", "geometry": {"type": "Point", "coordinates": [-87.66176, 41.888892]}, "properties": {"crash_id": "FIXTURECRASH00573", "date": "2018-07-10T08:34:00", "injury_severity": "non_incapacitating", "dooring": false, "hit_and_run": false, "crash_type": "FIXED OBJECT", "lighting": "DAYLIGHT", "street": "3105 E KINZIE ST", "ward": "33", "segment_id": "120", "data_tier": "real"}}, {"type": "Feature", "geometry": {"type": "Point", "coordinates": [-87.669101, 41.899273]}, "properties": {"crash_id": "FIXTURECRASH00574", "date": "2025-07-30T19:31:00", "injury_severity": "non_incapacitating", "dooring": false, "hit_and_run": false, "crash_type": "ANGLE", "lighting": "DARKNESS, LIGHTED ROAD", "street": "1826 N AUGUSTA BLVD", "ward": "33", "segment_id": null, "data_tier": "real"}}, {"type": "Feature", "geometry": {"type": "Point", "coordinates": [-87.601166, 41.795254]}, "properties": {"crash_id": "FIXTURECRASH00575", "date": "2020-09-12T08:37:00", "injury_severity": "non_incapacitating", "dooring": false, "hit_and_run": false, "crash_type": "PEDALCYCLIST", "lighting": "DAYLIGHT", "street": "254 W 55TH ST", "ward": "24", "segment_id": "127", "data_tier": "real"}}, {"type": "Feature", "geometry": {"type": "Point", "coordinates": [-87.664566, 41.889109]}, "properties": {"crash_id": "FIXTURECRASH00576", "date": "2023-09-28T11:59:00", "injury_severity": "incapacitating", "dooring": false, "hit_and_run": false, "crash_type": "PARKED MOTOR VEHICLE", "lighting": "DAYLIGHT", "street": "324 E KINZIE ST", "ward": "33", "segment_id": "120", "data_tier": "real"}}, {"type": "Feature", "geometry": {"type": "Point", "coordinates": [-87.617795, 41.76657]}, "properties": {"crash_id": "FIXTURECRASH00577", "date": "2023-08-31T14:27:00", "injury_severity": "reported_not_evident", "dooring": false, "hit_and_run": false, "crash_type": "PARKED MOTOR VEHICLE", "lighting": "DARKNESS, LIGHTED ROAD", "street": "3928 S VINCENNES AVE", "ward": "19", "segment_id": null, "data_tier": "real"}}, {"type": "Feature", "geometry": {"type": "Point", "coordinates": [-87.661543, 41.752413]}, "properties": {"crash_id": "FIXTURECRASH00578", "date": "2018-02-06T19:17:00", "injury_severity": "non_incapacitating", "dooring": false, "hit_and_run": false, "crash_type": "TURNING", "lighting": "DUSK", "street": "5513 E RANDOM ST", "ward": "13", "segment_id": null, "data_tier": "real"}}, {"type": "Feature", "geometry": {"type": "Point", "coordinates": [-87.586105, 41.795151]}, "properties": {"crash_id": "FIXTURECRASH00579", "date": "2023-11-28T06:26:00", "injury_severity": "incapacitating", "dooring": false, "hit_and_run": false, "crash_type": "PEDALCYCLIST", "lighting": "DAYLIGHT", "street": "624 W 55TH ST", "ward": "24", "segment_id": "125", "data_tier": "real"}}, {"type": "Feature", "geometry": {"type": "Point", "coordinates": [-87.646778, 41.865679]}, "properties": {"crash_id": "FIXTURECRASH00580", "date": "2020-04-11T03:41:00", "injury_severity": "incapacitating", "dooring": false, "hit_and_run": true, "crash_type": "REAR END", "lighting": "DARKNESS, LIGHTED ROAD", "street": "5976 S HALSTED ST", "ward": "29", "segment_id": "54", "data_tier": "real"}}, {"type": "Feature", "geometry": {"type": "Point", "coordinates": [-87.725847, 41.93994]}, "properties": {"crash_id": "FIXTURECRASH00581", "date": "2023-05-09T14:07:00", "injury_severity": "reported_not_evident", "dooring": false, "hit_and_run": false, "crash_type": "ANGLE", "lighting": "DAYLIGHT", "street": "5678 W MILWAUKEE AVE", "ward": "37", "segment_id": "19", "data_tier": "real"}}, {"type": "Feature", "geometry": {"type": "Point", "coordinates": [-87.585841, 41.76493]}, "properties": {"crash_id": "FIXTURECRASH00582", "date": "2024-12-23T11:30:00", "injury_severity": "non_incapacitating", "dooring": false, "hit_and_run": false, "crash_type": "ANGLE", "lighting": "DAYLIGHT", "street": "4943 N STONY ISLAND AVE", "ward": "20", "segment_id": "202", "data_tier": "real"}}, {"type": "Feature", "geometry": {"type": "Point", "coordinates": [-87.672086, 41.887249]}, "properties": {"crash_id": "FIXTURECRASH00583", "date": "2026-03-21T20:05:00", "injury_severity": "non_incapacitating", "dooring": false, "hit_and_run": false, "crash_type": "ANGLE", "lighting": "DUSK", "street": "3524 N WOOD ST", "ward": "33", "segment_id": "154", "data_tier": "real"}}, {"type": "Feature", "geometry": {"type": "Point", "coordinates": [-87.646439, 41.939808]}, "properties": {"crash_id": "FIXTURECRASH00584", "date": "2026-04-11T11:14:00", "injury_severity": "reported_not_evident", "dooring": false, "hit_and_run": false, "crash_type": "PEDALCYCLIST", "lighting": "DAYLIGHT", "street": "3458 E CLARK ST", "ward": "39", "segment_id": "82", "data_tier": "real"}}, {"type": "Feature", "geometry": {"type": "Point", "coordinates": [-87.671941, 41.900908]}, "properties": {"crash_id": "FIXTURECRASH00585", "date": "2024-01-20T04:59:00", "injury_severity": "reported_not_evident", "dooring": false, "hit_and_run": false, "crash_type": "SIDESWIPE SAME DIRECTION", "lighting": "DUSK", "street": "2450 E WOOD ST", "ward": "33", "segment_id": "157", "data_tier": "real"}}, {"type": "Feature", "geometry": {"type": "Point", "coordinates": [-87.665218, 41.82934]}, "properties": {"crash_id": "FIXTURECRASH00586", "date": "2017-11-03T05:07:00", "injury_severity": "non_incapacitating", "dooring": false, "hit_and_run": false, "crash_type": "REAR END", "lighting": "DARKNESS, LIGHTED ROAD", "street": "3634 N ARCHER AVE", "ward": "23", "segment_id": null, "data_tier": "real"}}, {"type": "Feature", "geometry": {"type": "Point", "coordinates": [-87.673946, 41.888801]}, "properties": {"crash_id": "FIXTURECRASH00587", "date": "2019-01-01T10:57:00", "injury_severity": "non_incapacitating", "dooring": false, "hit_and_run": false, "crash_type": "REAR END", "lighting": "DAYLIGHT", "street": "3007 W KINZIE ST", "ward": "33", "segment_id": "122", "data_tier": "real"}}, {"type": "Feature", "geometry": {"type": "Point", "coordinates": [-87.607964, 41.906043]}, "properties": {"crash_id": "FIXTURECRASH00588", "date": "2025-10-13T18:58:00", "injury_severity": "reported_not_evident", "dooring": false, "hit_and_run": false, "crash_type": "PEDALCYCLIST", "lighting": "DUSK", "street": "3815 W RANDOM ST", "ward": "39", "segment_id": null, "data_tier": "real"}}, {"type": "Feature", "geometry": {"type": "Point", "coordinates": [-87.643571, 41.795155]}, "properties": {"crash_id": "FIXTURECRASH00589", "date": "2023-07-23T18:32:00", "injury_severity": "reported_not_evident", "dooring": false, "hit_and_run": true, "crash_type": "SIDESWIPE SAME DIRECTION", "lighting": "DAYLIGHT", "street": "1825 W 55TH ST", "ward": "24", "segment_id": "134", "data_tier": "real"}}, {"type": "Feature", "geometry": {"type": "Point", "coordinates": [-87.646253, 41.860942]}, "properties": {"crash_id": "FIXTURECRASH00590", "date": "2020-03-05T05:18:00", "injury_severity": "non_incapacitating", "dooring": false, "hit_and_run": false, "crash_type": "PARKED MOTOR VEHICLE", "lighting": "DAYLIGHT", "street": "886 S HALSTED ST", "ward": "29", "segment_id": "53", "data_tier": "real"}}, {"type": "Feature", "geometry": {"type": "Point", "coordinates": [-87.68902, 41.918527]}, "properties": {"crash_id": "FIXTURECRASH00591", "date": "2024-01-27T13:46:00", "injury_severity": "reported_not_evident", "dooring": false, "hit_and_run": false, "crash_type": "PARKED MOTOR VEHICLE", "lighting": "DARKNESS, LIGHTED ROAD", "street": "1082 W MILWAUKEE AVE", "ward": "38", "segment_id": "12", "data_tier": "real"}}, {"type": "Feature", "geometry": {"type": "Point", "coordinates": [-87.811567, 41.918021]}, "properties": {"crash_id": "FIXTURECRASH00592", "date": "2021-08-19T02:47:00", "injury_severity": "non_incapacitating", "dooring": false, "hit_and_run": false, "crash_type": "TURNING", "lighting": "DAYLIGHT", "street": "5266 N RANDOM ST", "ward": "36", "segment_id": null, "data_tier": "real"}}, {"type": "Feature", "geometry": {"type": "Point", "coordinates": [-87.745216, 41.941795]}, "properties": {"crash_id": "FIXTURECRASH00593", "date": "2023-12-05T21:53:00", "injury_severity": "reported_not_evident", "dooring": true, "hit_and_run": false, "crash_type": "FIXED OBJECT", "lighting": "DAYLIGHT", "street": "1903 S RANDOM ST", "ward": "37", "segment_id": null, "data_tier": "real"}}, {"type": "Feature", "geometry": {"type": "Point", "coordinates": [-87.635373, 41.911283]}, "properties": {"crash_id": "FIXTURECRASH00594", "date": "2026-01-26T06:00:00", "injury_severity": "reported_not_evident", "dooring": false, "hit_and_run": false, "crash_type": "REAR END", "lighting": "DUSK", "street": "3525 E CLARK ST", "ward": "39", "segment_id": "75", "data_tier": "real"}}, {"type": "Feature", "geometry": {"type": "Point", "coordinates": [-87.662741, 41.830627]}, "properties": {"crash_id": "FIXTURECRASH00595", "date": "2020-12-10T21:31:00", "injury_severity": "reported_not_evident", "dooring": false, "hit_and_run": false, "crash_type": "SIDESWIPE SAME DIRECTION", "lighting": "DUSK", "street": "890 S ARCHER AVE", "ward": "28", "segment_id": "171", "data_tier": "real"}}, {"type": "Feature", "geometry": {"type": "Point", "coordinates": [-87.676683, 41.894993]}, "properties": {"crash_id": "FIXTURECRASH00596", "date": "2018-12-10T11:44:00", "injury_severity": "non_incapacitating", "dooring": false, "hit_and_run": false, "crash_type": "PARKED MOTOR VEHICLE", "lighting": "DARKNESS, LIGHTED ROAD", "street": "2023 N DAMEN AVE", "ward": "33", "segment_id": "32", "data_tier": "real"}}, {"type": "Feature", "geometry": {"type": "Point", "coordinates": [-87.692166, 41.927937]}, "properties": {"crash_id": "FIXTURECRASH00597", "date": "2022-08-16T13:25:00", "injury_severity": "non_incapacitating", "dooring": false, "hit_and_run": false, "crash_type": "TURNING", "lighting": "DARKNESS, LIGHTED ROAD", "street": "473 E ELSTON AVE", "ward": "38", "segment_id": "105", "data_tier": "real"}}, {"type": "Feature", "geometry": {"type": "Point", "coordinates": [-87.530476, 41.68192]}, "properties": {"crash_id": "FIXTURECRASH00598", "date": "2024-07-07T10:08:00", "injury_severity": "reported_not_evident", "dooring": false, "hit_and_run": false, "crash_type": "FIXED OBJECT", "lighting": "DAYLIGHT", "street": "2830 E RANDOM ST", "ward": "10", "segment_id": null, "data_tier": "real"}}, {"type": "Feature", "geometry": {"type": "Point", "coordinates": [-87.648042, 41.922439]}, "properties": {"crash_id": "FIXTURECRASH00599", "date": "2020-12-02T05:58:00", "injury_severity": "non_incapacitating", "dooring": false, "hit_and_run": true, "crash_type": "ANGLE", "lighting": "DARKNESS, LIGHTED ROAD", "street": "264 N HALSTED ST", "ward": "39", "segment_id": "66", "data_tier": "real"}}, {"type": "Feature", "geometry": {"type": "Point", "coordinates": [-87.643731, 41.933308]}, "properties": {"crash_id": "FIXTURECRASH00600", "date": "2026-06-17T12:41:00", "injury_severity": "non_incapacitating", "dooring": false, "hit_and_run": true, "crash_type": "FIXED OBJECT", "lighting": "DAYLIGHT", "street": "5862 W CLARK ST", "ward": "39", "segment_id": "80", "data_tier": "real"}}, {"type": "Feature", "geometry": {"type": "Point", "coordinates": [-87.785886, 41.941196]}, "properties": {"crash_id": "FIXTURECRASH00601", "date": "2024-06-16T09:50:00", "injury_severity": "non_incapacitating", "dooring": false, "hit_and_run": false, "crash_type": "FIXED OBJECT", "lighting": "DAYLIGHT", "street": "916 E RANDOM ST", "ward": "36", "segment_id": null, "data_tier": "real"}}, {"type": "Feature", "geometry": {"type": "Point", "coordinates": [-87.653254, 41.957209]}, "properties": {"crash_id": "FIXTURECRASH00602", "date": "2025-07-19T17:32:00", "injury_severity": "non_incapacitating", "dooring": false, "hit_and_run": false, "crash_type": "SIDESWIPE SAME DIRECTION", "lighting": "DARKNESS, LIGHTED ROAD", "street": "3804 S CLARK ST", "ward": "43", "segment_id": "85", "data_tier": "real"}}, {"type": "Feature", "geometry": {"type": "Point", "coordinates": [-87.67858, 41.963559]}, "properties": {"crash_id": "FIXTURECRASH00603", "date": "2024-09-24T02:06:00", "injury_severity": "reported_not_evident", "dooring": false, "hit_and_run": true, "crash_type": "PARKED MOTOR VEHICLE", "lighting": "DARKNESS, LIGHTED ROAD", "street": "3402 W DAMEN AVE", "ward": "43", "segment_id": "47", "data_tier": "real"}}, {"type": "Feature", "geometry": {"type": "Point", "coordinates": [-87.628912, 41.895344]}, "properties": {"crash_id": "FIXTURECRASH00604", "date": "2021-04-09T22:36:00", "injury_severity": "reported_not_evident", "dooring": false, "hit_and_run": false, "crash_type": "PEDALCYCLIST", "lighting": "DAYLIGHT", "street": "4569 W DEARBORN ST", "ward": "34", "segment_id": "95", "data_tier": "real"}}, {"type": "Feature", "geometry": {"type": "Point", "coordinates": [-87.617181, 41.771166]}, "properties": {"crash_id": "FIXTURECRASH00605", "date": "2025-07-05T02:24:00", "injury_severity": "non_incapacitating", "dooring": false, "hit_and_run": false, "crash_type": "ANGLE", "lighting": "DARKNESS, LIGHTED ROAD", "street": "1031 N VINCENNES AVE", "ward": "19", "segment_id": "194", "data_tier": "real"}}, {"type": "Feature", "geometry": {"type": "Point", "coordinates": [-87.718196, 41.847892]}, "properties": {"crash_id": "FIXTURECRASH00606", "date": "2020-12-29T03:27:00", "injury_severity": "non_incapacitating", "dooring": false, "hit_and_run": false, "crash_type": "FIXED OBJECT", "lighting": "DAYLIGHT", "street": "3144 S RANDOM ST", "ward": "27", "segment_id": null, "data_tier": "real"}}, {"type": "Feature", "geometry": {"type": "Point", "coordinates": [-87.64904, 41.946516]}, "properties": {"crash_id": "FIXTURECRASH00607", "date": "2019-03-09T05:33:00", "injury_severity": "none", "dooring": false, "hit_and_run": false, "crash_type": "PEDALCYCLIST", "lighting": "DAYLIGHT", "street": "649 N CLARK ST", "ward": "44", "segment_id": "83", "data_tier": "real"}}, {"type": "Feature", "geometry": {"type": "Point", "coordinates": [-87.728346, 41.94129]}, "properties": {"crash_id": "FIXTURECRASH00608", "date": "2021-08-06T20:35:00", "injury_severity": "non_incapacitating", "dooring": false, "hit_and_run": false, "crash_type": "PEDALCYCLIST", "lighting": "DAYLIGHT", "street": "3591 E MILWAUKEE AVE", "ward": "37", "segment_id": "20", "data_tier": "real"}}, {"type": "Feature", "geometry": {"type": "Point", "coordinates": [-87.678889, 41.975018]}, "properties": {"crash_id": "FIXTURECRASH00609", "date": "2023-12-27T03:08:00", "injury_severity": "reported_not_evident", "dooring": false, "hit_and_run": false, "crash_type": "PARKED MOTOR VEHICLE", "lighting": "DARKNESS, LIGHTED ROAD", "street": "4951 E DAMEN AVE", "ward": "43", "segment_id": "49", "data_tier": "real"}}, {"type": "Feature", "geometry": {"type": "Point", "coordinates": [-87.641911, 41.928881]}, "properties": {"crash_id": "FIXTURECRASH00610", "date": "2019-04-24T04:10:00", "injury_severity": "reported_not_evident", "dooring": false, "hit_and_run": false, "crash_type": "TURNING", "lighting": "DAYLIGHT", "street": "3701 W CLARK ST", "ward": "39", "segment_id": "79", "data_tier": "real"}}, {"type": "Feature", "geometry": {"type": "Point", "coordinates": [-87.676788, 41.888885]}, "properties": {"crash_id": "FIXTURECRASH00611", "date": "2021-02-28T16:20:00", "injury_severity": "reported_not_evident", "dooring": false, "hit_and_run": false, "crash_type": "REAR END", "lighting": "DAYLIGHT", "street": "5927 S KINZIE ST", "ward": "33", "segment_id": "122", "data_tier": "real"}}, {"type": "Feature", "geometry": {"type": "Point", "coordinates": [-87.700093, 41.898951]}, "properties": {"crash_id": "FIXTURECRASH00612", "date": "2021-10-07T14:49:00", "injury_severity": "none", "dooring": false, "hit_and_run": false, "crash_type": "SIDESWIPE SAME DIRECTION", "lighting": "DAYLIGHT", "street": "1664 W AUGUSTA BLVD", "ward": "33", "segment_id": "147", "data_tier": "real"}}, {"type": "Feature", "geometry": {"type": "Point", "coordinates": [-87.631083, 41.899897]}, "properties": {"crash_id": "FIXTURECRASH00613", "date": "2021-10-20T08:32:00", "injury_severity": "incapacitating", "dooring": false, "hit_and_run": true, "crash_type": "PEDALCYCLIST", "lighting": "DAYLIGHT", "street": "5797 E CLARK ST", "ward": "34", "segment_id": "73", "data_tier": "real"}}, {"type": "Feature", "geometry": {"type": "Point", "coordinates": [-87.688201, 41.880251]}, "properties": {"crash_id": "FIXTURECRASH00614", "date": "2022-12-23T23:55:00", "injury_severity": "reported_not_evident", "dooring": false, "hit_and_run": true, "crash_type": "PARKED MOTOR VEHICLE", "lighting": "DAYLIGHT", "street": "5943 S RANDOM ST", "ward": "33", "segment_id": null, "data_tier": "real"}}, {"type": "Feature", "geometry": {"type": "Point", "coordinates": [-87.703685, 41.685382]}, "properties": {"crash_id": "FIXTURECRASH00615", "date": "2025-08-20T01:20:00", "injury_severity": "non_incapacitating", "dooring": false, "hit_and_run": true, "crash_type": "TURNING", "lighting": "DAYLIGHT", "street": "5604 E RANDOM ST", "ward": "8", "segment_id": null, "data_tier": "real"}}, {"type": "Feature", "geometry": {"type": "Point", "coordinates": [-87.573553, 41.793206]}, "properties": {"crash_id": "FIXTURECRASH00616", "date": "2025-03-05T01:04:00", "injury_severity": "non_incapacitating", "dooring": false, "hit_and_run": false, "crash_type": "REAR END", "lighting": "DAYLIGHT", "street": "464 E RANDOM ST", "ward": "25", "segment_id": null, "data_tier": "real"}}, {"type": "Feature", "geometry": {"type": "Point", "coordinates": [-87.680425, 41.912209]}, "properties": {"crash_id": "FIXTURECRASH00617", "date": "2021-06-30T14:36:00", "injury_severity": "none", "dooring": false, "hit_and_run": false, "crash_type": "SIDESWIPE SAME DIRECTION", "lighting": "DAYLIGHT", "street": "807 S MILWAUKEE AVE", "ward": "38", "segment_id": "10", "data_tier": "real"}}, {"type": "Feature", "geometry": {"type": "Point", "coordinates": [-87.717858, 41.950939]}, "properties": {"crash_id": "FIXTURECRASH00618", "date": "2020-06-07T09:53:00", "injury_severity": "none", "dooring": false, "hit_and_run": true, "crash_type": "PARKED MOTOR VEHICLE", "lighting": "DAYLIGHT", "street": "5882 E ELSTON AVE", "ward": "43", "segment_id": "111", "data_tier": "real"}}, {"type": "Feature", "geometry": {"type": "Point", "coordinates": [-87.645576, 41.937563]}, "properties": {"crash_id": "FIXTURECRASH00619", "date": "2020-12-22T08:44:00", "injury_severity": "reported_not_evident", "dooring": false, "hit_and_run": false, "crash_type": "SIDESWIPE SAME DIRECTION", "lighting": "DAYLIGHT", "street": "5357 W CLARK ST", "ward": "39", "segment_id": "81", "data_tier": "real"}}, {"type": "Feature", "geometry": {"type": "Point", "coordinates": [-87.672008, 41.898894]}, "properties": {"crash_id": "FIXTURECRASH00620", "date": "2024-11-29T21:50:00", "injury_severity": "non_incapacitating", "dooring": false, "hit_and_run": false, "crash_type": "FIXED OBJECT", "lighting": "DARKNESS, LIGHTED ROAD", "street": "843 S WOOD ST", "ward": "33", "segment_id": "157", "data_tier": "real"}}, {"type": "Feature", "geometry": {"type": "Point", "coordinates": [-87.662469, 41.830292]}, "properties": {"crash_id": "FIXTURECRASH00621", "date": "2021-04-15T11:36:00", "injury_severity": "non_incapacitating", "dooring": false, "hit_and_run": false, "crash_type": "PEDALCYCLIST", "lighting": "DAYLIGHT", "street": "164 S ARCHER AVE", "ward": "28", "segment_id": "171", "data_tier": "real"}}, {"type": "Feature", "geometry": {"type": "Point", "coordinates": [-87.695942, 41.756385]}, "properties": {"crash_id": "FIXTURECRASH00622", "date": "2019-10-03T00:28:00", "injury_severity": "reported_not_evident", "dooring": false, "hit_and_run": false, "crash_type": "REAR END", "lighting": "DARKNESS, LIGHTED ROAD", "street": "2169 E RANDOM ST", "ward": "18", "segment_id": null, "data_tier": "real"}}, {"type": "Feature", "geometry": {"type": "Point", "coordinates": [-87.598153, 41.973424]}, "properties": {"crash_id": "FIXTURECRASH00623", "date": "2023-05-09T03:26:00", "injury_severity": "reported_not_evident", "dooring": false, "hit_and_run": false, "crash_type": "REAR END", "lighting": "DARKNESS, LIGHTED ROAD", "street": "1463 E RANDOM ST", "ward": "44", "segment_id": null, "data_tier": "real"}}, {"type": "Feature", "geometry": {"type": "Point", "coordinates": [-87.666029, 41.905364]}, "properties": {"crash_id": "FIXTURECRASH00624", "date": "2026-04-03T04:51:00", "injury_severity": "non_incapacitating", "dooring": false, "hit_and_run": false, "crash_type": "ANGLE", "lighting": "DARKNESS, LIGHTED ROAD", "street": "1509 E ELSTON AVE", "ward": "33", "segment_id": "98", "data_tier": "real"}}, {"type": "Feature", "geometry": {"type": "Point", "coordinates": [-87.638998, 41.919749]}, "properties": {"crash_id": "FIXTURECRASH00625", "date": "2021-11-11T00:30:00", "injury_severity": "non_incapacitating", "dooring": false, "hit_and_run": false, "crash_type": "SIDESWIPE SAME DIRECTION", "lighting": "DARKNESS, LIGHTED ROAD", "street": "3969 W CLARK ST", "ward": "39", "segment_id": "77", "data_tier": "real"}}, {"type": "Feature", "geometry": {"type": "Point", "coordinates": [-87.585905, 41.748994]}, "properties": {"crash_id": "FIXTURECRASH00626", "date": "2020-11-03T21:46:00", "injury_severity": "reported_not_evident", "dooring": false, "hit_and_run": false, "crash_type": "REAR END", "lighting": "DAYLIGHT", "street": "4904 N STONY ISLAND AVE", "ward": "15", "segment_id": "198", "data_tier": "real"}}, {"type": "Feature", "geometry": {"type": "Point", "coordinates": [-87.728473, 41.941256]}, "properties": {"crash_id": "FIXTURECRASH00627", "date": "2018-07-14T20:14:00", "injury_severity": "non_incapacitating", "dooring": false, "hit_and_run": true, "crash_type": "PEDALCYCLIST", "lighting": "DAYLIGHT", "street": "3246 S MILWAUKEE AVE", "ward": "37", "segment_id": "20", "data_tier": "real"}}, {"type": "Feature", "geometry": {"type": "Point", "coordinates": [-87.645919, 41.889105]}, "properties": {"crash_id": "FIXTURECRASH00628", "date": "2018-11-10T14:51:00", "injury_severity": "non_incapacitating", "dooring": false, "hit_and_run": false, "crash_type": "FIXED OBJECT", "lighting": "DAYLIGHT", "street": "1154 W KINZIE ST", "ward": "34", "segment_id": "117", "data_tier": "real"}}, {"type": "Feature", "geometry": {"type": "Point", "coordinates": [-87.764646, 41.755123]}, "properties": {"crash_id": "FIXTURECRASH00629", "date": "2024-10-11T03:38:00", "injury_severity": "reported_not_evident", "dooring": false, "hit_and_run": false, "crash_type": "PARKED MOTOR VEHICLE", "lighting": "DARKNESS, LIGHTED ROAD", "street": "1014 S RANDOM ST", "ward": "17", "segment_id": null, "data_tier": "real"}}, {"type": "Feature", "geometry": {"type": "Point", "coordinates": [-87.619783, 41.759992]}, "properties": {"crash_id": "FIXTURECRASH00630", "date": "2024-07-23T23:55:00", "injury_severity": "reported_not_evident", "dooring": false, "hit_and_run": false, "crash_type": "SIDESWIPE SAME DIRECTION", "lighting": "DAYLIGHT", "street": "3870 E VINCENNES AVE", "ward": "19", "segment_id": "192", "data_tier": "real"}}, {"type": "Feature", "geometry": {"type": "Point", "coordinates": [-87.629205, 41.897763]}, "properties": {"crash_id": "FIXTURECRASH00631", "date": "2019-09-03T09:22:00", "injury_severity": "non_incapacitating", "dooring": true, "hit_and_run": true, "crash_type": "TURNING", "lighting": "DAYLIGHT", "street": "399 W DEARBORN ST", "ward": "34", "segment_id": "96", "data_tier": "real"}}, {"type": "Feature", "geometry": {"type": "Point", "coordinates": [-87.707737, 41.88051]}, "properties": {"crash_id": "FIXTURECRASH00632", "date": "2020-09-30T11:29:00", "injury_severity": "none", "dooring": false, "hit_and_run": true, "crash_type": "PARKED MOTOR VEHICLE", "lighting": "DARKNESS, LIGHTED ROAD", "street": "2775 E RANDOM ST", "ward": "33", "segment_id": null, "data_tier": "real"}}, {"type": "Feature", "geometry": {"type": "Point", "coordinates": [-87.682482, 41.819828]}, "properties": {"crash_id": "FIXTURECRASH00633", "date": "2026-01-15T08:46:00", "injury_severity": "reported_not_evident", "dooring": false, "hit_and_run": false, "crash_type": "PEDALCYCLIST", "lighting": "DARKNESS, LIGHTED ROAD", "street": "2583 S ARCHER AVE", "ward": "23", "segment_id": "175", "data_tier": "real"}}, {"type": "Feature", "geometry": {"type": "Point", "coordinates": [-87.603533, 41.806039]}, "properties": {"crash_id": "FIXTURECRASH00634", "date": "2026-05-24T05:17:00", "injury_severity": "reported_not_evident", "dooring": false, "hit_and_run": false, "crash_type": "REAR END", "lighting": "DARKNESS, LIGHTED ROAD", "street": "141 W RANDOM ST", "ward": "24", "segment_id": null, "data_tier": "real"}}, {"type": "Feature", "geometry": {"type": "Point", "coordinates": [-87.585884, 41.785415]}, "properties": {"crash_id": "FIXTURECRASH00635", "date": "2017-11-14T22:20:00", "injury_severity": "non_incapacitating", "dooring": false, "hit_and_run": false, "crash_type": "TURNING", "lighting": "DUSK", "street": "4976 E STONY ISLAND AVE", "ward": "20", "segment_id": "206", "data_tier": "real"}}, {"type": "Feature", "geometry": {"type": "Point", "coordinates": [-87.71571, 41.949153]}, "properties": {"crash_id": "FIXTURECRASH00636", "date": "2023-04-06T06:34:00", "injury_severity": "none", "dooring": false, "hit_and_run": false, "crash_type": "SIDESWIPE SAME DIRECTION", "lighting": "DAYLIGHT", "street": "4780 N ELSTON AVE", "ward": "43", "segment_id": "110", "data_tier": "real"}}, {"type": "Feature", "geometry": {"type": "Point", "coordinates": [-87.749669, 41.841245]}, "properties": {"crash_id": "FIXTURECRASH00637", "date": "2026-02-01T10:28:00", "injury_severity": "none", "dooring": false, "hit_and_run": false, "crash_type": "ANGLE", "lighting": "DUSK", "street": "4727 W RANDOM ST", "ward": "27", "segment_id": null, "data_tier": "real"}}, {"type": "Feature", "geometry": {"type": "Point", "coordinates": [-87.672002, 41.898763]}, "properties": {"crash_id": "FIXTURECRASH00638", "date": "2019-01-19T03:25:00", "injury_severity": "non_incapacitating", "dooring": false, "hit_and_run": false, "crash_type": "PEDALCYCLIST", "lighting": "DUSK", "street": "3385 W AUGUSTA BLVD", "ward": "33", "segment_id": "157", "data_tier": "real"}}, {"type": "Feature", "geometry": {"type": "Point", "coordinates": [-87.630803, 41.879505]}, "properties": {"crash_id": "FIXTURECRASH00639", "date": "2025-05-15T20:48:00", "injury_severity": "reported_not_evident", "dooring": false, "hit_and_run": false, "crash_type": "REAR END", "lighting": "DARKNESS, LIGHTED ROAD", "street": "4153 W RANDOM ST", "ward": "34", "segment_id": null, "data_tier": "real"}}, {"type": "Feature", "geometry": {"type": "Point", "coordinates": [-87.718228, 41.950636]}, "properties": {"crash_id": "FIXTURECRASH00640", "date": "2018-10-08T12:37:00", "injury_severity": "reported_not_evident", "dooring": false, "hit_and_run": true, "crash_type": "SIDESWIPE SAME DIRECTION", "lighting": "DARKNESS, LIGHTED ROAD", "street": "1936 S ELSTON AVE", "ward": "42", "segment_id": "111", "data_tier": "real"}}, {"type": "Feature", "geometry": {"type": "Point", "coordinates": [-87.639616, 41.921921]}, "properties": {"crash_id": "FIXTURECRASH00641", "date": "2018-09-08T11:01:00", "injury_severity": "none", "dooring": false, "hit_and_run": false, "crash_type": "PARKED MOTOR VEHICLE", "lighting": "DARKNESS, LIGHTED ROAD", "street": "1422 W CLARK ST", "ward": "39", "segment_id": "77", "data_tier": "real"}}, {"type": "Feature", "geometry": {"type": "Point", "coordinates": [-87.629076, 41.87238]}, "properties": {"crash_id": "FIXTURECRASH00642", "date": "2022-11-02T14:15:00", "injury_severity": "none", "dooring": false, "hit_and_run": false, "crash_type": "ANGLE", "lighting": "DAYLIGHT", "street": "5048 E DEARBORN ST", "ward": "34", "segment_id": "90", "data_tier": "real"}}, {"type": "Feature", "geometry": {"type": "Point", "coordinates": [-87.715906, 41.899169]}, "properties": {"crash_id": "FIXTURECRASH00643", "date": "2023-06-30T15:55:00", "injury_severity": "non_incapacitating", "dooring": false, "hit_and_run": false, "crash_type": "SIDESWIPE SAME DIRECTION", "lighting": "DAYLIGHT", "street": "5072 N RANDOM ST", "ward": "33", "segment_id": "150", "data_tier": "real"}}, {"type": "Feature", "geometry": {"type": "Point", "coordinates": [-87.836831, 41.915557]}, "properties": {"crash_id": "FIXTURECRASH00644", "date": "2022-02-23T22:59:00", "injury_severity": "reported_not_evident", "dooring": false, "hit_and_run": false, "crash_type": "SIDESWIPE SAME DIRECTION", "lighting": "DARKNESS, LIGHTED ROAD", "street": "2250 N RANDOM ST", "ward": "36", "segment_id": null, "data_tier": "real"}}, {"type": "Feature", "geometry": {"type": "Point", "coordinates": [-87.780672, 41.94231]}, "properties": {"crash_id": "FIXTURECRASH00645", "date": "2018-10-03T10:41:00", "injury_severity": "none", "dooring": false, "hit_and_run": false, "crash_type": "FIXED OBJECT", "lighting": "DARKNESS, LIGHTED ROAD", "street": "5745 W RANDOM ST", "ward": "37", "segment_id": null, "data_tier": "real"}}, {"type": "Feature", "geometry": {"type": "Point", "coordinates": [-87.754818, 41.696249]}, "properties": {"crash_id": "FIXTURECRASH00646", "date": "2020-02-23T11:36:00", "injury_severity": "non_incapacitating", "dooring": false, "hit_and_run": false, "crash_type": "TURNING", "lighting": "DAYLIGHT", "street": "5941 W RANDOM ST", "ward": "7", "segment_id": null, "data_tier": "real"}}, {"type": "Feature", "geometry": {"type": "Point", "coordinates": [-87.774787, 41.737776]}, "properties": {"crash_id": "FIXTURECRASH00647", "date": "2020-01-15T18:19:00", "injury_severity": "non_incapacitating", "dooring": false, "hit_and_run": false, "crash_type": "TURNING", "lighting": "DAYLIGHT", "street": "4333 W RANDOM ST", "ward": "12", "segment_id": null, "data_tier": "real"}}, {"type": "Feature", "geometry": {"type": "Point", "coordinates": [-87.680117, 41.889174]}, "properties": {"crash_id": "FIXTURECRASH00648", "date": "2023-07-23T15:11:00", "injury_severity": "reported_not_evident", "dooring": false, "hit_and_run": false, "crash_type": "PEDALCYCLIST", "lighting": "DAYLIGHT", "street": "1937 S KINZIE ST", "ward": "33", "segment_id": "123", "data_tier": "real"}}, {"type": "Feature", "geometry": {"type": "Point", "coordinates": [-87.672193, 41.931048]}, "properties": {"crash_id": "FIXTURECRASH00649", "date": "2026-06-13T16:57:00", "injury_severity": "non_incapacitating", "dooring": false, "hit_and_run": true, "crash_type": "TURNING", "lighting": "DAYLIGHT", "street": "2799 N WOOD ST", "ward": "38", "segment_id": "164", "data_tier": "real"}}, {"type": "Feature", "geometry": {"type": "Point", "coordinates": [-87.681215, 41.899008]}, "properties": {"crash_id": "FIXTURECRASH00650", "date": "2019-09-19T22:59:00", "injury_severity": "reported_not_evident", "dooring": false, "hit_and_run": false, "crash_type": "ANGLE", "lighting": "DARKNESS, LIGHTED ROAD", "street": "2277 E AUGUSTA BLVD", "ward": "33", "segment_id": "144", "data_tier": "real"}}, {"type": "Feature", "geometry": {"type": "Point", "coordinates": [-87.643917, 41.932936]}, "properties": {"crash_id": "FIXTURECRASH00651", "date": "2022-11-15T03:34:00", "injury_severity": "incapacitating", "dooring": false, "hit_and_run": true, "crash_type": "FIXED OBJECT", "lighting": "DAYLIGHT", "street": "783 W CLARK ST", "ward": "39", "segment_id": "80", "data_tier": "real"}}, {"type": "Feature", "geometry": {"type": "Point", "coordinates": [-87.723332, 41.938236]}, "properties": {"crash_id": "FIXTURECRASH00652", "date": "2025-09-28T14:49:00", "injury_severity": "reported_not_evident", "dooring": false, "hit_and_run": false, "crash_type": "PARKED MOTOR VEHICLE", "lighting": "DUSK", "street": "3435 E MILWAUKEE AVE", "ward": "37", "segment_id": "19", "data_tier": "real"}}, {"type": "Feature", "geometry": {"type": "Point", "coordinates": [-87.563804, 41.753862]}, "properties": {"crash_id": "FIXTURECRASH00653", "date": "2020-06-16T10:17:00", "injury_severity": "none", "dooring": false, "hit_and_run": false, "crash_type": "TURNING", "lighting": "DARKNESS, LIGHTED ROAD", "street": "2714 W RANDOM ST", "ward": "15", "segment_id": null, "data_tier": "real"}}, {"type": "Feature", "geometry": {"type": "Point", "coordinates": [-87.643808, 41.794891]}, "properties": {"crash_id": "FIXTURECRASH00654", "date": "2019-09-19T06:49:00", "injury_severity": "non_incapacitating", "dooring": false, "hit_and_run": false, "crash_type": "ANGLE", "lighting": "DAYLIGHT", "street": "4445 W 55TH ST", "ward": "24", "segment_id": "134", "data_tier": "real"}}, {"type": "Feature", "geometry": {"type": "Point", "coordinates": [-87.652669, 41.955206]}, "properties": {"crash_id": "FIXTURECRASH00655", "date": "2024-07-05T21:10:00", "injury_severity": "non_incapacitating", "dooring": false, "hit_and_run": false, "crash_type": "SIDESWIPE SAME DIRECTION", "lighting": "DUSK", "street": "2253 W CLARK ST", "ward": "43", "segment_id": "85", "data_tier": "real"}}, {"type": "Feature", "geometry": {"type": "Point", "coordinates": [-87.745936, 41.955108]}, "properties": {"crash_id": "FIXTURECRASH00656", "date": "2021-02-13T13:36:00", "injury_severity": "non_incapacitating", "dooring": false, "hit_and_run": false, "crash_type": "PEDALCYCLIST", "lighting": "DARKNESS, LIGHTED ROAD", "street": "1246 W RANDOM ST", "ward": "42", "segment_id": null, "data_tier": "real"}}, {"type": "Feature", "geometry": {"type": "Point", "coordinates": [-87.661712, 41.901646]}, "properties": {"crash_id": "FIXTURECRASH00657", "date": "2021-04-27T17:35:00", "injury_severity": "none", "dooring": false, "hit_and_run": false, "crash_type": "ANGLE", "lighting": "DUSK", "street": "975 N ELSTON AVE", "ward": "33", "segment_id": "97", "data_tier": "real"}}, {"type": "Feature", "geometry": {"type": "Point", "coordinates": [-87.533289, 41.788224]}, "properties": {"crash_id": "FIXTURECRASH00658", "date": "2025-08-03T15:15:00", "injury_severity": "non_incapacitating", "dooring": false, "hit_and_run": true, "crash_type": "REAR END", "lighting": "DARKNESS, LIGHTED ROAD", "street": "2907 E RANDOM ST", "ward": "20", "segment_id": null, "data_tier": "real"}}, {"type": "Feature", "geometry": {"type": "Point", "coordinates": [-87.628611, 41.724339]}, "properties": {"crash_id": "FIXTURECRASH00659", "date": "2022-04-22T04:55:00", "injury_severity": "non_incapacitating", "dooring": false, "hit_and_run": false, "crash_type": "REAR END", "lighting": "DAYLIGHT", "street": "2785 E VINCENNES AVE", "ward": "14", "segment_id": "183", "data_tier": "real"}}, {"type": "Feature", "geometry": {"type": "Point", "coordinates": [-87.606111, 41.905715]}, "properties": {"crash_id": "FIXTURECRASH00660", "date": "2021-09-19T14:47:00", "injury_severity": "non_incapacitating", "dooring": false, "hit_and_run": false, "crash_type": "SIDESWIPE SAME DIRECTION", "lighting": "DAYLIGHT", "street": "5651 E RANDOM ST", "ward": "34", "segment_id": null, "data_tier": "real"}}, {"type": "Feature", "geometry": {"type": "Point", "coordinates": [-87.658765, 41.889083]}, "properties": {"crash_id": "FIXTURECRASH00661", "date": "2023-08-05T01:58:00", "injury_severity": "reported_not_evident", "dooring": false, "hit_and_run": false, "crash_type": "REAR END", "lighting": "DARKNESS, LIGHTED ROAD", "street": "2779 W KINZIE ST", "ward": "33", "segment_id": "120", "data_tier": "real"}}, {"type": "Feature", "geometry": {"type": "Point", "coordinates": [-87.674518, 41.936624]}, "properties": {"crash_id": "FIXTURECRASH00662", "date": "2023-06-05T02:36:00", "injury_severity": "reported_not_evident", "dooring": false, "hit_and_run": false, "crash_type": "ANGLE", "lighting": "DAYLIGHT", "street": "1346 E RANDOM ST", "ward": "38", "segment_id": null, "data_tier": "real"}}, {"type": "Feature", "geometry": {"type": "Point", "coordinates": [-87.617396, 41.771172]}, "properties": {"crash_id": "FIXTURECRASH00663", "date": "2017-11-27T12:36:00", "injury_severity": "non_incapacitating", "dooring": true, "hit_and_run": false, "crash_type": "PARKED MOTOR VEHICLE", "lighting": "DARKNESS, LIGHTED ROAD", "street": "3599 S VINCENNES AVE", "ward": "19", "segment_id": "194", "data_tier": "real"}}, {"type": "Feature", "geometry": {"type": "Point", "coordinates": [-87.732967, 41.858287]}, "properties": {"crash_id": "FIXTURECRASH00664", "date": "2025-09-07T18:09:00", "injury_severity": "non_incapacitating", "dooring": false, "hit_and_run": true, "crash_type": "ANGLE", "lighting": "DAYLIGHT", "street": "5030 N RANDOM ST", "ward": "27", "segment_id": null, "data_tier": "real"}}, {"type": "Feature", "geometry": {"type": "Point", "coordinates": [-87.632805, 41.992817]}, "properties": {"crash_id": "FIXTURECRASH00665", "date": "2019-12-06T09:10:00", "injury_severity": "reported_not_evident", "dooring": false, "hit_and_run": false, "crash_type": "ANGLE", "lighting": "DAYLIGHT", "street": "3701 N RANDOM ST", "ward": "49", "segment_id": null, "data_tier": "real"}}, {"type": "Feature", "geometry": {"type": "Point", "coordinates": [-87.655463, 41.795073]}, "properties": {"crash_id": "FIXTURECRASH00666", "date": "2024-04-14T03:05:00", "injury_severity": "non_incapacitating", "dooring": false, "hit_and_run": false, "crash_type": "REAR END", "lighting": "DARKNESS, LIGHTED ROAD", "street": "1085 W 55TH ST", "ward": "23", "segment_id": "136", "data_tier": "real"}}, {"type": "Feature", "geometry": {"type": "Point", "coordinates": [-87.67798, 41.942978]}, "properties": {"crash_id": "FIXTURECRASH00667", "date": "2018-12-03T14:01:00", "injury_severity": "fatal", "dooring": false, "hit_and_run": false, "crash_type": "SIDESWIPE SAME DIRECTION", "lighting": "DARKNESS, LIGHTED ROAD", "street": "2639 N DAMEN AVE", "ward": "38", "segment_id": "42", "data_tier": "real"}}, {"type": "Feature", "geometry": {"type": "Point", "coordinates": [-87.531803, 41.646023]}, "properties": {"crash_id": "FIXTURECRASH00668", "date": "2025-11-06T20:57:00", "injury_severity": "non_incapacitating", "dooring": true, "hit_and_run": true, "crash_type": "PARKED MOTOR VEHICLE", "lighting": "DAYLIGHT", "street": "4348 S RANDOM ST", "ward": "5", "segment_id": null, "data_tier": "real"}}, {"type": "Feature", "geometry": {"type": "Point", "coordinates": [-87.727338, 41.891162]}, "properties": {"crash_id": "FIXTURECRASH00669", "date": "2022-04-27T05:26:00", "injury_severity": "non_incapacitating", "dooring": false, "hit_and_run": false, "crash_type": "REAR END", "lighting": "DAYLIGHT", "street": "996 S RANDOM ST", "ward": "32", "segment_id": null, "data_tier": "real"}}, {"type": "Feature", "geometry": {"type": "Point", "coordinates": [-87.744046, 41.740769]}, "properties": {"crash_id": "FIXTURECRASH00670", "date": "2026-06-14T00:21:00", "injury_severity": "incapacitating", "dooring": false, "hit_and_run": false, "crash_type": "PEDALCYCLIST", "lighting": "DAYLIGHT", "street": "5002 S RANDOM ST", "ward": "12", "segment_id": null, "data_tier": "real"}}, {"type": "Feature", "geometry": {"type": "Point", "coordinates": [-87.676496, 41.886126]}, "properties": {"crash_id": "FIXTURECRASH00671", "date": "2022-04-28T17:28:00", "injury_severity": "non_incapacitating", "dooring": false, "hit_and_run": false, "crash_type": "PARKED MOTOR VEHICLE", "lighting": "DAYLIGHT", "street": "2204 S DAMEN AVE", "ward": "33", "segment_id": "30", "data_tier": "real"}}, {"type": "Feature", "geometry": {"type": "Point", "coordinates": [-87.671845, 41.898864]}, "properties": {"crash_id": "FIXTURECRASH00672", "date": "2019-04-08T07:42:00", "injury_severity": "non_incapacitating", "dooring": false, "hit_and_run": true, "crash_type": "FIXED OBJECT", "lighting": "DARKNESS, LIGHTED ROAD", "street": "1953 E WOOD ST", "ward": "33", "segment_id": "157", "data_tier": "real"}}, {"type": "Feature", "geometry": {"type": "Point", "coordinates": [-87.709406, 41.898753]}, "properties": {"crash_id": "FIXTURECRASH00673", "date": "2026-03-10T04:20:00", "injury_severity": "reported_not_evident", "dooring": false, "hit_and_run": false, "crash_type": "ANGLE", "lighting": "DUSK", "street": "3254 N AUGUSTA BLVD", "ward": "33", "segment_id": "149", "data_tier": "real"}}, {"type": "Feature", "geometry": {"type": "Point", "coordinates": [-87.719068, 41.730375]}, "properties": {"crash_id": "FIXTURECRASH00674", "date": "2017-10-18T18:30:00", "injury_severity": "reported_not_evident", "dooring": false, "hit_and_run": false, "crash_type": "ANGLE", "lighting": "DUSK", "street": "3812 E RANDOM ST", "ward": "12", "segment_id": null, "data_tier": "real"}}, {"type": "Feature", "geometry": {"type": "Point", "coordinates": [-87.737476, 41.710801]}, "properties": {"crash_id": "FIXTURECRASH00675", "date": "2023-02-18T17:29:00", "injury_severity": "none", "dooring": false, "hit_and_run": true, "crash_type": "PARKED MOTOR VEHICLE", "lighting": "DAYLIGHT", "street": "3093 W RANDOM ST", "ward": "7", "segment_id": null, "data_tier": "real"}}, {"type": "Feature", "geometry": {"type": "Point", "coordinates": [-87.810308, 41.95543]}, "properties": {"crash_id": "FIXTURECRASH00676", "date": "2025-08-29T09:08:00", "injury_severity": "non_incapacitating", "dooring": false, "hit_and_run": false, "crash_type": "SIDESWIPE SAME DIRECTION", "lighting": "DARKNESS, LIGHTED ROAD", "street": "4285 S RANDOM ST", "ward": "41", "segment_id": null, "data_tier": "real"}}, {"type": "Feature", "geometry": {"type": "Point", "coordinates": [-87.586085, 41.748938]}, "properties": {"crash_id": "FIXTURECRASH00677", "date": "2018-03-12T17:23:00", "injury_severity": "reported_not_evident", "dooring": false, "hit_and_run": true, "crash_type": "REAR END", "lighting": "DAYLIGHT", "street": "1456 S STONY ISLAND AVE", "ward": "14", "segment_id": "198", "data_tier": "real"}}, {"type": "Feature", "geometry": {"type": "Point", "coordinates": [-87.652167, 41.888874]}, "properties": {"crash_id": "FIXTURECRASH00678", "date": "2022-05-23T15:29:00", "injury_severity": "non_incapacitating", "dooring": false, "hit_and_run": false, "crash_type": "TURNING", "lighting": "DAYLIGHT", "street": "5573 E KINZIE ST", "ward": "33", "segment_id": "118", "data_tier": "real"}}, {"type": "Feature", "geometry": {"type": "Point", "coordinates": [-87.691292, 41.693315]}, "properties": {"crash_id": "FIXTURECRASH00679", "date": "2019-06-19T07:25:00", "injury_severity": "non_incapacitating", "dooring": false, "hit_and_run": false, "crash_type": "SIDESWIPE SAME DIRECTION", "lighting": "DUSK", "street": "677 S RANDOM ST", "ward": "8", "segment_id": null, "data_tier": "real"}}, {"type": "Feature", "geometry": {"type": "Point", "coordinates": [-87.648645, 41.943133]}, "properties": {"crash_id": "FIXTURECRASH00680", "date": "2024-10-22T03:33:00", "injury_severity": "non_incapacitating", "dooring": false, "hit_and_run": false, "crash_type": "PARKED MOTOR VEHICLE", "lighting": "DUSK", "street": "2547 N HALSTED ST", "ward": "39", "segment_id": "71", "data_tier": "real"}}, {"type": "Feature", "geometry": {"type": "Point", "coordinates": [-87.612398, 41.926615]}, "properties": {"crash_id": "FIXTURECRASH00681", "date": "2020-09-19T01:24:00", "injury_severity": "non_incapacitating", "dooring": false, "hit_and_run": false, "crash_type": "SIDESWIPE SAME DIRECTION", "lighting": "DARKNESS, LIGHTED ROAD", "street": "5764 W RANDOM ST", "ward": "39", "segment_id": null, "data_tier": "real"}}, {"type": "Feature", "geometry": {"type": "Point", "coordinates": [-87.652314, 41.86926]}, "properties": {"crash_id": "FIXTURECRASH00682", "date": "2021-09-25T07:55:00", "injury_severity": "none", "dooring": false, "hit_and_run": false, "crash_type": "FIXED OBJECT", "lighting": "DARKNESS, LIGHTED ROAD", "street": "2395 E RANDOM ST", "ward": "33", "segment_id": null, "data_tier": "real"}}, {"type": "Feature", "geometry": {"type": "Point", "coordinates": [-87.628958, 41.881592]}, "properties": {"crash_id": "FIXTURECRASH00683", "date": "2023-02-10T07:37:00", "injury_severity": "reported_not_evident", "dooring": false, "hit_and_run": false, "crash_type": "SIDESWIPE SAME DIRECTION", "lighting": "DAYLIGHT", "street": "5069 W DEARBORN ST", "ward": "34", "segment_id": "92", "data_tier": "real"}}, {"type": "Feature", "geometry": {"type": "Point", "coordinates": [-87.586067, 41.785624]}, "properties": {"crash_id": "FIXTURECRASH00684", "date": "2018-12-26T07:23:00", "injury_severity": "reported_not_evident", "dooring": false, "hit_and_run": false, "crash_type": "REAR END", "lighting": "DARKNESS, LIGHTED ROAD", "street": "2945 W STONY ISLAND AVE", "ward": "19", "segment_id": "207", "data_tier": "real"}}, {"type": "Feature", "geometry": {"type": "Point", "coordinates": [-87.593382, 41.878685]}, "properties": {"crash_id": "FIXTURECRASH00685", "date": "2025-03-03T00:13:00", "injury_severity": "reported_not_evident", "dooring": false, "hit_and_run": false, "crash_type": "FIXED OBJECT", "lighting": "DAYLIGHT", "street": "332 W RANDOM ST", "ward": "34", "segment_id": null, "data_tier": "real"}}, {"type": "Feature", "geometry": {"type": "Point", "coordinates": [-87.58575, 41.742178]}, "properties": {"crash_id": "FIXTURECRASH00686", "date": "2024-10-14T08:49:00", "injury_severity": "non_incapacitating", "dooring": false, "hit_and_run": false, "crash_type": "PARKED MOTOR VEHICLE", "lighting": "DARKNESS, LIGHTED ROAD", "street": "2955 S STONY ISLAND AVE", "ward": "15", "segment_id": "197", "data_tier": "real"}}, {"type": "Feature", "geometry": {"type": "Point", "coordinates": [-87.62904, 41.872358]}, "properties": {"crash_id": "FIXTURECRASH00687", "date": "2022-03-22T10:39:00", "injury_severity": "reported_not_evident", "dooring": false, "hit_and_run": false, "crash_type": "PARKED MOTOR VEHICLE", "lighting": "DARKNESS, LIGHTED ROAD", "street": "4076 E DEARBORN ST", "ward": "34", "segment_id": "90", "data_tier": "real"}}, {"type": "Feature", "geometry": {"type": "Point", "coordinates": [-87.647358, 41.942088]}, "properties": {"crash_id": "FIXTURECRASH00688", "date": "2023-12-14T09:48:00", "injury_severity": "reported_not_evident", "dooring": false, "hit_and_run": true, "crash_type": "SIDESWIPE SAME DIRECTION", "lighting": "DUSK", "street": "5929 W CLARK ST", "ward": "39", "segment_id": "82", "data_tier": "real"}}, {"type": "Feature", "geometry": {"type": "Point", "coordinates": [-87.643321, 41.889124]}, "properties": {"crash_id": "FIXTURECRASH00689", "date": "2020-12-17T19:36:00", "injury_severity": "non_incapacitating", "dooring": false, "hit_and_run": false, "crash_type": "ANGLE", "lighting": "DARKNESS, LIGHTED ROAD", "street": "5568 E KINZIE ST", "ward": "34", "segment_id": "117", "data_tier": "real"}}, {"type": "Feature", "geometry": {"type": "Point", "coordinates": [-87.58588, 41.753705]}, "properties": {"crash_id": "FIXTURECRASH00690", "date": "2017-11-25T19:30:00", "injury_severity": "reported_not_evident", "dooring": false, "hit_and_run": false, "crash_type": "REAR END", "lighting": "DUSK", "street": "4348 W STONY ISLAND AVE", "ward": "15", "segment_id": "200", "data_tier": "real"}}, {"type": "Feature", "geometry": {"type": "Point", "coordinates": [-87.689846, 41.926196]}, "properties": {"crash_id": "FIXTURECRASH00691", "date": "2025-06-10T04:20:00", "injury_severity": "none", "dooring": false, "hit_and_run": false, "crash_type": "REAR END", "lighting": "DUSK", "street": "4257 W ELSTON AVE", "ward": "38", "segment_id": "104", "data_tier": "real"}}, {"type": "Feature", "geometry": {"type": "Point", "coordinates": [-87.667156, 41.885087]}, "properties": {"crash_id": "FIXTURECRASH00692", "date": "2020-03-06T14:17:00", "injury_severity": "reported_not_evident", "dooring": false, "hit_and_run": false, "crash_type": "SIDESWIPE SAME DIRECTION", "lighting": "DUSK", "street": "629 S RANDOM ST", "ward": "33", "segment_id": null, "data_tier": "real"}}, {"type": "Feature", "geometry": {"type": "Point", "coordinates": [-87.627712, 41.729005]}, "properties": {"crash_id": "FIXTURECRASH00693", "date": "2025-09-23T08:36:00", "injury_severity": "non_incapacitating", "dooring": false, "hit_and_run": false, "crash_type": "FIXED OBJECT", "lighting": "DAYLIGHT", "street": "1192 W VINCENNES AVE", "ward": "14", "segment_id": "185", "data_tier": "real"}}, {"type": "Feature", "geometry": {"type": "Point", "coordinates": [-87.586033, 41.776435]}, "properties": {"crash_id": "FIXTURECRASH00694", "date": "2023-09-20T21:37:00", "injury_severity": "non_incapacitating", "dooring": false, "hit_and_run": true, "crash_type": "REAR END", "lighting": "DAYLIGHT", "street": "681 N STONY ISLAND AVE", "ward": "19", "segment_id": "205", "data_tier": "real"}}, {"type": "Feature", "geometry": {"type": "Point", "coordinates": [-87.523435, 41.934019]}, "properties": {"crash_id": "FIXTURECRASH00695", "date": "2019-09-13T00:41:00", "injury_severity": "reported_not_evident", "dooring": false, "hit_and_run": false, "crash_type": "TURNING", "lighting": "DAYLIGHT", "street": "5714 W RANDOM ST", "ward": "40", "segment_id": null, "data_tier": "real"}}, {"type": "Feature", "geometry": {"type": "Point", "coordinates": [-87.628828, 41.881601]}, "properties": {"crash_id": "FIXTURECRASH00696", "date": "2020-06-29T15:05:00", "injury_severity": "non_incapacitating", "dooring": false, "hit_and_run": false, "crash_type": "ANGLE", "lighting": "DAYLIGHT", "street": "2882 W DEARBORN ST", "ward": "34", "segment_id": "92", "data_tier": "real"}}, {"type": "Feature", "geometry": {"type": "Point", "coordinates": [-87.726861, 41.662476]}, "properties": {"crash_id": "FIXTURECRASH00697", "date": "2019-07-23T00:33:00", "injury_severity": "incapacitating", "dooring": true, "hit_and_run": false, "crash_type": "SIDESWIPE SAME DIRECTION", "lighting": "DAYLIGHT", "street": "668 S RANDOM ST", "ward": "2", "segment_id": null, "data_tier": "real"}}, {"type": "Feature", "geometry": {"type": "Point", "coordinates": [-87.62455, 41.676847]}, "properties": {"crash_id": "FIXTURECRASH00698", "date": "2019-05-27T19:23:00", "injury_severity": "reported_not_evident", "dooring": false, "hit_and_run": false, "crash_type": "SIDESWIPE SAME DIRECTION", "lighting": "DAYLIGHT", "street": "3746 N RANDOM ST", "ward": "4", "segment_id": null, "data_tier": "real"}}, {"type": "Feature", "geometry": {"type": "Point", "coordinates": [-87.662559, 41.830372]}, "properties": {"crash_id": "FIXTURECRASH00699", "date": "2018-10-14T15:12:00", "injury_severity": "reported_not_evident", "dooring": false, "hit_and_run": false, "crash_type": "REAR END", "lighting": "DAYLIGHT", "street": "3285 W ARCHER AVE", "ward": "28", "segment_id": "171", "data_tier": "real"}}, {"type": "Feature", "geometry": {"type": "Point", "coordinates": [-87.64703, 41.879391]}, "properties": {"crash_id": "FIXTURECRASH00700", "date": "2022-03-14T01:22:00", "injury_severity": "incapacitating", "dooring": false, "hit_and_run": true, "crash_type": "SIDESWIPE SAME DIRECTION", "lighting": "DUSK", "street": "5464 E HALSTED ST", "ward": "34", "segment_id": "57", "data_tier": "real"}}, {"type": "Feature", "geometry": {"type": "Point", "coordinates": [-87.647976, 41.908923]}, "properties": {"crash_id": "FIXTURECRASH00701", "date": "2024-09-09T13:25:00", "injury_severity": "reported_not_evident", "dooring": false, "hit_and_run": false, "crash_type": "SIDESWIPE SAME DIRECTION", "lighting": "DAYLIGHT", "street": "4065 W HALSTED ST", "ward": "39", "segment_id": "64", "data_tier": "real"}}, {"type": "Feature", "geometry": {"type": "Point", "coordinates": [-87.656135, 41.756706]}, "properties": {"crash_id": "FIXTURECRASH00702", "date": "2024-01-27T17:11:00", "injury_severity": "reported_not_evident", "dooring": false, "hit_and_run": false, "crash_type": "PEDALCYCLIST", "lighting": "DARKNESS, LIGHTED ROAD", "street": "3253 S RANDOM ST", "ward": "18", "segment_id": null, "data_tier": "real"}}, {"type": "Feature", "geometry": {"type": "Point", "coordinates": [-87.667515, 41.90295]}, "properties": {"crash_id": "FIXTURECRASH00703", "date": "2020-02-25T22:20:00", "injury_severity": "non_incapacitating", "dooring": false, "hit_and_run": false, "crash_type": "SIDESWIPE SAME DIRECTION", "lighting": "DAYLIGHT", "street": "470 W MILWAUKEE AVE", "ward": "33", "segment_id": null, "data_tier": "real"}}, {"type": "Feature", "geometry": {"type": "Point", "coordinates": [-87.682027, 41.919501]}, "properties": {"crash_id": "FIXTURECRASH00704", "date": "2021-11-01T12:02:00", "injury_severity": "non_incapacitating", "dooring": false, "hit_and_run": false, "crash_type": "ANGLE", "lighting": "DUSK", "street": "5917 E ELSTON AVE", "ward": "38", "segment_id": "102", "data_tier": "real"}}, {"type": "Feature", "geometry": {"type": "Point", "coordinates": [-87.658078, 41.888949]}, "properties": {"crash_id": "FIXTURECRASH00705", "date": "2026-05-28T15:16:00", "injury_severity": "reported_not_evident", "dooring": true, "hit_and_run": false, "crash_type": "FIXED OBJECT", "lighting": "DARKNESS, LIGHTED ROAD", "street": "1155 S KINZIE ST", "ward": "33", "segment_id": "119", "data_tier": "real"}}, {"type": "Feature", "geometry": {"type": "Point", "coordinates": [-87.690511, 41.89911]}, "properties": {"crash_id": "FIXTURECRASH00706", "date": "2025-04-20T22:59:00", "injury_severity": "none", "dooring": false, "hit_and_run": false, "crash_type": "REAR END", "lighting": "DAYLIGHT", "street": "1078 W AUGUSTA BLVD", "ward": "33", "segment_id": "145", "data_tier": "real"}}, {"type": "Feature", "geometry": {"type": "Point", "coordinates": [-87.706455, 41.928402]}, "properties": {"crash_id": "FIXTURECRASH00707", "date": "2018-02-03T12:11:00", "injury_severity": "non_incapacitating", "dooring": false, "hit_and_run": false, "crash_type": "PARKED MOTOR VEHICLE", "lighting": "DAYLIGHT", "street": "3688 S MILWAUKEE AVE", "ward": "38", "segment_id": "15", "data_tier": "real"}}, {"type": "Feature", "geometry": {"type": "Point", "coordinates": [-87.84531, 41.656628]}, "properties": {"crash_id": "FIXTURECRASH00708", "date": "2019-05-19T10:55:00", "injury_severity": "non_incapacitating", "dooring": false, "hit_and_run": true, "crash_type": "TURNING", "lighting": "DARKNESS, LIGHTED ROAD", "street": "3213 S RANDOM ST", "ward": "1", "segment_id": null, "data_tier": "real"}}, {"type": "Feature", "geometry": {"type": "Point", "coordinates": [-87.715969, 41.949143]}, "properties": {"crash_id": "FIXTURECRASH00709", "date": "2020-06-03T19:33:00", "injury_severity": "non_incapacitating", "dooring": false, "hit_and_run": true, "crash_type": "ANGLE", "lighting": "DARKNESS, LIGHTED ROAD", "street": "633 W ELSTON AVE", "ward": "43", "segment_id": "111", "data_tier": "real"}}, {"type": "Feature", "geometry": {"type": "Point", "coordinates": [-87.646409, 41.85869]}, "properties": {"crash_id": "FIXTURECRASH00710", "date": "2017-09-15T18:03:00", "injury_severity": "non_incapacitating", "dooring": false, "hit_and_run": false, "crash_type": "PEDALCYCLIST", "lighting": "DAYLIGHT", "street": "262 W HALSTED ST", "ward": "29", "segment_id": "52", "data_tier": "real"}}, {"type": "Feature", "geometry": {"type": "Point", "coordinates": [-87.626338, 41.73548]}, "properties": {"crash_id": "FIXTURECRASH00711", "date": "2021-07-15T20:29:00", "injury_severity": "reported_not_evident", "dooring": false, "hit_and_run": false, "crash_type": "ANGLE", "lighting": "DARKNESS, LIGHTED ROAD", "street": "2449 S VINCENNES AVE", "ward": "14", "segment_id": "186", "data_tier": "real"}}, {"type": "Feature", "geometry": {"type": "Point", "coordinates": [-87.628951, 41.874749]}, "properties": {"crash_id": "FIXTURECRASH00712", "date": "2023-09-27T07:25:00", "injury_severity": "non_incapacitating", "dooring": false, "hit_and_run": false, "crash_type": "TURNING", "lighting": "DAYLIGHT", "street": "3873 W DEARBORN ST", "ward": "34", "segment_id": "91", "data_tier": "real"}}, {"type": "Feature", "geometry": {"type": "Point", "coordinates": [-87.649025, 41.949901]}, "properties": {"crash_id": "FIXTURECRASH00713", "date": "2025-08-28T06:36:00", "injury_severity": "non_incapacitating", "dooring": false, "hit_and_run": false, "crash_type": "FIXED OBJECT", "lighting": "DUSK", "street": "3444 E HALSTED ST", "ward": "44", "segment_id": "72", "data_tier": "real"}}, {"type": "Feature", "geometry": {"type": "Point", "coordinates": [-87.704675, 41.807862]}, "properties": {"crash_id": "FIXTURECRASH00714", "date": "2026-05-09T19:26:00", "injury_severity": "incapacitating", "dooring": false, "hit_and_run": false, "crash_type": "TURNING", "lighting": "DARKNESS, LIGHTED ROAD", "street": "4339 W ARCHER AVE", "ward": "23", "segment_id": "179", "data_tier": "real"}}, {"type": "Feature", "geometry": {"type": "Point", "coordinates": [-87.618374, 41.766594]}, "properties": {"crash_id": "FIXTURECRASH00715", "date": "2022-03-05T18:50:00", "injury_severity": "non_incapacitating", "dooring": false, "hit_and_run": false, "crash_type": "TURNING", "lighting": "DARKNESS, LIGHTED ROAD", "street": "4086 E VINCENNES AVE", "ward": "19", "segment_id": "193", "data_tier": "real"}}, {"type": "Feature", "geometry": {"type": "Point", "coordinates": [-87.646341, 41.886744]}, "properties": {"crash_id": "FIXTURECRASH00716", "date": "2021-09-01T06:47:00", "injury_severity": "non_incapacitating", "dooring": false, "hit_and_run": false, "crash_type": "TURNING", "lighting": "DAYLIGHT", "street": "4879 W MILWAUKEE AVE", "ward": "34", "segment_id": "2", "data_tier": "real"}}, {"type": "Feature", "geometry": {"type": "Point", "coordinates": [-87.675445, 41.899063]}, "properties": {"crash_id": "FIXTURECRASH00717", "date": "2022-04-28T03:34:00", "injury_severity": "reported_not_evident", "dooring": false, "hit_and_run": false, "crash_type": "REAR END", "lighting": "DARKNESS, LIGHTED ROAD", "street": "5752 S AUGUSTA BLVD", "ward": "33", "segment_id": "143", "data_tier": "real"}}, {"type": "Feature", "geometry": {"type": "Point", "coordinates": [-87.724287, 41.691528]}, "properties": {"crash_id": "FIXTURECRASH00718", "date": "2021-12-02T15:10:00", "injury_severity": "none", "dooring": true, "hit_and_run": false, "crash_type": "FIXED OBJECT", "lighting": "DAYLIGHT", "street": "3764 N RANDOM ST", "ward": "7", "segment_id": null, "data_tier": "real"}}, {"type": "Feature", "geometry": {"type": "Point", "coordinates": [-87.827266, 41.976866]}, "properties": {"crash_id": "FIXTURECRASH00719", "date": "2019-03-07T19:19:00", "injury_severity": "none", "dooring": false, "hit_and_run": false, "crash_type": "ANGLE", "lighting": "DAYLIGHT", "street": "5927 N RANDOM ST", "ward": "41", "segment_id": null, "data_tier": "real"}}, {"type": "Feature", "geometry": {"type": "Point", "coordinates": [-87.629043, 41.876542]}, "properties": {"crash_id": "FIXTURECRASH00720", "date": "2017-12-06T15:20:00", "injury_severity": "non_incapacitating", "dooring": true, "hit_and_run": false, "crash_type": "ANGLE", "lighting": "DAYLIGHT", "street": "2864 N DEARBORN ST", "ward": "34", "segment_id": "91", "data_tier": "real"}}, {"type": "Feature", "geometry": {"type": "Point", "coordinates": [-87.648528, 41.934197]}, "properties": {"crash_id": "FIXTURECRASH00721", "date": "2021-01-22T12:12:00", "injury_severity": "reported_not_evident", "dooring": false, "hit_and_run": false, "crash_type": "PEDALCYCLIST", "lighting": "DAYLIGHT", "street": "4299 W HALSTED ST", "ward": "39", "segment_id": "69", "data_tier": "real"}}, {"type": "Feature", "geometry": {"type": "Point", "coordinates": [-87.634148, 41.794969]}, "properties": {"crash_id": "FIXTURECRASH00722", "date": "2025-03-14T02:51:00", "injury_severity": "none", "dooring": false, "hit_and_run": false, "crash_type": "PARKED MOTOR VEHICLE", "lighting": "DARKNESS, LIGHTED ROAD", "street": "976 S 55TH ST", "ward": "24", "segment_id": "132", "data_tier": "real"}}, {"type": "Feature", "geometry": {"type": "Point", "coordinates": [-87.846817, 41.968202]}, "properties": {"crash_id": "FIXTURECRASH00723", "date": "2017-10-26T23:51:00", "injury_severity": "non_incapacitating", "dooring": false, "hit_and_run": false, "crash_type": "REAR END", "lighting": "DAYLIGHT", "street": "3874 E RANDOM ST", "ward": "41", "segment_id": null, "data_tier": "real"}}, {"type": "Feature", "geometry": {"type": "Point", "coordinates": [-87.603799, 41.715818]}, "properties": {"crash_id": "FIXTURECRASH00724", "date": "2018-07-30T05:05:00", "injury_severity": "none", "dooring": false, "hit_and_run": true, "crash_type": "PEDALCYCLIST", "lighting": "DARKNESS, LIGHTED ROAD", "street": "750 W RANDOM ST", "ward": "9", "segment_id": null, "data_tier": "real"}}, {"type": "Feature", "geometry": {"type": "Point", "coordinates": [-87.61693, 41.828214]}, "properties": {"crash_id": "FIXTURECRASH00725", "date": "2022-12-05T09:46:00", "injury_severity": "none", "dooring": false, "hit_and_run": false, "crash_type": "PARKED MOTOR VEHICLE", "lighting": "DAYLIGHT", "street": "751 S RANDOM ST", "ward": "24", "segment_id": null, "data_tier": "real"}}, {"type": "Feature", "geometry": {"type": "Point", "coordinates": [-87.788274, 41.668796]}, "properties": {"crash_id": "FIXTURECRASH00726", "date": "2021-04-09T07:10:00", "injury_severity": "non_incapacitating", "dooring": false, "hit_and_run": false, "crash_type": "REAR END", "lighting": "DAYLIGHT", "street": "2438 S RANDOM ST", "ward": "1", "segment_id": null, "data_tier": "real"}}, {"type": "Feature", "geometry": {"type": "Point", "coordinates": [-87.646181, 41.854276]}, "properties": {"crash_id": "FIXTURECRASH00727", "date": "2025-11-20T01:39:00", "injury_severity": "none", "dooring": false, "hit_and_run": false, "crash_type": "PEDALCYCLIST", "lighting": "DARKNESS, LIGHTED ROAD", "street": "2708 E HALSTED ST", "ward": "29", "segment_id": "52", "data_tier": "real"}}, {"type": "Feature", "geometry": {"type": "Point", "coordinates": [-87.616085, 41.775398]}, "properties": {"crash_id": "FIXTURECRASH00728", "date": "2026-03-24T15:20:00", "injury_severity": "reported_not_evident", "dooring": false, "hit_and_run": true, "crash_type": "ANGLE", "lighting": "DAYLIGHT", "street": "2990 W VINCENNES AVE", "ward": "19", "segment_id": "195", "data_tier": "real"}}, {"type": "Feature", "geometry": {"type": "Point", "coordinates": [-87.647546, 41.899756]}, "properties": {"crash_id": "FIXTURECRASH00729", "date": "2019-03-26T10:24:00", "injury_severity": "reported_not_evident", "dooring": false, "hit_and_run": false, "crash_type": "TURNING", "lighting": "DAYLIGHT", "street": "1337 S HALSTED ST", "ward": "34", "segment_id": "61", "data_tier": "real"}}, {"type": "Feature", "geometry": {"type": "Point", "coordinates": [-87.631851, 41.902127]}, "properties": {"crash_id": "FIXTURECRASH00730", "date": "2023-10-30T08:14:00", "injury_severity": "non_incapacitating", "dooring": false, "hit_and_run": false, "crash_type": "FIXED OBJECT", "lighting": "DARKNESS, LIGHTED ROAD", "street": "1409 W CLARK ST", "ward": "34", "segment_id": "73", "data_tier": "real"}}, {"type": "Feature", "geometry": {"type": "Point", "coordinates": [-87.64942, 41.908289]}, "properties": {"crash_id": "FIXTURECRASH00731", "date": "2019-04-03T07:33:00", "injury_severity": "reported_not_evident", "dooring": false, "hit_and_run": false, "crash_type": "SIDESWIPE SAME DIRECTION", "lighting": "DARKNESS, LIGHTED ROAD", "street": "2873 E RANDOM ST", "ward": "39", "segment_id": null, "data_tier": "real"}}, {"type": "Feature", "geometry": {"type": "Point", "coordinates": [-87.706339, 41.940345]}, "properties": {"crash_id": "FIXTURECRASH00732", "date": "2021-10-23T18:30:00", "injury_severity": "incapacitating", "dooring": true, "hit_and_run": false, "crash_type": "TURNING", "lighting": "DARKNESS, LIGHTED ROAD", "street": "5738 S ELSTON AVE", "ward": "38", "segment_id": "108", "data_tier": "real"}}, {"type": "Feature", "geometry": {"type": "Point", "coordinates": [-87.684272, 41.921285]}, "properties": {"crash_id": "FIXTURECRASH00733", "date": "2026-06-07T20:36:00", "injury_severity": "non_incapacitating", "dooring": false, "hit_and_run": false, "crash_type": "REAR END", "lighting": "DAYLIGHT", "street": "258 E ELSTON AVE", "ward": "38", "segment_id": "103", "data_tier": "real"}}, {"type": "Feature", "geometry": {"type": "Point", "coordinates": [-87.631442, 41.795122]}, "properties": {"crash_id": "FIXTURECRASH00734", "date": "2019-11-01T08:45:00", "injury_severity": "non_incapacitating", "dooring": false, "hit_and_run": false, "crash_type": "PARKED MOTOR VEHICLE", "lighting": "DAYLIGHT", "street": "125 E 55TH ST", "ward": "24", "segment_id": "132", "data_tier": "real"}}, {"type": "Feature", "geometry": {"type": "Point", "coordinates": [-87.746324, 41.824185]}, "properties": {"crash_id": "FIXTURECRASH00735", "date": "2023-09-06T06:52:00", "injury_severity": "reported_not_evident", "dooring": false, "hit_and_run": false, "crash_type": "REAR END", "lighting": "DUSK", "street": "1696 E RANDOM ST", "ward": "22", "segment_id": null, "data_tier": "real"}}, {"type": "Feature", "geometry": {"type": "Point", "coordinates": [-87.628953, 41.87019]}, "properties": {"crash_id": "FIXTURECRASH00736", "date": "2022-05-24T02:23:00", "injury_severity": "reported_not_evident", "dooring": false, "hit_and_run": false, "crash_type": "ANGLE", "lighting": "DARKNESS, LIGHTED ROAD", "street": "3738 E DEARBORN ST", "ward": "34", "segment_id": "90", "data_tier": "real"}}, {"type": "Feature", "geometry": {"type": "Point", "coordinates": [-87.67197, 41.894156]}, "properties": {"crash_id": "FIXTURECRASH00737", "date": "2018-04-03T10:35:00", "injury_severity": "reported_not_evident", "dooring": false, "hit_and_run": false, "crash_type": "TURNING", "lighting": "DARKNESS, LIGHTED ROAD", "street": "5394 E WOOD ST", "ward": "33", "segment_id": "155", "data_tier": "real"}}, {"type": "Feature", "geometry": {"type": "Point", "coordinates": [-87.585947, 41.781066]}, "properties": {"crash_id": "FIXTURECRASH00738", "date": "2025-10-09T22:45:00", "injury_severity": "non_incapacitating", "dooring": false, "hit_and_run": false, "crash_type": "PEDALCYCLIST", "lighting": "DAYLIGHT", "street": "5947 S STONY ISLAND AVE", "ward": "20", "segment_id": "206", "data_tier": "real"}}, {"type": "Feature", "geometry": {"type": "Point", "coordinates": [-87.677984, 41.940722]}, "properties": {"crash_id": "FIXTURECRASH00739", "date": "2022-05-03T20:50:00", "injury_severity": "non_incapacitating", "dooring": false, "hit_and_run": false, "crash_type": "REAR END", "lighting": "DAYLIGHT", "street": "2236 S DAMEN AVE", "ward": "38", "segment_id": "42", "data_tier": "real"}}, {"type": "Feature", "geometry": {"type": "Point", "coordinates": [-87.626104, 41.735516]}, "properties": {"crash_id": "FIXTURECRASH00740", "date": "2026-03-04T07:09:00", "injury_severity": "non_incapacitating", "dooring": false, "hit_and_run": false, "crash_type": "TURNING", "lighting": "DARKNESS, LIGHTED ROAD", "street": "2472 W VINCENNES AVE", "ward": "14", "segment_id": "186", "data_tier": "real"}}, {"type": "Feature", "geometry": {"type": "Point", "coordinates": [-87.667564, 41.902702]}, "properties": {"crash_id": "FIXTURECRASH00741", "date": "2021-08-02T22:05:00", "injury_severity": "reported_not_evident", "dooring": false, "hit_and_run": false, "crash_type": "REAR END", "lighting": "DAYLIGHT", "street": "160 E MILWAUKEE AVE", "ward": "33", "segment_id": "7", "data_tier": "real"}}, {"type": "Feature", "geometry": {"type": "Point", "coordinates": [-87.765428, 41.926585]}, "properties": {"crash_id": "FIXTURECRASH00742", "date": "2019-11-11T10:57:00", "injury_severity": "non_incapacitating", "dooring": false, "hit_and_run": false, "crash_type": "FIXED OBJECT", "lighting": "DAYLIGHT", "street": "5436 W RANDOM ST", "ward": "37", "segment_id": null, "data_tier": "real"}}, {"type": "Feature", "geometry": {"type": "Point", "coordinates": [-87.783953, 41.972209]}, "properties": {"crash_id": "FIXTURECRASH00743", "date": "2024-01-23T23:47:00", "injury_severity": "non_incapacitating", "dooring": false, "hit_and_run": false, "crash_type": "FIXED OBJECT", "lighting": "DAYLIGHT", "street": "545 S RANDOM ST", "ward": "42", "segment_id": null, "data_tier": "real"}}, {"type": "Feature", "geometry": {"type": "Point", "coordinates": [-87.646947, 41.893023]}, "properties": {"crash_id": "FIXTURECRASH00744", "date": "2022-01-09T23:20:00", "injury_severity": "reported_not_evident", "dooring": false, "hit_and_run": false, "crash_type": "REAR END", "lighting": "DAYLIGHT", "street": "2437 S HALSTED ST", "ward": "34", "segment_id": null, "data_tier": "real"}}, {"type": "Feature", "geometry": {"type": "Point", "coordinates": [-87.543047, 41.999779]}, "properties": {"crash_id": "FIXTURECRASH00745", "date": "2021-01-25T14:24:00", "injury_severity": "none", "dooring": false, "hit_and_run": false, "crash_type": "ANGLE", "lighting": "DAYLIGHT", "street": "1662 W RANDOM ST", "ward": "50", "segment_id": null, "data_tier": "real"}}, {"type": "Feature", "geometry": {"type": "Point", "coordinates": [-87.654821, 41.893103]}, "properties": {"crash_id": "FIXTURECRASH00746", "date": "2019-12-18T03:58:00", "injury_severity": "reported_not_evident", "dooring": false, "hit_and_run": true, "crash_type": "FIXED OBJECT", "lighting": "DAYLIGHT", "street": "805 S MILWAUKEE AVE", "ward": "33", "segment_id": "4", "data_tier": "real"}}, {"type": "Feature", "geometry": {"type": "Point", "coordinates": [-87.671892, 41.919566]}, "properties": {"crash_id": "FIXTURECRASH00747", "date": "2020-01-31T02:25:00", "injury_severity": "none", "dooring": false, "hit_and_run": false, "crash_type": "PEDALCYCLIST", "lighting": "DARKNESS, LIGHTED ROAD", "street": "208 N WOOD ST", "ward": "38", "segment_id": "161", "data_tier": "real"}}, {"type": "Feature", "geometry": {"type": "Point", "coordinates": [-87.760252, 41.649277]}, "properties": {"crash_id": "FIXTURECRASH00748", "date": "2019-10-11T07:44:00", "injury_severity": "reported_not_evident", "dooring": false, "hit_and_run": false, "crash_type": "FIXED OBJECT", "lighting": "DAYLIGHT", "street": "5858 W RANDOM ST", "ward": "2", "segment_id": null, "data_tier": "real"}}, {"type": "Feature", "geometry": {"type": "Point", "coordinates": [-87.718205, 41.950823]}, "properties": {"crash_id": "FIXTURECRASH00749", "date": "2021-11-07T21:57:00", "injury_severity": "non_incapacitating", "dooring": false, "hit_and_run": false, "crash_type": "REAR END", "lighting": "DAYLIGHT", "street": "3434 S ELSTON AVE", "ward": "42", "segment_id": "111", "data_tier": "real"}}, {"type": "Feature", "geometry": {"type": "Point", "coordinates": [-87.712665, 41.803909]}, "properties": {"crash_id": "FIXTURECRASH00750", "date": "2022-07-05T02:38:00", "injury_severity": "non_incapacitating", "dooring": false, "hit_and_run": false, "crash_type": "TURNING", "lighting": "DAYLIGHT", "street": "5673 S ARCHER AVE", "ward": "23", "segment_id": "181", "data_tier": "real"}}, {"type": "Feature", "geometry": {"type": "Point", "coordinates": [-87.627412, 41.731216]}, "properties": {"crash_id": "FIXTURECRASH00751", "date": "2019-12-23T22:25:00", "injury_severity": "non_incapacitating", "dooring": false, "hit_and_run": false, "crash_type": "PEDALCYCLIST", "lighting": "DARKNESS, LIGHTED ROAD", "street": "4814 N VINCENNES AVE", "ward": "14", "segment_id": "185", "data_tier": "real"}}, {"type": "Feature", "geometry": {"type": "Point", "coordinates": [-87.706054, 41.940121]}, "properties": {"crash_id": "FIXTURECRASH00752", "date": "2025-01-12T12:14:00", "injury_severity": "reported_not_evident", "dooring": false, "hit_and_run": false, "crash_type": "SIDESWIPE SAME DIRECTION", "lighting": "DAYLIGHT", "street": "1375 S ELSTON AVE", "ward": "38", "segment_id": "108", "data_tier": "real"}}, {"type": "Feature", "geometry": {"type": "Point", "coordinates": [-87.748837, 41.904076]}, "properties": {"crash_id": "FIXTURECRASH00753", "date": "2026-02-21T12:19:00", "injury_severity": "non_incapacitating", "dooring": false, "hit_and_run": true, "crash_type": "PEDALCYCLIST", "lighting": "DAYLIGHT", "street": "1091 S RANDOM ST", "ward": "32", "segment_id": null, "data_tier": "real"}}, {"type": "Feature", "geometry": {"type": "Point", "coordinates": [-87.73202, 41.800329]}, "properties": {"crash_id": "FIXTURECRASH00754", "date": "2022-03-09T00:44:00", "injury_severity": "reported_not_evident", "dooring": false, "hit_and_run": false, "crash_type": "SIDESWIPE SAME DIRECTION", "lighting": "DAYLIGHT", "street": "4930 W RANDOM ST", "ward": "22", "segment_id": null, "data_tier": "real"}}, {"type": "Feature", "geometry": {"type": "Point", "coordinates": [-87.661795, 41.901744]}, "properties": {"crash_id": "FIXTURECRASH00755", "date": "2021-12-20T17:49:00", "injury_severity": "non_incapacitating", "dooring": false, "hit_and_run": false, "crash_type": "REAR END", "lighting": "DUSK", "street": "323 W ELSTON AVE", "ward": "33", "segment_id": "97", "data_tier": "real"}}, {"type": "Feature", "geometry": {"type": "Point", "coordinates": [-87.615955, 41.777712]}, "properties": {"crash_id": "FIXTURECRASH00756", "date": "2022-10-07T12:47:00", "injury_severity": "non_incapacitating", "dooring": false, "hit_and_run": false, "crash_type": "SIDESWIPE SAME DIRECTION", "lighting": "DAYLIGHT", "street": "5867 W VINCENNES AVE", "ward": "19", "segment_id": null, "data_tier": "real"}}, {"type": "Feature", "geometry": {"type": "Point", "coordinates": [-87.637577, 41.843811]}, "properties": {"crash_id": "FIXTURECRASH00757", "date": "2023-04-19T05:29:00", "injury_severity": "non_incapacitating", "dooring": false, "hit_and_run": false, "crash_type": "SIDESWIPE SAME DIRECTION", "lighting": "DARKNESS, LIGHTED ROAD", "street": "5819 W ARCHER AVE", "ward": "29", "segment_id": "166", "data_tier": "real"}}, {"type": "Feature", "geometry": {"type": "Point", "coordinates": [-87.643516, 41.888863]}, "properties": {"crash_id": "FIXTURECRASH00758", "date": "2018-07-12T06:30:00", "injury_severity": "reported_not_evident", "dooring": false, "hit_and_run": false, "crash_type": "SIDESWIPE SAME DIRECTION", "lighting": "DAYLIGHT", "street": "1930 E KINZIE ST", "ward": "34", "segment_id": "117", "data_tier": "real"}}, {"type": "Feature", "geometry": {"type": "Point", "coordinates": [-87.81169, 42.000256]}, "properties": {"crash_id": "FIXTURECRASH00759", "date": "2019-07-06T04:08:00", "injury_severity": "none", "dooring": false, "hit_and_run": false, "crash_type": "REAR END", "lighting": "DUSK", "street": "5825 W RANDOM ST", "ward": "46", "segment_id": null, "data_tier": "real"}}, {"type": "Feature", "geometry": {"type": "Point", "coordinates": [-87.629067, 41.883714]}, "properties": {"crash_id": "FIXTURECRASH00760", "date": "2018-05-25T02:16:00", "injury_severity": "none", "dooring": false, "hit_and_run": false, "crash_type": "SIDESWIPE SAME DIRECTION", "lighting": "DARKNESS, LIGHTED ROAD", "street": "1427 N DEARBORN ST", "ward": "34", "segment_id": "92", "data_tier": "real"}}, {"type": "Feature", "geometry": {"type": "Point", "coordinates": [-87.592169, 41.795194]}, "properties": {"crash_id": "FIXTURECRASH00761", "date": "2024-03-12T13:07:00", "injury_severity": "reported_not_evident", "dooring": true, "hit_and_run": false, "crash_type": "ANGLE", "lighting": "DAYLIGHT", "street": "3300 N 55TH ST", "ward": "24", "segment_id": "126", "data_tier": "real"}}, {"type": "Feature", "geometry": {"type": "Point", "coordinates": [-87.680658, 41.912281]}, "properties": {"crash_id": "FIXTURECRASH00762", "date": "2020-05-26T15:51:00", "injury_severity": "non_incapacitating", "dooring": false, "hit_and_run": true, "crash_type": "SIDESWIPE SAME DIRECTION", "lighting": "DARKNESS, LIGHTED ROAD", "street": "3277 N MILWAUKEE AVE", "ward": "38", "segment_id": "10", "data_tier": "real"}}, {"type": "Feature", "geometry": {"type": "Point", "coordinates": [-87.678129, 41.952271]}, "properties": {"crash_id": "FIXTURECRASH00763", "date": "2022-04-21T20:23:00", "injury_severity": "non_incapacitating", "dooring": false, "hit_and_run": false, "crash_type": "SIDESWIPE SAME DIRECTION", "lighting": "DAYLIGHT", "street": "3332 N DAMEN AVE", "ward": "43", "segment_id": "45", "data_tier": "real"}}, {"type": "Feature", "geometry": {"type": "Point", "coordinates": [-87.637766, 41.917321]}, "properties": {"crash_id": "FIXTURECRASH00764", "date": "2023-05-20T13:41:00", "injury_severity": "none", "dooring": false, "hit_and_run": false, "crash_type": "ANGLE", "lighting": "DUSK", "street": "714 W CLARK ST", "ward": "39", "segment_id": "76", "data_tier": "real"}}, {"type": "Feature", "geometry": {"type": "Point", "coordinates": [-87.758461, 41.65518]}, "properties": {"crash_id": "FIXTURECRASH00765", "date": "2020-10-25T14:41:00", "injury_severity": "non_incapacitating", "dooring": false, "hit_and_run": false, "crash_type": "REAR END", "lighting": "DUSK", "street": "3949 W RANDOM ST", "ward": "2", "segment_id": null, "data_tier": "real"}}, {"type": "Feature", "geometry": {"type": "Point", "coordinates": [-87.621701, 41.753498]}, "properties": {"crash_id": "FIXTURECRASH00766", "date": "2024-07-30T20:04:00", "injury_severity": "non_incapacitating", "dooring": false, "hit_and_run": false, "crash_type": "TURNING", "lighting": "DAYLIGHT", "street": "2755 S VINCENNES AVE", "ward": "14", "segment_id": "190", "data_tier": "real"}}, {"type": "Feature", "geometry": {"type": "Point", "coordinates": [-87.652118, 41.888988]}, "properties": {"crash_id": "FIXTURECRASH00767", "date": "2025-01-21T06:49:00", "injury_severity": "reported_not_evident", "dooring": false, "hit_and_run": false, "crash_type": "ANGLE", "lighting": "DAYLIGHT", "street": "5937 E KINZIE ST", "ward": "33", "segment_id": "118", "data_tier": "real"}}, {"type": "Feature", "geometry": {"type": "Point", "coordinates": [-87.639264, 41.972935]}, "properties": {"crash_id": "FIXTURECRASH00768", "date": "2019-12-22T19:50:00", "injury_severity": "reported_not_evident", "dooring": false, "hit_and_run": false, "crash_type": "ANGLE", "lighting": "DARKNESS, LIGHTED ROAD", "street": "5974 E RANDOM ST", "ward": "44", "segment_id": null, "data_tier": "real"}}, {"type": "Feature", "geometry": {"type": "Point", "coordinates": [-87.676919, 41.906615]}, "properties": {"crash_id": "FIXTURECRASH00769", "date": "2023-11-04T12:00:00", "injury_severity": "incapacitating", "dooring": false, "hit_and_run": false, "crash_type": "TURNING", "lighting": "DARKNESS, LIGHTED ROAD", "street": "2369 W DAMEN AVE", "ward": "38", "segment_id": "35", "data_tier": "real"}}, {"type": "Feature", "geometry": {"type": "Point", "coordinates": [-87.655307, 41.889062]}, "properties": {"crash_id": "FIXTURECRASH00770", "date": "2021-09-20T01:02:00", "injury_severity": "incapacitating", "dooring": false, "hit_and_run": false, "crash_type": "REAR END", "lighting": "DARKNESS, LIGHTED ROAD", "street": "5725 W KINZIE ST", "ward": "33", "segment_id": "119", "data_tier": "real"}}, {"type": "Feature", "geometry": {"type": "Point", "coordinates": [-87.671811, 41.937684]}, "properties": {"crash_id": "FIXTURECRASH00771", "date": "2020-04-02T07:39:00", "injury_severity": "reported_not_evident", "dooring": false, "hit_and_run": false, "crash_type": "TURNING", "lighting": "DARKNESS, LIGHTED ROAD", "street": "4635 E WOOD ST", "ward": "38", "segment_id": "165", "data_tier": "real"}}, {"type": "Feature", "geometry": {"type": "Point", "coordinates": [-87.605649, 41.674648]}, "properties": {"crash_id": "FIXTURECRASH00772", "date": "2020-09-09T15:07:00", "injury_severity": "non_incapacitating", "dooring": false, "hit_and_run": false, "crash_type": "SIDESWIPE SAME DIRECTION", "lighting": "DAYLIGHT", "street": "1521 S RANDOM ST", "ward": "4", "segment_id": null, "data_tier": "real"}}, {"type": "Feature", "geometry": {"type": "Point", "coordinates": [-87.671956, 41.912408]}, "properties": {"crash_id": "FIXTURECRASH00773", "date": "2018-08-02T13:45:00", "injury_severity": "reported_not_evident", "dooring": false, "hit_and_run": true, "crash_type": "FIXED OBJECT", "lighting": "DARKNESS, LIGHTED ROAD", "street": "2325 S WOOD ST", "ward": "38", "segment_id": "159", "data_tier": "real"}}, {"type": "Feature", "geometry": {"type": "Point", "coordinates": [-87.718335, 41.898889]}, "properties": {"crash_id": "FIXTURECRASH00774", "date": "2019-12-21T11:09:00", "injury_severity": "none", "dooring": false, "hit_and_run": false, "crash_type": "PARKED MOTOR VEHICLE", "lighting": "DARKNESS, LIGHTED ROAD", "street": "2674 E AUGUSTA BLVD", "ward": "32", "segment_id": "150", "data_tier": "real"}}, {"type": "Feature", "geometry": {"type": "Point", "coordinates": [-87.583245, 41.794933]}, "properties": {"crash_id": "FIXTURECRASH00775", "date": "2024-11-26T22:04:00", "injury_severity": "reported_not_evident", "dooring": false, "hit_and_run": false, "crash_type": "PEDALCYCLIST", "lighting": "DARKNESS, LIGHTED ROAD", "street": "267 W 55TH ST", "ward": "25", "segment_id": "124", "data_tier": "real"}}, {"type": "Feature", "geometry": {"type": "Point", "coordinates": [-87.64504, 41.937192]}, "properties": {"crash_id": "FIXTURECRASH00776", "date": "2023-01-13T05:10:00", "injury_severity": "non_incapacitating", "dooring": false, "hit_and_run": false, "crash_type": "FIXED OBJECT", "lighting": "DARKNESS, LIGHTED ROAD", "street": "397 W CLARK ST", "ward": "39", "segment_id": "81", "data_tier": "real"}}, {"type": "Feature", "geometry": {"type": "Point", "coordinates": [-87.662856, 41.899]}, "properties": {"crash_id": "FIXTURECRASH00777", "date": "2020-07-12T14:09:00", "injury_severity": "non_incapacitating", "dooring": false, "hit_and_run": false, "crash_type": "SIDESWIPE SAME DIRECTION", "lighting": "DAYLIGHT", "street": "1465 N AUGUSTA BLVD", "ward": "33", "segment_id": "141", "data_tier": "real"}}, {"type": "Feature", "geometry": {"type": "Point", "coordinates": [-87.645826, 41.889021]}, "properties": {"crash_id": "FIXTURECRASH00778", "date": "2019-11-10T19:45:00", "injury_severity": "non_incapacitating", "dooring": false, "hit_and_run": false, "crash_type": "PEDALCYCLIST", "lighting": "DAYLIGHT", "street": "3889 E KINZIE ST", "ward": "34", "segment_id": "117", "data_tier": "real"}}, {"type": "Feature", "geometry": {"type": "Point", "coordinates": [-87.793308, 41.763682]}, "properties": {"crash_id": "FIXTURECRASH00779", "date": "2020-09-20T16:52:00", "injury_severity": "incapacitating", "dooring": false, "hit_and_run": true, "crash_type": "PEDALCYCLIST", "lighting": "DARKNESS, LIGHTED ROAD", "street": "1377 S RANDOM ST", "ward": "16", "segment_id": null, "data_tier": "real"}}, {"type": "Feature", "geometry": {"type": "Point", "coordinates": [-87.648848, 41.947796]}, "properties": {"crash_id": "FIXTURECRASH00780", "date": "2024-11-04T19:48:00", "injury_severity": "incapacitating", "dooring": false, "hit_and_run": false, "crash_type": "SIDESWIPE SAME DIRECTION", "lighting": "DAYLIGHT", "street": "4113 W HALSTED ST", "ward": "44", "segment_id": "72", "data_tier": "real"}}, {"type": "Feature", "geometry": {"type": "Point", "coordinates": [-87.573583, 41.859439]}, "properties": {"crash_id": "FIXTURECRASH00781", "date": "2022-03-18T08:33:00", "injury_severity": "non_incapacitating", "dooring": false, "hit_and_run": false, "crash_type": "PARKED MOTOR VEHICLE", "lighting": "DARKNESS, LIGHTED ROAD", "street": "5013 E RANDOM ST", "ward": "30", "segment_id": null, "data_tier": "real"}}, {"type": "Feature", "geometry": {"type": "Point", "coordinates": [-87.661889, 41.901715]}, "properties": {"crash_id": "FIXTURECRASH00782", "date": "2017-11-05T06:27:00", "injury_severity": "none", "dooring": false, "hit_and_run": false, "crash_type": "ANGLE", "lighting": "DARKNESS, LIGHTED ROAD", "street": "2573 W ELSTON AVE", "ward": "33", "segment_id": "97", "data_tier": "real"}}, {"type": "Feature", "geometry": {"type": "Point", "coordinates": [-87.66779, 41.794937]}, "properties": {"crash_id": "FIXTURECRASH00783", "date": "2019-02-17T13:03:00", "injury_severity": "non_incapacitating", "dooring": false, "hit_and_run": true, "crash_type": "FIXED OBJECT", "lighting": "DAYLIGHT", "street": "3910 W 55TH ST", "ward": "23", "segment_id": "138", "data_tier": "real"}}, {"type": "Feature", "geometry": {"type": "Point", "coordinates": [-87.836627, 41.849611]}, "properties": {"crash_id": "FIXTURECRASH00784", "date": "2023-01-16T02:22:00", "injury_severity": "non_incapacitating", "dooring": false, "hit_and_run": false, "crash_type": "REAR END", "lighting": "DAYLIGHT", "street": "5925 E RANDOM ST", "ward": "26", "segment_id": null, "data_tier": "real"}}, {"type": "Feature", "geometry": {"type": "Point", "coordinates": [-87.737938, 41.968068]}, "properties": {"crash_id": "FIXTURECRASH00785", "date": "2020-11-11T11:03:00", "injury_severity": "reported_not_evident", "dooring": false, "hit_and_run": true, "crash_type": "SIDESWIPE SAME DIRECTION", "lighting": "DARKNESS, LIGHTED ROAD", "street": "4589 N ELSTON AVE", "ward": "42", "segment_id": "116", "data_tier": "real"}}, {"type": "Feature", "geometry": {"type": "Point", "coordinates": [-87.585902, 41.753747]}, "properties": {"crash_id": "FIXTURECRASH00786", "date": "2022-02-02T07:02:00", "injury_severity": "incapacitating", "dooring": false, "hit_and_run": false, "crash_type": "ANGLE", "lighting": "DAYLIGHT", "street": "1342 W STONY ISLAND AVE", "ward": "15", "segment_id": "200", "data_tier": "real"}}, {"type": "Feature", "geometry": {"type": "Point", "coordinates": [-87.674497, 41.907421]}, "properties": {"crash_id": "FIXTURECRASH00787", "date": "2020-02-15T14:58:00", "injury_severity": "non_incapacitating", "dooring": false, "hit_and_run": false, "crash_type": "SIDESWIPE SAME DIRECTION", "lighting": "DAYLIGHT", "street": "2907 E MILWAUKEE AVE", "ward": "38", "segment_id": "9", "data_tier": "real"}}, {"type": "Feature", "geometry": {"type": "Point", "coordinates": [-87.717799, 41.801223]}, "properties": {"crash_id": "FIXTURECRASH00788", "date": "2026-05-24T07:14:00", "injury_severity": "incapacitating", "dooring": false, "hit_and_run": false, "crash_type": "TURNING", "lighting": "DAYLIGHT", "street": "3415 N ARCHER AVE", "ward": "23", "segment_id": "182", "data_tier": "real"}}, {"type": "Feature", "geometry": {"type": "Point", "coordinates": [-87.586093, 41.755984]}, "properties": {"crash_id": "FIXTURECRASH00789", "date": "2019-05-21T03:44:00", "injury_severity": "reported_not_evident", "dooring": false, "hit_and_run": false, "crash_type": "SIDESWIPE SAME DIRECTION", "lighting": "DARKNESS, LIGHTED ROAD", "street": "764 S STONY ISLAND AVE", "ward": "19", "segment_id": "200", "data_tier": "real"}}, {"type": "Feature", "geometry": {"type": "Point", "coordinates": [-87.645897, 41.88868]}, "properties": {"crash_id": "FIXTURECRASH00790", "date": "2021-05-30T11:07:00", "injury_severity": "non_incapacitating", "dooring": false, "hit_and_run": false, "crash_type": "SIDESWIPE SAME DIRECTION", "lighting": "DARKNESS, LIGHTED ROAD", "street": "2026 E KINZIE ST", "ward": "34", "segment_id": null, "data_tier": "real"}}, {"type": "Feature", "geometry": {"type": "Point", "coordinates": [-87.676232, 41.883905]}, "properties": {"crash_id": "FIXTURECRASH00791", "date": "2017-10-05T04:34:00", "injury_severity": "reported_not_evident", "dooring": false, "hit_and_run": false, "crash_type": "PEDALCYCLIST", "lighting": "DAYLIGHT", "street": "367 S DAMEN AVE", "ward": "33", "segment_id": "30", "data_tier": "real"}}, {"type": "Feature", "geometry": {"type": "Point", "coordinates": [-87.628644, 41.881903]}, "properties": {"crash_id": "FIXTURECRASH00792", "date": "2018-08-04T01:39:00", "injury_severity": "fatal", "dooring": false, "hit_and_run": true, "crash_type": "ANGLE", "lighting": "DAYLIGHT", "street": "4960 E DEARBORN ST", "ward": "34", "segment_id": "92", "data_tier": "real"}}, {"type": "Feature", "geometry": {"type": "Point", "coordinates": [-87.671738, 41.903461]}, "properties": {"crash_id": "FIXTURECRASH00793", "date": "2023-06-10T03:31:00", "injury_severity": "reported_not_evident", "dooring": false, "hit_and_run": false, "crash_type": "TURNING", "lighting": "DAYLIGHT", "street": "5792 W WOOD ST", "ward": "33", "segment_id": "158", "data_tier": "real"}}, {"type": "Feature", "geometry": {"type": "Point", "coordinates": [-87.658586, 41.889035]}, "properties": {"crash_id": "FIXTURECRASH00794", "date": "2021-02-18T21:20:00", "injury_severity": "non_incapacitating", "dooring": false, "hit_and_run": true, "crash_type": "ANGLE", "lighting": "DAYLIGHT", "street": "1064 S KINZIE ST", "ward": "33", "segment_id": "120", "data_tier": "real"}}, {"type": "Feature", "geometry": {"type": "Point", "coordinates": [-87.658841, 41.901336]}, "properties": {"crash_id": "FIXTURECRASH00795", "date": "2025-09-22T15:27:00", "injury_severity": "non_incapacitating", "dooring": false, "hit_and_run": false, "crash_type": "FIXED OBJECT", "lighting": "DARKNESS, LIGHTED ROAD", "street": "1818 W RANDOM ST", "ward": "33", "segment_id": null, "data_tier": "real"}}, {"type": "Feature", "geometry": {"type": "Point", "coordinates": [-87.644547, 41.885314]}, "properties": {"crash_id": "FIXTURECRASH00796", "date": "2022-01-13T05:52:00", "injury_severity": "reported_not_evident", "dooring": false, "hit_and_run": false, "crash_type": "SIDESWIPE SAME DIRECTION", "lighting": "DAYLIGHT", "street": "5894 W MILWAUKEE AVE", "ward": "34", "segment_id": "2", "data_tier": "real"}}, {"type": "Feature", "geometry": {"type": "Point", "coordinates": [-87.689325, 41.798004]}, "properties": {"crash_id": "FIXTURECRASH00797", "date": "2021-06-02T04:02:00", "injury_severity": "non_incapacitating", "dooring": false, "hit_and_run": false, "crash_type": "REAR END", "lighting": "DARKNESS, LIGHTED ROAD", "street": "3523 N RANDOM ST", "ward": "23", "segment_id": null, "data_tier": "real"}}, {"type": "Feature", "geometry": {"type": "Point", "coordinates": [-87.67843, 41.938526]}, "properties": {"crash_id": "FIXTURECRASH00798", "date": "2019-12-06T06:09:00", "injury_severity": "non_incapacitating", "dooring": false, "hit_and_run": false, "crash_type": "PARKED MOTOR VEHICLE", "lighting": "DARKNESS, LIGHTED ROAD", "street": "4431 S DAMEN AVE", "ward": "38", "segment_id": null, "data_tier": "real"}}, {"type": "Feature", "geometry": {"type": "Point", "coordinates": [-87.66186, 41.901592]}, "properties": {"crash_id": "FIXTURECRASH00799", "date": "2018-05-16T15:53:00", "injury_severity": "non_incapacitating", "dooring": false, "hit_and_run": false, "crash_type": "REAR END", "lighting": "DUSK", "street": "1925 W ELSTON AVE", "ward": "33", "segment_id": "97", "data_tier": "real"}}, {"type": "Feature", "geometry": {"type": "Point", "coordinates": [-87.713639, 41.932779]}, "properties": {"crash_id": "FIXTURECRASH00800", "date": "2022-09-15T07:25:00", "injury_severity": "fatal", "dooring": false, "hit_and_run": false, "crash_type": "PEDALCYCLIST", "lighting": "DAYLIGHT", "street": "233 E MILWAUKEE AVE", "ward": "38", "segment_id": "17", "data_tier": "real"}}, {"type": "Feature", "geometry": {"type": "Point", "coordinates": [-87.688042, 41.899049]}, "properties": {"crash_id": "FIXTURECRASH00801", "date": "2022-01-11T17:46:00", "injury_severity": "non_incapacitating", "dooring": false, "hit_and_run": false, "crash_type": "FIXED OBJECT", "lighting": "DAYLIGHT", "street": "2793 S AUGUSTA BLVD", "ward": "33", "segment_id": "145", "data_tier": "real"}}, {"type": "Feature", "geometry": {"type": "Point", "coordinates": [-87.628893, 41.893073]}, "properties": {"crash_id": "FIXTURECRASH00802", "date": "2022-06-13T06:46:00", "injury_severity": "non_incapacitating", "dooring": false, "hit_and_run": false, "crash_type": "PARKED MOTOR VEHICLE", "lighting": "DAYLIGHT", "street": "5334 N DEARBORN ST", "ward": "34", "segment_id": "94", "data_tier": "real"}}, {"type": "Feature", "geometry": {"type": "Point", "coordinates": [-87.53836, 41.941882]}, "properties": {"crash_id": "FIXTURECRASH00803", "date": "2019-09-04T03:48:00", "injury_severity": "reported_not_evident", "dooring": false, "hit_and_run": false, "crash_type": "REAR END", "lighting": "DARKNESS, LIGHTED ROAD", "street": "5572 E RANDOM ST", "ward": "40", "segment_id": null, "data_tier": "real"}}, {"type": "Feature", "geometry": {"type": "Point", "coordinates": [-87.660099, 41.975204]}, "properties": {"crash_id": "FIXTURECRASH00804", "date": "2024-08-15T02:04:00", "injury_severity": "non_incapacitating", "dooring": false, "hit_and_run": false, "crash_type": "ANGLE", "lighting": "DARKNESS, LIGHTED ROAD", "street": "5273 E CLARK ST", "ward": "43", "segment_id": "89", "data_tier": "real"}}, {"type": "Feature", "geometry": {"type": "Point", "coordinates": [-87.656886, 41.966209]}, "properties": {"crash_id": "FIXTURECRASH00805", "date": "2018-06-02T23:14:00", "injury_severity": "none", "dooring": false, "hit_and_run": false, "crash_type": "PARKED MOTOR VEHICLE", "lighting": "DARKNESS, LIGHTED ROAD", "street": "5363 E CLARK ST", "ward": "43", "segment_id": "88", "data_tier": "real"}}, {"type": "Feature", "geometry": {"type": "Point", "coordinates": [-87.735772, 41.945845]}, "properties": {"crash_id": "FIXTURECRASH00806", "date": "2022-04-30T23:53:00", "injury_severity": "fatal", "dooring": false, "hit_and_run": false, "crash_type": "PARKED MOTOR VEHICLE", "lighting": "DARKNESS, LIGHTED ROAD", "street": "4971 N MILWAUKEE AVE", "ward": "42", "segment_id": "22", "data_tier": "real"}}, {"type": "Feature", "geometry": {"type": "Point", "coordinates": [-87.755269, 41.957193]}, "properties": {"crash_id": "FIXTURECRASH00807", "date": "2021-03-02T17:52:00", "injury_severity": "reported_not_evident", "dooring": false, "hit_and_run": false, "crash_type": "PARKED MOTOR VEHICLE", "lighting": "DAYLIGHT", "street": "1221 E MILWAUKEE AVE", "ward": "42", "segment_id": "26", "data_tier": "real"}}, {"type": "Feature", "geometry": {"type": "Point", "coordinates": [-87.729951, 42.010549]}, "properties": {"crash_id": "FIXTURECRASH00808", "date": "2023-04-03T09:47:00", "injury_severity": "non_incapacitating", "dooring": false, "hit_and_run": false, "crash_type": "PEDALCYCLIST", "lighting": "DAYLIGHT", "street": "1225 N RANDOM ST", "ward": "47", "segment_id": null, "data_tier": "real"}}, {"type": "Feature", "geometry": {"type": "Point", "coordinates": [-87.779938, 41.709395]}, "properties": {"crash_id": "FIXTURECRASH00809", "date": "2018-07-20T07:03:00", "injury_severity": "non_incapacitating", "dooring": false, "hit_and_run": false, "crash_type": "PARKED MOTOR VEHICLE", "lighting": "DARKNESS, LIGHTED ROAD", "street": "4596 E RANDOM ST", "ward": "7", "segment_id": null, "data_tier": "real"}}, {"type": "Feature", "geometry": {"type": "Point", "coordinates": [-87.546783, 41.65548]}, "properties": {"crash_id": "FIXTURECRASH00810", "date": "2022-05-19T02:42:00", "injury_severity": "non_incapacitating", "dooring": false, "hit_and_run": false, "crash_type": "PEDALCYCLIST", "lighting": "DAYLIGHT", "street": "4919 N RANDOM ST", "ward": "5", "segment_id": null, "data_tier": "real"}}, {"type": "Feature", "geometry": {"type": "Point", "coordinates": [-87.629126, 41.87447]}, "properties": {"crash_id": "FIXTURECRASH00811", "date": "2020-06-11T02:21:00", "injury_severity": "non_incapacitating", "dooring": false, "hit_and_run": false, "crash_type": "REAR END", "lighting": "DAYLIGHT", "street": "5901 S DEARBORN ST", "ward": "34", "segment_id": "90", "data_tier": "real"}}, {"type": "Feature", "geometry": {"type": "Point", "coordinates": [-87.684751, 41.898807]}, "properties": {"crash_id": "FIXTURECRASH00812", "date": "2019-10-09T15:35:00", "injury_severity": "non_incapacitating", "dooring": true, "hit_and_run": false, "crash_type": "ANGLE", "lighting": "DUSK", "street": "2497 E AUGUSTA BLVD", "ward": "33", "segment_id": "145", "data_tier": "real"}}, {"type": "Feature", "geometry": {"type": "Point", "coordinates": [-87.678809, 41.972547]}, "properties": {"crash_id": "FIXTURECRASH00813", "date": "2023-04-01T00:07:00", "injury_severity": "non_incapacitating", "dooring": false, "hit_and_run": false, "crash_type": "FIXED OBJECT", "lighting": "DAYLIGHT", "street": "5349 N DAMEN AVE", "ward": "43", "segment_id": "49", "data_tier": "real"}}, {"type": "Feature", "geometry": {"type": "Point", "coordinates": [-87.608687, 41.923054]}, "properties": {"crash_id": "FIXTURECRASH00814", "date": "2025-05-03T12:08:00", "injury_severity": "non_incapacitating", "dooring": false, "hit_and_run": false, "crash_type": "PEDALCYCLIST", "lighting": "DUSK", "street": "1007 N RANDOM ST", "ward": "39", "segment_id": null, "data_tier": "real"}}, {"type": "Feature", "geometry": {"type": "Point", "coordinates": [-87.652618, 41.835816]}, "properties": {"crash_id": "FIXTURECRASH00815", "date": "2022-04-11T12:42:00", "injury_severity": "reported_not_evident", "dooring": false, "hit_and_run": false, "crash_type": "SIDESWIPE SAME DIRECTION", "lighting": "DAYLIGHT", "street": "1640 S ARCHER AVE", "ward": "28", "segment_id": "169", "data_tier": "real"}}, {"type": "Feature", "geometry": {"type": "Point", "coordinates": [-87.61016, 41.795262]}, "properties": {"crash_id": "FIXTURECRASH00816", "date": "2018-05-03T23:29:00", "injury_severity": "reported_not_evident", "dooring": false, "hit_and_run": false, "crash_type": "SIDESWIPE SAME DIRECTION", "lighting": "DAYLIGHT", "street": "1550 W 55TH ST", "ward": "24", "segment_id": "128", "data_tier": "real"}}, {"type": "Feature", "geometry": {"type": "Point", "coordinates": [-87.669914, 41.826275]}, "properties": {"crash_id": "FIXTURECRASH00817", "date": "2020-10-03T15:24:00", "injury_severity": "non_incapacitating", "dooring": false, "hit_and_run": false, "crash_type": "ANGLE", "lighting": "DARKNESS, LIGHTED ROAD", "street": "5385 W ARCHER AVE", "ward": "23", "segment_id": "173", "data_tier": "real"}}, {"type": "Feature", "geometry": {"type": "Point", "coordinates": [-87.725917, 41.957748]}, "properties": {"crash_id": "FIXTURECRASH00818", "date": "2025-01-18T16:51:00", "injury_severity": "non_incapacitating", "dooring": false, "hit_and_run": false, "crash_type": "PEDALCYCLIST", "lighting": "DAYLIGHT", "street": "2416 E ELSTON AVE", "ward": "42", "segment_id": "113", "data_tier": "real"}}, {"type": "Feature", "geometry": {"type": "Point", "coordinates": [-87.533655, 41.641281]}, "properties": {"crash_id": "FIXTURECRASH00819", "date": "2021-05-03T22:49:00", "injury_severity": "reported_not_evident", "dooring": false, "hit_and_run": false, "crash_type": "TURNING", "lighting": "DAYLIGHT", "street": "2609 W RANDOM ST", "ward": "5", "segment_id": null, "data_tier": "real"}}, {"type": "Feature", "geometry": {"type": "Point", "coordinates": [-87.672032, 41.926194]}, "properties": {"crash_id": "FIXTURECRASH00820", "date": "2022-12-16T19:12:00", "injury_severity": "non_incapacitating", "dooring": false, "hit_and_run": false, "crash_type": "PARKED MOTOR VEHICLE", "lighting": "DAYLIGHT", "street": "4462 E WOOD ST", "ward": "38", "segment_id": "162", "data_tier": "real"}}, {"type": "Feature", "geometry": {"type": "Point", "coordinates": [-87.646884, 41.876922]}, "properties": {"crash_id": "FIXTURECRASH00821", "date": "2022-11-27T13:34:00", "injury_severity": "none", "dooring": false, "hit_and_run": false, "crash_type": "FIXED OBJECT", "lighting": "DARKNESS, LIGHTED ROAD", "street": "1857 S HALSTED ST", "ward": "34", "segment_id": "56", "data_tier": "real"}}, {"type": "Feature", "geometry": {"type": "Point", "coordinates": [-87.629105, 41.892952]}, "properties": {"crash_id": "FIXTURECRASH00822", "date": "2020-01-05T02:21:00", "injury_severity": "non_incapacitating", "dooring": false, "hit_and_run": false, "crash_type": "PEDALCYCLIST", "lighting": "DAYLIGHT", "street": "2075 N DEARBORN ST", "ward": "34", "segment_id": "94", "data_tier": "real"}}, {"type": "Feature", "geometry": {"type": "Point", "coordinates": [-87.522555, 41.826029]}, "properties": {"crash_id": "FIXTURECRASH00823", "date": "2022-04-14T10:06:00", "injury_severity": "non_incapacitating", "dooring": false, "hit_and_run": false, "crash_type": "ANGLE", "lighting": "DUSK", "street": "2958 E RANDOM ST", "ward": "25", "segment_id": null, "data_tier": "real"}}, {"type": "Feature", "geometry": {"type": "Point", "coordinates": [-87.629791, 41.857248]}, "properties": {"crash_id": "FIXTURECRASH00824", "date": "2019-10-29T05:52:00", "injury_severity": "non_incapacitating", "dooring": false, "hit_and_run": false, "crash_type": "PEDALCYCLIST", "lighting": "DAYLIGHT", "street": "2516 W RANDOM ST", "ward": "29", "segment_id": null, "data_tier": "real"}}, {"type": "Feature", "geometry": {"type": "Point", "coordinates": [-87.626441, 41.733182]}, "properties": {"crash_id": "FIXTURECRASH00825", "date": "2026-03-15T09:53:00", "injury_severity": "none", "dooring": false, "hit_and_run": false, "crash_type": "FIXED OBJECT", "lighting": "DAYLIGHT", "street": "1503 E VINCENNES AVE", "ward": "14", "segment_id": "185", "data_tier": "real"}}, {"type": "Feature", "geometry": {"type": "Point", "coordinates": [-87.799266, 41.720478]}, "properties": {"crash_id": "FIXTURECRASH00826", "date": "2018-11-19T13:14:00", "injury_severity": "none", "dooring": false, "hit_and_run": false, "crash_type": "TURNING", "lighting": "DARKNESS, LIGHTED ROAD", "street": "4947 E RANDOM ST", "ward": "11", "segment_id": null, "data_tier": "real"}}, {"type": "Feature", "geometry": {"type": "Point", "coordinates": [-87.671862, 41.917064]}, "properties": {"crash_id": "FIXTURECRASH00827", "date": "2020-01-26T23:51:00", "injury_severity": "none", "dooring": false, "hit_and_run": false, "crash_type": "ANGLE", "lighting": "DARKNESS, LIGHTED ROAD", "street": "3908 N WOOD ST", "ward": "38", "segment_id": "160", "data_tier": "real"}}, {"type": "Feature", "geometry": {"type": "Point", "coordinates": [-87.567132, 41.842746]}, "properties": {"crash_id": "FIXTURECRASH00828", "date": "2023-12-13T15:25:00", "injury_severity": "reported_not_evident", "dooring": false, "hit_and_run": false, "crash_type": "FIXED OBJECT", "lighting": "DAYLIGHT", "street": "1998 S RANDOM ST", "ward": "30", "segment_id": null, "data_tier": "real"}}, {"type": "Feature", "geometry": {"type": "Point", "coordinates": [-87.677382, 41.917876]}, "properties": {"crash_id": "FIXTURECRASH00829", "date": "2020-08-05T10:35:00", "injury_severity": "non_incapacitating", "dooring": false, "hit_and_run": false, "crash_type": "PEDALCYCLIST", "lighting": "DARKNESS, LIGHTED ROAD", "street": "1906 N DAMEN AVE", "ward": "38", "segment_id": "37", "data_tier": "real"}}, {"type": "Feature", "geometry": {"type": "Point", "coordinates": [-87.606545, 41.847756]}, "properties": {"crash_id": "FIXTURECRASH00830", "date": "2021-04-11T14:10:00", "injury_severity": "none", "dooring": false, "hit_and_run": false, "crash_type": "PARKED MOTOR VEHICLE", "lighting": "DAYLIGHT", "street": "323 N RANDOM ST", "ward": "29", "segment_id": null, "data_tier": "real"}}, {"type": "Feature", "geometry": {"type": "Point", "coordinates": [-87.656673, 41.947029]}, "properties": {"crash_id": "FIXTURECRASH00831", "date": "2018-08-05T22:12:00", "injury_severity": "reported_not_evident", "dooring": false, "hit_and_run": false, "crash_type": "PEDALCYCLIST", "lighting": "DARKNESS, LIGHTED ROAD", "street": "5267 N RANDOM ST", "ward": "43", "segment_id": null, "data_tier": "real"}}, {"type": "Feature", "geometry": {"type": "Point", "coordinates": [-87.754346, 41.831528]}, "properties": {"crash_id": "FIXTURECRASH00832", "date": "2020-12-10T08:10:00", "injury_severity": "non_incapacitating", "dooring": false, "hit_and_run": false, "crash_type": "ANGLE", "lighting": "DUSK", "street": "4123 N RANDOM ST", "ward": "27", "segment_id": null, "data_tier": "real"}}, {"type": "Feature", "geometry": {"type": "Point", "coordinates": [-87.711317, 41.931305]}, "properties": {"crash_id": "FIXTURECRASH00833", "date": "2024-05-21T01:00:00", "injury_severity": "none", "dooring": false, "hit_and_run": false, "crash_type": "ANGLE", "lighting": "DARKNESS, LIGHTED ROAD", "street": "3061 E MILWAUKEE AVE", "ward": "38", "segment_id": "16", "data_tier": "real"}}, {"type": "Feature", "geometry": {"type": "Point", "coordinates": [-87.586041, 41.757771]}, "properties": {"crash_id": "FIXTURECRASH00834", "date": "2021-10-23T21:03:00", "injury_severity": "non_incapacitating", "dooring": false, "hit_and_run": true, "crash_type": "ANGLE", "lighting": "DUSK", "street": "5951 N STONY ISLAND AVE", "ward": "19", "segment_id": "200", "data_tier": "real"}}, {"type": "Feature", "geometry": {"type": "Point", "coordinates": [-87.671958, 41.923836]}, "properties": {"crash_id": "FIXTURECRASH00835", "date": "2017-11-09T19:49:00", "injury_severity": "reported_not_evident", "dooring": false, "hit_and_run": true, "crash_type": "PARKED MOTOR VEHICLE", "lighting": "DARKNESS, LIGHTED ROAD", "street": "2293 N WOOD ST", "ward": "38", "segment_id": "162", "data_tier": "real"}}, {"type": "Feature", "geometry": {"type": "Point", "coordinates": [-87.625617, 41.737966]}, "properties": {"crash_id": "FIXTURECRASH00836", "date": "2023-10-22T15:31:00", "injury_severity": "non_incapacitating", "dooring": false, "hit_and_run": true, "crash_type": "SIDESWIPE SAME DIRECTION", "lighting": "DAYLIGHT", "street": "2293 S VINCENNES AVE", "ward": "14", "segment_id": "187", "data_tier": "real"}}, {"type": "Feature", "geometry": {"type": "Point", "coordinates": [-87.637089, 41.838255]}, "properties": {"crash_id": "FIXTURECRASH00837", "date": "2025-02-22T23:19:00", "injury_severity": "non_incapacitating", "dooring": false, "hit_and_run": false, "crash_type": "PEDALCYCLIST", "lighting": "DAYLIGHT", "street": "4428 W RANDOM ST", "ward": "29", "segment_id": null, "data_tier": "real"}}, {"type": "Feature", "geometry": {"type": "Point", "coordinates": [-87.753764, 41.952374]}, "properties": {"crash_id": "FIXTURECRASH00838", "date": "2024-10-01T12:10:00", "injury_severity": "non_incapacitating", "dooring": false, "hit_and_run": false, "crash_type": "TURNING", "lighting": "DAYLIGHT", "street": "1976 E RANDOM ST", "ward": "42", "segment_id": null, "data_tier": "real"}}, {"type": "Feature", "geometry": {"type": "Point", "coordinates": [-87.842323, 41.986345]}, "properties": {"crash_id": "FIXTURECRASH00839", "date": "2018-08-13T15:24:00", "injury_severity": "non_incapacitating", "dooring": false, "hit_and_run": false, "crash_type": "TURNING", "lighting": "DAYLIGHT", "street": "4444 N RANDOM ST", "ward": "46", "segment_id": null, "data_tier": "real"}}, {"type": "Feature", "geometry": {"type": "Point", "coordinates": [-87.708768, 41.899166]}, "properties": {"crash_id": "FIXTURECRASH00840", "date": "2021-05-21T23:08:00", "injury_severity": "reported_not_evident", "dooring": false, "hit_and_run": false, "crash_type": "FIXED OBJECT", "lighting": "DAYLIGHT", "street": "5335 N AUGUSTA BLVD", "ward": "33", "segment_id": "148", "data_tier": "real"}}, {"type": "Feature", "geometry": {"type": "Point", "coordinates": [-87.785871, 41.953096]}, "properties": {"crash_id": "FIXTURECRASH00841", "date": "2023-07-27T08:37:00", "injury_severity": "non_incapacitating", "dooring": false, "hit_and_run": false, "crash_type": "PEDALCYCLIST", "lighting": "DARKNESS, LIGHTED ROAD", "street": "837 N RANDOM ST", "ward": "41", "segment_id": null, "data_tier": "real"}}, {"type": "Feature", "geometry": {"type": "Point", "coordinates": [-87.671921, 41.898753]}, "properties": {"crash_id": "FIXTURECRASH00842", "date": "2025-04-12T06:31:00", "injury_severity": "non_incapacitating", "dooring": false, "hit_and_run": false, "crash_type": "FIXED OBJECT", "lighting": "DAYLIGHT", "street": "384 N WOOD ST", "ward": "33", "segment_id": "157", "data_tier": "real"}}, {"type": "Feature", "geometry": {"type": "Point", "coordinates": [-87.532956, 41.676217]}, "properties": {"crash_id": "FIXTURECRASH00843", "date": "2022-03-26T17:46:00", "injury_severity": "reported_not_evident", "dooring": false, "hit_and_run": false, "crash_type": "PEDALCYCLIST", "lighting": "DAYLIGHT", "street": "340 N RANDOM ST", "ward": "5", "segment_id": null, "data_tier": "real"}}, {"type": "Feature", "geometry": {"type": "Point", "coordinates": [-87.655336, 41.888793]}, "properties": {"crash_id": "FIXTURECRASH00844", "date": "2020-08-16T23:18:00", "injury_severity": "reported_not_evident", "dooring": false, "hit_and_run": false, "crash_type": "FIXED OBJECT", "lighting": "DARKNESS, LIGHTED ROAD", "street": "3309 E KINZIE ST", "ward": "33", "segment_id": "119", "data_tier": "real"}}, {"type": "Feature", "geometry": {"type": "Point", "coordinates": [-87.586187, 41.746951]}, "properties": {"crash_id": "FIXTURECRASH00845", "date": "2024-02-12T09:06:00", "injury_severity": "reported_not_evident", "dooring": false, "hit_and_run": false, "crash_type": "ANGLE", "lighting": "DARKNESS, LIGHTED ROAD", "street": "316 S STONY ISLAND AVE", "ward": "14", "segment_id": "198", "data_tier": "real"}}, {"type": "Feature", "geometry": {"type": "Point", "coordinates": [-87.672219, 41.899132]}, "properties": {"crash_id": "FIXTURECRASH00846", "date": "2021-06-04T10:26:00", "injury_severity": "non_incapacitating", "dooring": false, "hit_and_run": false, "crash_type": "PEDALCYCLIST", "lighting": "DAYLIGHT", "street": "451 E AUGUSTA BLVD", "ward": "33", "segment_id": "142", "data_tier": "real"}}, {"type": "Feature", "geometry": {"type": "Point", "coordinates": [-87.58601, 41.742213]}, "properties": {"crash_id": "FIXTURECRASH00847", "date": "2026-01-14T04:27:00", "injury_severity": "none", "dooring": false, "hit_and_run": false, "crash_type": "PEDALCYCLIST", "lighting": "DAYLIGHT", "street": "3059 W STONY ISLAND AVE", "ward": "14", "segment_id": "197", "data_tier": "real"}}, {"type": "Feature", "geometry": {"type": "Point", "coordinates": [-87.67735, 41.915739]}, "properties": {"crash_id": "FIXTURECRASH00848", "date": "2019-08-20T06:16:00", "injury_severity": "non_incapacitating", "dooring": false, "hit_and_run": false, "crash_type": "PARKED MOTOR VEHICLE", "lighting": "DARKNESS, LIGHTED ROAD", "street": "4786 N DAMEN AVE", "ward": "38", "segment_id": "37", "data_tier": "real"}}, {"type": "Feature", "geometry": {"type": "Point", "coordinates": [-87.754168, 41.955929]}, "properties": {"crash_id": "FIXTURECRASH00849", "date": "2018-02-13T03:15:00", "injury_severity": "non_incapacitating", "dooring": false, "hit_and_run": false, "crash_type": "PEDALCYCLIST", "lighting": "DARKNESS, LIGHTED ROAD", "street": "2044 W RANDOM ST", "ward": "42", "segment_id": null, "data_tier": "real"}}, {"type": "Feature", "geometry": {"type": "Point", "coordinates": [-87.650679, 41.950683]}, "properties": {"crash_id": "FIXTURECRASH00850", "date": "2018-10-25T21:23:00", "injury_severity": "reported_not_evident", "dooring": false, "hit_and_run": false, "crash_type": "PEDALCYCLIST", "lighting": "DUSK", "street": "4724 N CLARK ST", "ward": "44", "segment_id": "84", "data_tier": "real"}}, {"type": "Feature", "geometry": {"type": "Point", "coordinates": [-87.765769, 41.812181]}, "properties": {"crash_id": "FIXTURECRASH00851", "date": "2019-07-11T12:48:00", "injury_severity": "reported_not_evident", "dooring": false, "hit_and_run": false, "crash_type": "REAR END", "lighting": "DARKNESS, LIGHTED ROAD", "street": "5480 E RANDOM ST", "ward": "22", "segment_id": null, "data_tier": "real"}}, {"type": "Feature", "geometry": {"type": "Point", "coordinates": [-87.673363, 41.752308]}, "properties": {"crash_id": "FIXTURECRASH00852", "date": "2021-10-09T18:24:00", "injury_severity": "reported_not_evident", "dooring": false, "hit_and_run": true, "crash_type": "ANGLE", "lighting": "DAYLIGHT", "street": "274 E RANDOM ST", "ward": "13", "segment_id": null, "data_tier": "real"}}, {"type": "Feature", "geometry": {"type": "Point", "coordinates": [-87.585904, 41.755889]}, "properties": {"crash_id": "FIXTURECRASH00853", "date": "2022-06-27T12:36:00", "injury_severity": "reported_not_evident", "dooring": false, "hit_and_run": true, "crash_type": "PEDALCYCLIST", "lighting": "DARKNESS, LIGHTED ROAD", "street": "4670 W STONY ISLAND AVE", "ward": "20", "segment_id": "200", "data_tier": "real"}}, {"type": "Feature", "geometry": {"type": "Point", "coordinates": [-87.704144, 41.651598]}, "properties": {"crash_id": "FIXTURECRASH00854", "date": "2026-01-26T06:19:00", "injury_severity": "reported_not_evident", "dooring": false, "hit_and_run": false, "crash_type": "FIXED OBJECT", "lighting": "DAYLIGHT", "street": "5589 E RANDOM ST", "ward": "3", "segment_id": null, "data_tier": "real"}}, {"type": "Feature", "geometry": {"type": "Point", "coordinates": [-87.533193, 41.980955]}, "properties": {"crash_id": "FIXTURECRASH00855", "date": "2025-02-09T03:09:00", "injury_severity": "none", "dooring": false, "hit_and_run": false, "crash_type": "SIDESWIPE SAME DIRECTION", "lighting": "DAYLIGHT", "street": "1306 W RANDOM ST", "ward": "45", "segment_id": null, "data_tier": "real"}}, {"type": "Feature", "geometry": {"type": "Point", "coordinates": [-87.696997, 41.898889]}, "properties": {"crash_id": "FIXTURECRASH00856", "date": "2024-09-25T02:59:00", "injury_severity": "non_incapacitating", "dooring": true, "hit_and_run": false, "crash_type": "SIDESWIPE SAME DIRECTION", "lighting": "DARKNESS, LIGHTED ROAD", "street": "1293 S AUGUSTA BLVD", "ward": "33", "segment_id": "147", "data_tier": "real"}}, {"type": "Feature", "geometry": {"type": "Point", "coordinates": [-87.645439, 41.937438]}, "properties": {"crash_id": "FIXTURECRASH00857", "date": "2024-04-03T09:54:00", "injury_severity": "reported_not_evident", "dooring": false, "hit_and_run": false, "crash_type": "PEDALCYCLIST", "lighting": "DAYLIGHT", "street": "108 N CLARK ST", "ward": "39", "segment_id": "81", "data_tier": "real"}}, {"type": "Feature", "geometry": {"type": "Point", "coordinates": [-87.65522, 41.893251]}, "properties": {"crash_id": "FIXTURECRASH00858", "date": "2023-04-26T06:04:00", "injury_severity": "non_incapacitating", "dooring": false, "hit_and_run": true, "crash_type": "PARKED MOTOR VEHICLE", "lighting": "DUSK", "street": "642 W MILWAUKEE AVE", "ward": "33", "segment_id": "4", "data_tier": "real"}}, {"type": "Feature", "geometry": {"type": "Point", "coordinates": [-87.677242, 41.915782]}, "properties": {"crash_id": "FIXTURECRASH00859", "date": "2019-08-27T20:33:00", "injury_severity": "non_incapacitating", "dooring": false, "hit_and_run": false, "crash_type": "SIDESWIPE SAME DIRECTION", "lighting": "DARKNESS, LIGHTED ROAD", "street": "1906 E DAMEN AVE", "ward": "38", "segment_id": "37", "data_tier": "real"}}, {"type": "Feature", "geometry": {"type": "Point", "coordinates": [-87.743099, 41.950229]}, "properties": {"crash_id": "FIXTURECRASH00860", "date": "2025-10-22T12:48:00", "injury_severity": "non_incapacitating", "dooring": false, "hit_and_run": false, "crash_type": "REAR END", "lighting": "DAYLIGHT", "street": "854 W MILWAUKEE AVE", "ward": "42", "segment_id": "23", "data_tier": "real"}}, {"type": "Feature", "geometry": {"type": "Point", "coordinates": [-87.672141, 41.889596]}, "properties": {"crash_id": "FIXTURECRASH00861", "date": "2022-02-14T16:43:00", "injury_severity": "reported_not_evident", "dooring": false, "hit_and_run": false, "crash_type": "ANGLE", "lighting": "DAYLIGHT", "street": "1186 E WOOD ST", "ward": "33", "segment_id": "155", "data_tier": "real"}}, {"type": "Feature", "geometry": {"type": "Point", "coordinates": [-87.666127, 41.898911]}, "properties": {"crash_id": "FIXTURECRASH00862", "date": "2019-07-05T21:06:00", "injury_severity": "non_incapacitating", "dooring": false, "hit_and_run": false, "crash_type": "PEDALCYCLIST", "lighting": "DARKNESS, LIGHTED ROAD", "street": "2049 E AUGUSTA BLVD", "ward": "33", "segment_id": "141", "data_tier": "real"}}, {"type": "Feature", "geometry": {"type": "Point", "coordinates": [-87.654761, 41.961943]}, "properties": {"crash_id": "FIXTURECRASH00863", "date": "2020-12-29T09:16:00", "injury_severity": "reported_not_evident", "dooring": true, "hit_and_run": false, "crash_type": "ANGLE", "lighting": "DUSK", "street": "3340 E CLARK ST", "ward": "43", "segment_id": "87", "data_tier": "real"}}, {"type": "Feature", "geometry": {"type": "Point", "coordinates": [-87.782386, 41.729873]}, "properties": {"crash_id": "FIXTURECRASH00864", "date": "2020-06-21T03:25:00", "injury_severity": "reported_not_evident", "dooring": false, "hit_and_run": false, "crash_type": "ANGLE", "lighting": "DARKNESS, LIGHTED ROAD", "street": "1629 N RANDOM ST", "ward": "12", "segment_id": null, "data_tier": "real"}}, {"type": "Feature", "geometry": {"type": "Point", "coordinates": [-87.644707, 41.934933]}, "properties": {"crash_id": "FIXTURECRASH00865", "date": "2019-08-04T18:34:00", "injury_severity": "non_incapacitating", "dooring": false, "hit_and_run": false, "crash_type": "SIDESWIPE SAME DIRECTION", "lighting": "DUSK", "street": "1997 S CLARK ST", "ward": "39", "segment_id": "80", "data_tier": "real"}}, {"type": "Feature", "geometry": {"type": "Point", "coordinates": [-87.654892, 41.961793]}, "properties": {"crash_id": "FIXTURECRASH00866", "date": "2026-06-23T22:37:00", "injury_severity": "reported_not_evident", "dooring": false, "hit_and_run": false, "crash_type": "SIDESWIPE SAME DIRECTION", "lighting": "DARKNESS, LIGHTED ROAD", "street": "600 W CLARK ST", "ward": "43", "segment_id": "87", "data_tier": "real"}}, {"type": "Feature", "geometry": {"type": "Point", "coordinates": [-87.691886, 41.919812]}, "properties": {"crash_id": "FIXTURECRASH00867", "date": "2019-08-02T05:14:00", "injury_severity": "reported_not_evident", "dooring": false, "hit_and_run": false, "crash_type": "FIXED OBJECT", "lighting": "DAYLIGHT", "street": "5503 E MILWAUKEE AVE", "ward": "38", "segment_id": "12", "data_tier": "real"}}, {"type": "Feature", "geometry": {"type": "Point", "coordinates": [-87.648884, 41.950175]}, "properties": {"crash_id": "FIXTURECRASH00868", "date": "2019-08-15T02:36:00", "injury_severity": "non_incapacitating", "dooring": false, "hit_and_run": false, "crash_type": "SIDESWIPE SAME DIRECTION", "lighting": "DARKNESS, LIGHTED ROAD", "street": "4476 E HALSTED ST", "ward": "44", "segment_id": "72", "data_tier": "real"}}, {"type": "Feature", "geometry": {"type": "Point", "coordinates": [-87.546867, 41.688212]}, "properties": {"crash_id": "FIXTURECRASH00869", "date": "2021-05-18T01:38:00", "injury_severity": "none", "dooring": false, "hit_and_run": false, "crash_type": "FIXED OBJECT", "lighting": "DARKNESS, LIGHTED ROAD", "street": "5764 E RANDOM ST", "ward": "10", "segment_id": null, "data_tier": "real"}}, {"type": "Feature", "geometry": {"type": "Point", "coordinates": [-87.667332, 41.871697]}, "properties": {"crash_id": "FIXTURECRASH00870", "date": "2018-05-29T20:05:00", "injury_severity": "non_incapacitating", "dooring": false, "hit_and_run": false, "crash_type": "FIXED OBJECT", "lighting": "DARKNESS, LIGHTED ROAD", "street": "393 W RANDOM ST", "ward": "33", "segment_id": null, "data_tier": "real"}}, {"type": "Feature", "geometry": {"type": "Point", "coordinates": [-87.660263, 41.975024]}, "properties": {"crash_id": "FIXTURECRASH00871", "date": "2017-12-17T19:28:00", "injury_severity": "non_incapacitating", "dooring": false, "hit_and_run": false, "crash_type": "PEDALCYCLIST", "lighting": "DUSK", "street": "3879 W CLARK ST", "ward": "43", "segment_id": "89", "data_tier": "real"}}, {"type": "Feature", "geometry": {"type": "Point", "coordinates": [-87.614718, 41.780145]}, "properties": {"crash_id": "FIXTURECRASH00872", "date": "2021-04-04T16:36:00", "injury_severity": "non_incapacitating", "dooring": false, "hit_and_run": false, "crash_type": "FIXED OBJECT", "lighting": "DAYLIGHT", "street": "105 W VINCENNES AVE", "ward": "19", "segment_id": "196", "data_tier": "real"}}, {"type": "Feature", "geometry": {"type": "Point", "coordinates": [-87.735772, 41.945767]}, "properties": {"crash_id": "FIXTURECRASH00873", "date": "2022-01-16T12:46:00", "injury_severity": "reported_not_evident", "dooring": false, "hit_and_run": false, "crash_type": "SIDESWIPE SAME DIRECTION", "lighting": "DUSK", "street": "1475 E MILWAUKEE AVE", "ward": "42", "segment_id": "22", "data_tier": "real"}}, {"type": "Feature", "geometry": {"type": "Point", "coordinates": [-87.696879, 41.898869]}, "properties": {"crash_id": "FIXTURECRASH00874", "date": "2019-03-29T11:52:00", "injury_severity": "reported_not_evident", "dooring": false, "hit_and_run": false, "crash_type": "FIXED OBJECT", "lighting": "DAYLIGHT", "street": "4819 E AUGUSTA BLVD", "ward": "33", "segment_id": "146", "data_tier": "real"}}, {"type": "Feature", "geometry": {"type": "Point", "coordinates": [-87.629369, 41.872188]}, "properties": {"crash_id": "FIXTURECRASH00875", "date": "2019-10-05T17:48:00", "injury_severity": "non_incapacitating", "dooring": false, "hit_and_run": false, "crash_type": "SIDESWIPE SAME DIRECTION", "lighting": "DAYLIGHT", "street": "4814 S DEARBORN ST", "ward": "34", "segment_id": null, "data_tier": "real"}}, {"type": "Feature", "geometry": {"type": "Point", "coordinates": [-87.669297, 41.898875]}, "properties": {"crash_id": "FIXTURECRASH00876", "date": "2021-10-08T00:41:00", "injury_severity": "reported_not_evident", "dooring": false, "hit_and_run": false, "crash_type": "SIDESWIPE SAME DIRECTION", "lighting": "DARKNESS, LIGHTED ROAD", "street": "4095 E AUGUSTA BLVD", "ward": "33", "segment_id": "142", "data_tier": "real"}}, {"type": "Feature", "geometry": {"type": "Point", "coordinates": [-87.679013, 41.96835]}, "properties": {"crash_id": "FIXTURECRASH00877", "date": "2018-07-03T03:58:00", "injury_severity": "reported_not_evident", "dooring": false, "hit_and_run": false, "crash_type": "ANGLE", "lighting": "DAYLIGHT", "street": "2832 S DAMEN AVE", "ward": "43", "segment_id": "48", "data_tier": "real"}}, {"type": "Feature", "geometry": {"type": "Point", "coordinates": [-87.695954, 41.931385]}, "properties": {"crash_id": "FIXTURECRASH00878", "date": "2021-05-05T06:06:00", "injury_severity": "non_incapacitating", "dooring": false, "hit_and_run": false, "crash_type": "TURNING", "lighting": "DUSK", "street": "4396 N ELSTON AVE", "ward": "38", "segment_id": "105", "data_tier": "real"}}, {"type": "Feature", "geometry": {"type": "Point", "coordinates": [-87.57062, 41.740987]}, "properties": {"crash_id": "FIXTURECRASH00879", "date": "2025-06-26T20:51:00", "injury_severity": "non_incapacitating", "dooring": false, "hit_and_run": false, "crash_type": "PARKED MOTOR VEHICLE", "lighting": "DAYLIGHT", "street": "3236 N RANDOM ST", "ward": "15", "segment_id": null, "data_tier": "real"}}, {"type": "Feature", "geometry": {"type": "Point", "coordinates": [-87.730874, 41.642556]}, "properties": {"crash_id": "FIXTURECRASH00880", "date": "2020-04-20T16:33:00", "injury_severity": "reported_not_evident", "dooring": false, "hit_and_run": false, "crash_type": "TURNING", "lighting": "DARKNESS, LIGHTED ROAD", "street": "4666 W RANDOM ST", "ward": "2", "segment_id": null, "data_tier": "real"}}, {"type": "Feature", "geometry": {"type": "Point", "coordinates": [-87.629075, 41.879279]}, "properties": {"crash_id": "FIXTURECRASH00881", "date": "2025-08-02T10:32:00", "injury_severity": "non_incapacitating", "dooring": false, "hit_and_run": false, "crash_type": "FIXED OBJECT", "lighting": "DAYLIGHT", "street": "4919 W DEARBORN ST", "ward": "34", "segment_id": "92", "data_tier": "real"}}, {"type": "Feature", "geometry": {"type": "Point", "coordinates": [-87.629253, 41.891068]}, "properties": {"crash_id": "FIXTURECRASH00882", "date": "2025-06-10T13:21:00", "injury_severity": "incapacitating", "dooring": false, "hit_and_run": false, "crash_type": "PARKED MOTOR VEHICLE", "lighting": "DAYLIGHT", "street": "2613 E DEARBORN ST", "ward": "34", "segment_id": "94", "data_tier": "real"}}, {"type": "Feature", "geometry": {"type": "Point", "coordinates": [-87.677355, 41.915687]}, "properties": {"crash_id": "FIXTURECRASH00883", "date": "2017-09-23T10:21:00", "injury_severity": "reported_not_evident", "dooring": true, "hit_and_run": false, "crash_type": "ANGLE", "lighting": "DARKNESS, LIGHTED ROAD", "street": "922 E DAMEN AVE", "ward": "38", "segment_id": "37", "data_tier": "real"}}, {"type": "Feature", "geometry": {"type": "Point", "coordinates": [-87.621302, 41.753547]}, "properties": {"crash_id": "FIXTURECRASH00884", "date": "2025-05-29T07:27:00", "injury_severity": "reported_not_evident", "dooring": false, "hit_and_run": false, "crash_type": "PARKED MOTOR VEHICLE", "lighting": "DARKNESS, LIGHTED ROAD", "street": "152 S VINCENNES AVE", "ward": "14", "segment_id": "190", "data_tier": "real"}}, {"type": "Feature", "geometry": {"type": "Point", "coordinates": [-87.677827, 41.945375]}, "properties": {"crash_id": "FIXTURECRASH00885", "date": "2025-08-08T17:51:00", "injury_severity": "non_incapacitating", "dooring": false, "hit_and_run": false, "crash_type": "ANGLE", "lighting": "DAYLIGHT", "street": "5385 N DAMEN AVE", "ward": "43", "segment_id": "43", "data_tier": "real"}}, {"type": "Feature", "geometry": {"type": "Point", "coordinates": [-87.678535, 41.976483]}, "properties": {"crash_id": "FIXTURECRASH00886", "date": "2022-04-29T08:31:00", "injury_severity": "non_incapacitating", "dooring": false, "hit_and_run": false, "crash_type": "REAR END", "lighting": "DARKNESS, LIGHTED ROAD", "street": "3963 W RANDOM ST", "ward": "43", "segment_id": null, "data_tier": "real"}}, {"type": "Feature", "geometry": {"type": "Point", "coordinates": [-87.74412, 41.82243]}, "properties": {"crash_id": "FIXTURECRASH00887", "date": "2026-01-16T11:35:00", "injury_severity": "reported_not_evident", "dooring": false, "hit_and_run": false, "crash_type": "ANGLE", "lighting": "DARKNESS, LIGHTED ROAD", "street": "2765 S RANDOM ST", "ward": "22", "segment_id": null, "data_tier": "real"}}, {"type": "Feature", "geometry": {"type": "Point", "coordinates": [-87.668707, 41.789148]}, "properties": {"crash_id": "FIXTURECRASH00888", "date": "2019-09-15T22:28:00", "injury_severity": "non_incapacitating", "dooring": false, "hit_and_run": false, "crash_type": "ANGLE", "lighting": "DAYLIGHT", "street": "3728 S RANDOM ST", "ward": "18", "segment_id": null, "data_tier": "real"}}, {"type": "Feature", "geometry": {"type": "Point", "coordinates": [-87.646695, 41.865389]}, "properties": {"crash_id": "FIXTURECRASH00889", "date": "2024-07-24T06:47:00", "injury_severity": "non_incapacitating", "dooring": false, "hit_and_run": false, "crash_type": "PEDALCYCLIST", "lighting": "DARKNESS, LIGHTED ROAD", "street": "717 E HALSTED ST", "ward": "29", "segment_id": "54", "data_tier": "real"}}, {"type": "Feature", "geometry": {"type": "Point", "coordinates": [-87.690346, 41.926315]}, "properties": {"crash_id": "FIXTURECRASH00890", "date": "2023-09-22T06:20:00", "injury_severity": "reported_not_evident", "dooring": false, "hit_and_run": false, "crash_type": "TURNING", "lighting": "DARKNESS, LIGHTED ROAD", "street": "3893 W ELSTON AVE", "ward": "38", "segment_id": "104", "data_tier": "real"}}, {"type": "Feature", "geometry": {"type": "Point", "coordinates": [-87.62867, 41.899994]}, "properties": {"crash_id": "FIXTURECRASH00891", "date": "2026-05-11T15:39:00", "injury_severity": "none", "dooring": false, "hit_and_run": false, "crash_type": "ANGLE", "lighting": "DARKNESS, LIGHTED ROAD", "street": "1630 S DEARBORN ST", "ward": "34", "segment_id": "96", "data_tier": "real"}}, {"type": "Feature", "geometry": {"type": "Point", "coordinates": [-87.672397, 41.917101]}, "properties": {"crash_id": "FIXTURECRASH00892", "date": "2025-09-23T03:13:00", "injury_severity": "reported_not_evident", "dooring": false, "hit_and_run": false, "crash_type": "PARKED MOTOR VEHICLE", "lighting": "DAYLIGHT", "street": "4351 S WOOD ST", "ward": "38", "segment_id": null, "data_tier": "real"}}, {"type": "Feature", "geometry": {"type": "Point", "coordinates": [-87.586033, 41.742193]}, "properties": {"crash_id": "FIXTURECRASH00893", "date": "2018-03-02T08:48:00", "injury_severity": "reported_not_evident", "dooring": false, "hit_and_run": false, "crash_type": "PARKED MOTOR VEHICLE", "lighting": "DARKNESS, LIGHTED ROAD", "street": "4760 W STONY ISLAND AVE", "ward": "14", "segment_id": "197", "data_tier": "real"}}, {"type": "Feature", "geometry": {"type": "Point", "coordinates": [-87.697071, 41.899214]}, "properties": {"crash_id": "FIXTURECRASH00894", "date": "2026-01-31T01:12:00", "injury_severity": "incapacitating", "dooring": false, "hit_and_run": true, "crash_type": "TURNING", "lighting": "DAYLIGHT", "street": "4791 E AUGUSTA BLVD", "ward": "33", "segment_id": "147", "data_tier": "real"}}, {"type": "Feature", "geometry": {"type": "Point", "coordinates": [-87.543583, 41.856796]}, "properties": {"crash_id": "FIXTURECRASH00895", "date": "2018-09-19T00:49:00", "injury_severity": "non_incapacitating", "dooring": false, "hit_and_run": true, "crash_type": "ANGLE", "lighting": "DUSK", "street": "2580 S RANDOM ST", "ward": "30", "segment_id": null, "data_tier": "real"}}, {"type": "Feature", "geometry": {"type": "Point", "coordinates": [-87.631261, 41.899628]}, "properties": {"crash_id": "FIXTURECRASH00896", "date": "2018-08-05T06:43:00", "injury_severity": "reported_not_evident", "dooring": false, "hit_and_run": true, "crash_type": "REAR END", "lighting": "DAYLIGHT", "street": "1336 S CLARK ST", "ward": "34", "segment_id": null, "data_tier": "real"}}, {"type": "Feature", "geometry": {"type": "Point", "coordinates": [-87.654919, 41.834585]}, "properties": {"crash_id": "FIXTURECRASH00897", "date": "2026-01-12T21:05:00", "injury_severity": "non_incapacitating", "dooring": false, "hit_and_run": true, "crash_type": "SIDESWIPE SAME DIRECTION", "lighting": "DAYLIGHT", "street": "5158 N ARCHER AVE", "ward": "28", "segment_id": "169", "data_tier": "real"}}, {"type": "Feature", "geometry": {"type": "Point", "coordinates": [-87.672049, 41.937704]}, "properties": {"crash_id": "FIXTURECRASH00898", "date": "2024-01-30T06:27:00", "injury_severity": "non_incapacitating", "dooring": false, "hit_and_run": false, "crash_type": "REAR END", "lighting": "DAYLIGHT", "street": "5548 E WOOD ST", "ward": "38", "segment_id": "165", "data_tier": "real"}}, {"type": "Feature", "geometry": {"type": "Point", "coordinates": [-87.629266, 41.870051]}, "properties": {"crash_id": "FIXTURECRASH00899", "date": "2024-09-05T16:08:00", "injury_severity": "non_incapacitating", "dooring": false, "hit_and_run": false, "crash_type": "REAR END", "lighting": "DAYLIGHT", "street": "3176 S DEARBORN ST", "ward": "34", "segment_id": "90", "data_tier": "real"}}, {"type": "Feature", "geometry": {"type": "Point", "coordinates": [-87.605103, 41.665087]}, "properties": {"crash_id": "FIXTURECRASH00900", "date": "2025-01-05T00:51:00", "injury_severity": "non_incapacitating", "dooring": false, "hit_and_run": false, "crash_type": "REAR END", "lighting": "DUSK", "street": "4879 W RANDOM ST", "ward": "4", "segment_id": null, "data_tier": "real"}}, {"type": "Feature", "geometry": {"type": "Point", "coordinates": [-87.65412, 41.959715]}, "properties": {"crash_id": "FIXTURECRASH00901", "date": "2023-09-20T11:24:00", "injury_severity": "non_incapacitating", "dooring": false, "hit_and_run": false, "crash_type": "ANGLE", "lighting": "DAYLIGHT", "street": "1379 N CLARK ST", "ward": "43", "segment_id": "86", "data_tier": "real"}}, {"type": "Feature", "geometry": {"type": "Point", "coordinates": [-87.622476, 41.794898]}, "properties": {"crash_id": "FIXTURECRASH00902", "date": "2019-07-14T19:39:00", "injury_severity": "incapacitating", "dooring": false, "hit_and_run": false, "crash_type": "FIXED OBJECT", "lighting": "DAYLIGHT", "street": "283 W 55TH ST", "ward": "24", "segment_id": "131", "data_tier": "real"}}, {"type": "Feature", "geometry": {"type": "Point", "coordinates": [-87.648821, 41.943141]}, "properties": {"crash_id": "FIXTURECRASH00903", "date": "2025-07-13T22:55:00", "injury_severity": "non_incapacitating", "dooring": true, "hit_and_run": false, "crash_type": "PEDALCYCLIST", "lighting": "DAYLIGHT", "street": "3422 W HALSTED ST", "ward": "39", "segment_id": "71", "data_tier": "real"}}, {"type": "Feature", "geometry": {"type": "Point", "coordinates": [-87.716169, 41.948803]}, "properties": {"crash_id": "FIXTURECRASH00904", "date": "2021-07-27T11:18:00", "injury_severity": "reported_not_evident", "dooring": false, "hit_and_run": false, "crash_type": "ANGLE", "lighting": "DAYLIGHT", "street": "2157 W ELSTON AVE", "ward": "43", "segment_id": "110", "data_tier": "real"}}, {"type": "Feature", "geometry": {"type": "Point", "coordinates": [-87.837219, 41.83539]}, "properties": {"crash_id": "FIXTURECRASH00905", "date": "2017-12-19T23:50:00", "injury_severity": "non_incapacitating", "dooring": false, "hit_and_run": false, "crash_type": "PEDALCYCLIST", "lighting": "DARKNESS, LIGHTED ROAD", "street": "837 W RANDOM ST", "ward": "26", "segment_id": null, "data_tier": "real"}}, {"type": "Feature", "geometry": {"type": "Point", "coordinates": [-87.702239, 41.894674]}, "properties": {"crash_id": "FIXTURECRASH00906", "date": "2019-04-30T18:01:00", "injury_severity": "none", "dooring": false, "hit_and_run": false, "crash_type": "TURNING", "lighting": "DAYLIGHT", "street": "447 W RANDOM ST", "ward": "33", "segment_id": null, "data_tier": "real"}}, {"type": "Feature", "geometry": {"type": "Point", "coordinates": [-87.760125, 41.960087]}, "properties": {"crash_id": "FIXTURECRASH00907", "date": "2023-08-14T08:31:00", "injury_severity": "non_incapacitating", "dooring": false, "hit_and_run": false, "crash_type": "SIDESWIPE SAME DIRECTION", "lighting": "DAYLIGHT", "street": "242 W MILWAUKEE AVE", "ward": "42", "segment_id": "26", "data_tier": "real"}}, {"type": "Feature", "geometry": {"type": "Point", "coordinates": [-87.667648, 41.888999]}, "properties": {"crash_id": "FIXTURECRASH00908", "date": "2019-01-07T17:00:00", "injury_severity": "non_incapacitating", "dooring": false, "hit_and_run": false, "crash_type": "FIXED OBJECT", "lighting": "DAYLIGHT", "street": "3700 E KINZIE ST", "ward": "33", "segment_id": "121", "data_tier": "real"}}, {"type": "Feature", "geometry": {"type": "Point", "coordinates": [-87.678054, 41.94533]}, "properties": {"crash_id": "FIXTURECRASH00909", "date": "2022-12-29T00:02:00", "injury_severity": "incapacitating", "dooring": false, "hit_and_run": false, "crash_type": "SIDESWIPE SAME DIRECTION", "lighting": "DARKNESS, LIGHTED ROAD", "street": "2806 N DAMEN AVE", "ward": "43", "segment_id": "43", "data_tier": "real"}}, {"type": "Feature", "geometry": {"type": "Point", "coordinates": [-87.676973, 41.90674]}, "properties": {"crash_id": "FIXTURECRASH00910", "date": "2020-08-11T18:15:00", "injury_severity": "reported_not_evident", "dooring": false, "hit_and_run": false, "crash_type": "REAR END", "lighting": "DAYLIGHT", "street": "5269 E DAMEN AVE", "ward": "38", "segment_id": "35", "data_tier": "real"}}, {"type": "Feature", "geometry": {"type": "Point", "coordinates": [-87.648516, 41.656073]}, "properties": {"crash_id": "FIXTURECRASH00911", "date": "2023-04-18T01:51:00", "injury_severity": "reported_not_evident", "dooring": false, "hit_and_run": false, "crash_type": "PARKED MOTOR VEHICLE", "lighting": "DUSK", "street": "4435 W RANDOM ST", "ward": "4", "segment_id": null, "data_tier": "real"}}, {"type": "Feature", "geometry": {"type": "Point", "coordinates": [-87.652663, 41.835787]}, "properties": {"crash_id": "FIXTURECRASH00912", "date": "2023-11-28T23:18:00", "injury_severity": "non_incapacitating", "dooring": false, "hit_and_run": false, "crash_type": "SIDESWIPE SAME DIRECTION", "lighting": "DAYLIGHT", "street": "502 W ARCHER AVE", "ward": "28", "segment_id": "169", "data_tier": "real"}}, {"type": "Feature", "geometry": {"type": "Point", "coordinates": [-87.780391, 41.80602]}, "properties": {"crash_id": "FIXTURECRASH00913", "date": "2025-05-23T16:42:00", "injury_severity": "reported_not_evident", "dooring": false, "hit_and_run": false, "crash_type": "REAR END", "lighting": "DUSK", "street": "220 N RANDOM ST", "ward": "22", "segment_id": null, "data_tier": "real"}}, {"type": "Feature", "geometry": {"type": "Point", "coordinates": [-87.711238, 41.93105]}, "properties": {"crash_id": "FIXTURECRASH00914", "date": "2019-08-04T03:05:00", "injury_severity": "non_incapacitating", "dooring": true, "hit_and_run": false, "crash_type": "ANGLE", "lighting": "DAYLIGHT", "street": "4570 N MILWAUKEE AVE", "ward": "38", "segment_id": "16", "data_tier": "real"}}, {"type": "Feature", "geometry": {"type": "Point", "coordinates": [-87.703329, 41.67173]}, "properties": {"crash_id": "FIXTURECRASH00915", "date": "2017-12-01T23:53:00", "injury_severity": "reported_not_evident", "dooring": false, "hit_and_run": false, "crash_type": "REAR END", "lighting": "DAYLIGHT", "street": "678 W RANDOM ST", "ward": "3", "segment_id": null, "data_tier": "real"}}, {"type": "Feature", "geometry": {"type": "Point", "coordinates": [-87.559541, 41.811491]}, "properties": {"crash_id": "FIXTURECRASH00916", "date": "2021-08-29T16:32:00", "injury_severity": "none", "dooring": false, "hit_and_run": false, "crash_type": "REAR END", "lighting": "DARKNESS, LIGHTED ROAD", "street": "194 S RANDOM ST", "ward": "25", "segment_id": null, "data_tier": "real"}}, {"type": "Feature", "geometry": {"type": "Point", "coordinates": [-87.595252, 41.79504]}, "properties": {"crash_id": "FIXTURECRASH00917", "date": "2019-10-14T12:36:00", "injury_severity": "non_incapacitating", "dooring": false, "hit_and_run": false, "crash_type": "SIDESWIPE SAME DIRECTION", "lighting": "DAYLIGHT", "street": "4193 E 55TH ST", "ward": "24", "segment_id": "126", "data_tier": "real"}}, {"type": "Feature", "geometry": {"type": "Point", "coordinates": [-87.538721, 41.789]}, "properties": {"crash_id": "FIXTURECRASH00918", "date": "2025-03-08T15:42:00", "injury_severity": "reported_not_evident", "dooring": true, "hit_and_run": false, "crash_type": "PEDALCYCLIST", "lighting": "DUSK", "street": "2218 N RANDOM ST", "ward": "20", "segment_id": null, "data_tier": "real"}}, {"type": "Feature", "geometry": {"type": "Point", "coordinates": [-87.721329, 41.899002]}, "properties": {"crash_id": "FIXTURECRASH00919", "date": "2025-03-24T22:35:00", "injury_severity": "reported_not_evident", "dooring": false, "hit_and_run": false, "crash_type": "FIXED OBJECT", "lighting": "DARKNESS, LIGHTED ROAD", "street": "3870 W AUGUSTA BLVD", "ward": "32", "segment_id": "150", "data_tier": "real"}}, {"type": "Feature", "geometry": {"type": "Point", "coordinates": [-87.669557, 41.783]}, "properties": {"crash_id": "FIXTURECRASH00920", "date": "2025-09-29T08:59:00", "injury_severity": "reported_not_evident", "dooring": false, "hit_and_run": false, "crash_type": "TURNING", "lighting": "DARKNESS, LIGHTED ROAD", "street": "3736 N RANDOM ST", "ward": "18", "segment_id": null, "data_tier": "real"}}, {"type": "Feature", "geometry": {"type": "Point", "coordinates": [-87.734338, 41.964766]}, "properties": {"crash_id": "FIXTURECRASH00921", "date": "2022-03-24T08:34:00", "injury_severity": "reported_not_evident", "dooring": false, "hit_and_run": false, "crash_type": "REAR END", "lighting": "DUSK", "street": "4463 S ELSTON AVE", "ward": "42", "segment_id": "115", "data_tier": "real"}}, {"type": "Feature", "geometry": {"type": "Point", "coordinates": [-87.58592, 41.776198]}, "properties": {"crash_id": "FIXTURECRASH00922", "date": "2022-06-07T00:39:00", "injury_severity": "incapacitating", "dooring": false, "hit_and_run": false, "crash_type": "PEDALCYCLIST", "lighting": "DAYLIGHT", "street": "2133 E STONY ISLAND AVE", "ward": "20", "segment_id": "204", "data_tier": "real"}}, {"type": "Feature", "geometry": {"type": "Point", "coordinates": [-87.656966, 41.966122]}, "properties": {"crash_id": "FIXTURECRASH00923", "date": "2021-07-01T05:15:00", "injury_severity": "incapacitating", "dooring": false, "hit_and_run": false, "crash_type": "TURNING", "lighting": "DARKNESS, LIGHTED ROAD", "street": "5837 N CLARK ST", "ward": "43", "segment_id": null, "data_tier": "real"}}, {"type": "Feature", "geometry": {"type": "Point", "coordinates": [-87.678452, 41.959118]}, "properties": {"crash_id": "FIXTURECRASH00924", "date": "2018-01-08T06:44:00", "injury_severity": "non_incapacitating", "dooring": false, "hit_and_run": false, "crash_type": "PARKED MOTOR VEHICLE", "lighting": "DUSK", "street": "3950 W DAMEN AVE", "ward": "43", "segment_id": "46", "data_tier": "real"}}, {"type": "Feature", "geometry": {"type": "Point", "coordinates": [-87.672015, 41.939962]}, "properties": {"crash_id": "FIXTURECRASH00925", "date": "2023-09-26T23:00:00", "injury_severity": "non_incapacitating", "dooring": false, "hit_and_run": true, "crash_type": "REAR END", "lighting": "DAYLIGHT", "street": "2318 W WOOD ST", "ward": "38", "segment_id": "165", "data_tier": "real"}}, {"type": "Feature", "geometry": {"type": "Point", "coordinates": [-87.628875, 41.888286]}, "properties": {"crash_id": "FIXTURECRASH00926", "date": "2024-08-03T07:44:00", "injury_severity": "reported_not_evident", "dooring": false, "hit_and_run": false, "crash_type": "REAR END", "lighting": "DARKNESS, LIGHTED ROAD", "street": "3222 E DEARBORN ST", "ward": "34", "segment_id": "93", "data_tier": "real"}}, {"type": "Feature", "geometry": {"type": "Point", "coordinates": [-87.809041, 41.658734]}, "properties": {"crash_id": "FIXTURECRASH00927", "date": "2019-03-07T23:38:00", "injury_severity": "none", "dooring": false, "hit_and_run": false, "crash_type": "PARKED MOTOR VEHICLE", "lighting": "DARKNESS, LIGHTED ROAD", "street": "3225 N RANDOM ST", "ward": "1", "segment_id": null, "data_tier": "real"}}, {"type": "Feature", "geometry": {"type": "Point", "coordinates": [-87.670104, 41.904356]}, "properties": {"crash_id": "FIXTURECRASH00928", "date": "2026-04-26T17:51:00", "injury_severity": "non_incapacitating", "dooring": false, "hit_and_run": false, "crash_type": "TURNING", "lighting": "DAYLIGHT", "street": "919 E MILWAUKEE AVE", "ward": "33", "segment_id": "8", "data_tier": "real"}}, {"type": "Feature", "geometry": {"type": "Point", "coordinates": [-87.72613, 41.939836]}, "properties": {"crash_id": "FIXTURECRASH00929", "date": "2019-03-11T09:33:00", "injury_severity": "reported_not_evident", "dooring": false, "hit_and_run": false, "crash_type": "PEDALCYCLIST", "lighting": "DAYLIGHT", "street": "2344 W MILWAUKEE AVE", "ward": "37", "segment_id": "20", "data_tier": "real"}}, {"type": "Feature", "geometry": {"type": "Point", "coordinates": [-87.760151, 41.960029]}, "properties": {"crash_id": "FIXTURECRASH00930", "date": "2022-06-02T11:31:00", "injury_severity": "none", "dooring": false, "hit_and_run": false, "crash_type": "REAR END", "lighting": "DAYLIGHT", "street": "2627 E MILWAUKEE AVE", "ward": "42", "segment_id": "26", "data_tier": "real"}}, {"type": "Feature", "geometry": {"type": "Point", "coordinates": [-87.585816, 41.764993]}, "properties": {"crash_id": "FIXTURECRASH00931", "date": "2021-12-10T04:54:00", "injury_severity": "reported_not_evident", "dooring": false, "hit_and_run": true, "crash_type": "SIDESWIPE SAME DIRECTION", "lighting": "DAYLIGHT", "street": "5282 E STONY ISLAND AVE", "ward": "20", "segment_id": "202", "data_tier": "real"}}, {"type": "Feature", "geometry": {"type": "Point", "coordinates": [-87.702402, 41.809311]}, "properties": {"crash_id": "FIXTURECRASH00932", "date": "2019-08-18T04:18:00", "injury_severity": "non_incapacitating", "dooring": false, "hit_and_run": false, "crash_type": "PARKED MOTOR VEHICLE", "lighting": "DARKNESS, LIGHTED ROAD", "street": "3982 E ARCHER AVE", "ward": "23", "segment_id": "179", "data_tier": "real"}}, {"type": "Feature", "geometry": {"type": "Point", "coordinates": [-87.676209, 41.895034]}, "properties": {"crash_id": "FIXTURECRASH00933", "date": "2018-09-14T11:58:00", "injury_severity": "reported_not_evident", "dooring": false, "hit_and_run": false, "crash_type": "TURNING", "lighting": "DARKNESS, LIGHTED ROAD", "street": "591 N DAMEN AVE", "ward": "33", "segment_id": null, "data_tier": "real"}}, {"type": "Feature", "geometry": {"type": "Point", "coordinates": [-87.604173, 41.795018]}, "properties": {"crash_id": "FIXTURECRASH00934", "date": "2024-02-23T19:56:00", "injury_severity": "non_incapacitating", "dooring": false, "hit_and_run": false, "crash_type": "PARKED MOTOR VEHICLE", "lighting": "DAYLIGHT", "street": "5984 W 55TH ST", "ward": "24", "segment_id": "127", "data_tier": "real"}}, {"type": "Feature", "geometry": {"type": "Point", "coordinates": [-87.832354, 41.989418]}, "properties": {"crash_id": "FIXTURECRASH00935", "date": "2023-08-06T08:14:00", "injury_severity": "none", "dooring": false, "hit_and_run": false, "crash_type": "SIDESWIPE SAME DIRECTION", "lighting": "DAYLIGHT", "street": "4922 W RANDOM ST", "ward": "46", "segment_id": null, "data_tier": "real"}}, {"type": "Feature", "geometry": {"type": "Point", "coordinates": [-87.628916, 41.888494]}, "properties": {"crash_id": "FIXTURECRASH00936", "date": "2025-03-14T17:44:00", "injury_severity": "none", "dooring": false, "hit_and_run": true, "crash_type": "TURNING", "lighting": "DAYLIGHT", "street": "5636 W DEARBORN ST", "ward": "34", "segment_id": "94", "data_tier": "real"}}, {"type": "Feature", "geometry": {"type": "Point", "coordinates": [-87.646842, 41.872422]}, "properties": {"crash_id": "FIXTURECRASH00937", "date": "2019-03-28T06:09:00", "injury_severity": "none", "dooring": false, "hit_and_run": false, "crash_type": "TURNING", "lighting": "DARKNESS, LIGHTED ROAD", "street": "4124 N HALSTED ST", "ward": "34", "segment_id": "56", "data_tier": "real"}}, {"type": "Feature", "geometry": {"type": "Point", "coordinates": [-87.659997, 41.831731]}, "properties": {"crash_id": "FIXTURECRASH00938", "date": "2023-11-22T17:24:00", "injury_severity": "none", "dooring": false, "hit_and_run": true, "crash_type": "PEDALCYCLIST", "lighting": "DARKNESS, LIGHTED ROAD", "street": "4547 N ARCHER AVE", "ward": "28", "segment_id": "171", "data_tier": "real"}}, {"type": "Feature", "geometry": {"type": "Point", "coordinates": [-87.618721, 41.76449]}, "properties": {"crash_id": "FIXTURECRASH00939", "date": "2020-03-29T10:46:00", "injury_severity": "reported_not_evident", "dooring": false, "hit_and_run": false, "crash_type": "ANGLE", "lighting": "DAYLIGHT", "street": "1980 E VINCENNES AVE", "ward": "19", "segment_id": "193", "data_tier": "real"}}, {"type": "Feature", "geometry": {"type": "Point", "coordinates": [-87.687698, 41.89895]}, "properties": {"crash_id": "FIXTURECRASH00940", "date": "2022-06-07T11:11:00", "injury_severity": "non_incapacitating", "dooring": false, "hit_and_run": false, "crash_type": "FIXED OBJECT", "lighting": "DAYLIGHT", "street": "4455 S AUGUSTA BLVD", "ward": "33", "segment_id": "145", "data_tier": "real"}}, {"type": "Feature", "geometry": {"type": "Point", "coordinates": [-87.585839, 41.778787]}, "properties": {"crash_id": "FIXTURECRASH00941", "date": "2024-12-19T23:42:00", "injury_severity": "non_incapacitating", "dooring": false, "hit_and_run": false, "crash_type": "REAR END", "lighting": "DAYLIGHT", "street": "4215 E STONY ISLAND AVE", "ward": "20", "segment_id": "205", "data_tier": "real"}}, {"type": "Feature", "geometry": {"type": "Point", "coordinates": [-87.652379, 41.930447]}, "properties": {"crash_id": "FIXTURECRASH00942", "date": "2021-02-05T10:30:00", "injury_severity": "reported_not_evident", "dooring": false, "hit_and_run": false, "crash_type": "PARKED MOTOR VEHICLE", "lighting": "DARKNESS, LIGHTED ROAD", "street": "5678 S RANDOM ST", "ward": "38", "segment_id": null, "data_tier": "real"}}, {"type": "Feature", "geometry": {"type": "Point", "coordinates": [-87.806374, 41.706511]}, "properties": {"crash_id": "FIXTURECRASH00943", "date": "2019-12-14T17:41:00", "injury_severity": "non_incapacitating", "dooring": false, "hit_and_run": false, "crash_type": "ANGLE", "lighting": "DARKNESS, LIGHTED ROAD", "street": "945 S RANDOM ST", "ward": "6", "segment_id": null, "data_tier": "real"}}, {"type": "Feature", "geometry": {"type": "Point", "coordinates": [-87.64824, 41.927194]}, "properties": {"crash_id": "FIXTURECRASH00944", "date": "2023-06-10T01:45:00", "injury_severity": "reported_not_evident", "dooring": false, "hit_and_run": true, "crash_type": "ANGLE", "lighting": "DAYLIGHT", "street": "1058 N HALSTED ST", "ward": "39", "segment_id": "68", "data_tier": "real"}}, {"type": "Feature", "geometry": {"type": "Point", "coordinates": [-87.661502, 41.888939]}, "properties": {"crash_id": "FIXTURECRASH00945", "date": "2018-01-01T16:53:00", "injury_severity": "reported_not_evident", "dooring": false, "hit_and_run": false, "crash_type": "PARKED MOTOR VEHICLE", "lighting": "DARKNESS, LIGHTED ROAD", "street": "191 N KINZIE ST", "ward": "33", "segment_id": "120", "data_tier": "real"}}, {"type": "Feature", "geometry": {"type": "Point", "coordinates": [-87.626201, 41.735645]}, "properties": {"crash_id": "FIXTURECRASH00946", "date": "2021-03-31T20:15:00", "injury_severity": "reported_not_evident", "dooring": false, "hit_and_run": false, "crash_type": "REAR END", "lighting": "DARKNESS, LIGHTED ROAD", "street": "4608 S VINCENNES AVE", "ward": "14", "segment_id": "186", "data_tier": "real"}}, {"type": "Feature", "geometry": {"type": "Point", "coordinates": [-87.631772, 41.901989]}, "properties": {"crash_id": "FIXTURECRASH00947", "date": "2019-09-18T00:23:00", "injury_severity": "non_incapacitating", "dooring": false, "hit_and_run": false, "crash_type": "FIXED OBJECT", "lighting": "DUSK", "street": "2814 N CLARK ST", "ward": "34", "segment_id": "73", "data_tier": "real"}}, {"type": "Feature", "geometry": {"type": "Point", "coordinates": [-87.676239, 41.879324]}, "properties": {"crash_id": "FIXTURECRASH00948", "date": "2021-10-29T09:55:00", "injury_severity": "non_incapacitating", "dooring": false, "hit_and_run": false, "crash_type": "FIXED OBJECT", "lighting": "DAYLIGHT", "street": "4537 E DAMEN AVE", "ward": "33", "segment_id": "29", "data_tier": "real"}}, {"type": "Feature", "geometry": {"type": "Point", "coordinates": [-87.671828, 41.884884]}, "properties": {"crash_id": "FIXTURECRASH00949", "date": "2019-11-07T13:26:00", "injury_severity": "reported_not_evident", "dooring": false, "hit_and_run": false, "crash_type": "REAR END", "lighting": "DAYLIGHT", "street": "4725 W WOOD ST", "ward": "33", "segment_id": "154", "data_tier": "real"}}, {"type": "Feature", "geometry": {"type": "Point", "coordinates": [-87.71234, 41.89881]}, "properties": {"crash_id": "FIXTURECRASH00950", "date": "2018-12-29T15:33:00", "injury_severity": "none", "dooring": false, "hit_and_run": true, "crash_type": "SIDESWIPE SAME DIRECTION", "lighting": "DUSK", "street": "4944 W AUGUSTA BLVD", "ward": "33", "segment_id": "149", "data_tier": "real"}}, {"type": "Feature", "geometry": {"type": "Point", "coordinates": [-87.67169, 41.901268]}, "properties": {"crash_id": "FIXTURECRASH00951", "date": "2019-02-26T13:56:00", "injury_severity": "none", "dooring": false, "hit_and_run": false, "crash_type": "TURNING", "lighting": "DARKNESS, LIGHTED ROAD", "street": "1630 W WOOD ST", "ward": "33", "segment_id": "157", "data_tier": "real"}}, {"type": "Feature", "geometry": {"type": "Point", "coordinates": [-87.591292, 41.997483]}, "properties": {"crash_id": "FIXTURECRASH00952", "date": "2021-09-19T10:32:00", "injury_severity": "non_incapacitating", "dooring": false, "hit_and_run": false, "crash_type": "PEDALCYCLIST", "lighting": "DARKNESS, LIGHTED ROAD", "street": "839 S RANDOM ST", "ward": "49", "segment_id": null, "data_tier": "real"}}, {"type": "Feature", "geometry": {"type": "Point", "coordinates": [-87.657257, 41.833053]}, "properties": {"crash_id": "FIXTURECRASH00953", "date": "2024-04-22T12:08:00", "injury_severity": "reported_not_evident", "dooring": false, "hit_and_run": false, "crash_type": "ANGLE", "lighting": "DAYLIGHT", "street": "4913 N ARCHER AVE", "ward": "28", "segment_id": "170", "data_tier": "real"}}, {"type": "Feature", "geometry": {"type": "Point", "coordinates": [-87.667328, 41.67999]}, "properties": {"crash_id": "FIXTURECRASH00954", "date": "2025-04-21T09:23:00", "injury_severity": "reported_not_evident", "dooring": false, "hit_and_run": false, "crash_type": "PEDALCYCLIST", "lighting": "DAYLIGHT", "street": "4834 S RANDOM ST", "ward": "8", "segment_id": null, "data_tier": "real"}}, {"type": "Feature", "geometry": {"type": "Point", "coordinates": [-87.649406, 41.889257]}, "properties": {"crash_id": "FIXTURECRASH00955", "date": "2022-04-07T08:03:00", "injury_severity": "reported_not_evident", "dooring": false, "hit_and_run": false, "crash_type": "PARKED MOTOR VEHICLE", "lighting": "DAYLIGHT", "street": "4221 S KINZIE ST", "ward": "34", "segment_id": "3", "data_tier": "real"}}, {"type": "Feature", "geometry": {"type": "Point", "coordinates": [-87.680326, 41.794828]}, "properties": {"crash_id": "FIXTURECRASH00956", "date": "2023-06-18T05:10:00", "injury_severity": "none", "dooring": false, "hit_and_run": false, "crash_type": "SIDESWIPE SAME DIRECTION", "lighting": "DAYLIGHT", "street": "693 W 55TH ST", "ward": "23", "segment_id": null, "data_tier": "real"}}, {"type": "Feature", "geometry": {"type": "Point", "coordinates": [-87.730235, 41.961108]}, "properties": {"crash_id": "FIXTURECRASH00957", "date": "2018-04-30T02:07:00", "injury_severity": "reported_not_evident", "dooring": false, "hit_and_run": false, "crash_type": "PEDALCYCLIST", "lighting": "DUSK", "street": "994 N ELSTON AVE", "ward": "42", "segment_id": "114", "data_tier": "real"}}, {"type": "Feature", "geometry": {"type": "Point", "coordinates": [-87.585923, 41.771983]}, "properties": {"crash_id": "FIXTURECRASH00958", "date": "2019-11-27T01:02:00", "injury_severity": "reported_not_evident", "dooring": false, "hit_and_run": true, "crash_type": "SIDESWIPE SAME DIRECTION", "lighting": "DUSK", "street": "4063 E STONY ISLAND AVE", "ward": "20", "segment_id": "204", "data_tier": "real"}}, {"type": "Feature", "geometry": {"type": "Point", "coordinates": [-87.638887, 41.919901]}, "properties": {"crash_id": "FIXTURECRASH00959", "date": "2022-04-20T18:35:00", "injury_severity": "reported_not_evident", "dooring": false, "hit_and_run": false, "crash_type": "PARKED MOTOR VEHICLE", "lighting": "DARKNESS, LIGHTED ROAD", "street": "2385 W CLARK ST", "ward": "39", "segment_id": "77", "data_tier": "real"}}, {"type": "Feature", "geometry": {"type": "Point", "coordinates": [-87.62903, 41.897602]}, "properties": {"crash_id": "FIXTURECRASH00960", "date": "2026-04-23T23:49:00", "injury_severity": "non_incapacitating", "dooring": true, "hit_and_run": false, "crash_type": "TURNING", "lighting": "DAYLIGHT", "street": "5539 W DEARBORN ST", "ward": "34", "segment_id": "95", "data_tier": "real"}}, {"type": "Feature", "geometry": {"type": "Point", "coordinates": [-87.585916, 41.764848]}, "properties": {"crash_id": "FIXTURECRASH00961", "date": "2020-05-19T10:55:00", "injury_severity": "non_incapacitating", "dooring": false, "hit_and_run": false, "crash_type": "PEDALCYCLIST", "lighting": "DARKNESS, LIGHTED ROAD", "street": "3616 W STONY ISLAND AVE", "ward": "20", "segment_id": "202", "data_tier": "real"}}, {"type": "Feature", "geometry": {"type": "Point", "coordinates": [-87.669436, 41.831284]}, "properties": {"crash_id": "FIXTURECRASH00962", "date": "2019-08-26T10:51:00", "injury_severity": "non_incapacitating", "dooring": false, "hit_and_run": false, "crash_type": "PARKED MOTOR VEHICLE", "lighting": "DAYLIGHT", "street": "2810 E RANDOM ST", "ward": "28", "segment_id": null, "data_tier": "real"}}, {"type": "Feature", "geometry": {"type": "Point", "coordinates": [-87.671862, 41.90784]}, "properties": {"crash_id": "FIXTURECRASH00963", "date": "2022-02-13T05:13:00", "injury_severity": "reported_not_evident", "dooring": false, "hit_and_run": false, "crash_type": "PARKED MOTOR VEHICLE", "lighting": "DAYLIGHT", "street": "2830 E WOOD ST", "ward": "38", "segment_id": "158", "data_tier": "real"}}, {"type": "Feature", "geometry": {"type": "Point", "coordinates": [-87.8225, 41.677897]}, "properties": {"crash_id": "FIXTURECRASH00964", "date": "2018-10-16T14:49:00", "injury_severity": "reported_not_evident", "dooring": false, "hit_and_run": false, "crash_type": "PEDALCYCLIST", "lighting": "DUSK", "street": "2516 W RANDOM ST", "ward": "1", "segment_id": null, "data_tier": "real"}}, {"type": "Feature", "geometry": {"type": "Point", "coordinates": [-87.672076, 41.910311]}, "properties": {"crash_id": "FIXTURECRASH00965", "date": "2020-09-02T22:05:00", "injury_severity": "none", "dooring": false, "hit_and_run": false, "crash_type": "PEDALCYCLIST", "lighting": "DAYLIGHT", "street": "2670 E WOOD ST", "ward": "38", "segment_id": "159", "data_tier": "real"}}, {"type": "Feature", "geometry": {"type": "Point", "coordinates": [-87.677088, 41.917982]}, "properties": {"crash_id": "FIXTURECRASH00966", "date": "2019-09-20T11:51:00", "injury_severity": "reported_not_evident", "dooring": false, "hit_and_run": false, "crash_type": "REAR END", "lighting": "DAYLIGHT", "street": "2883 N DAMEN AVE", "ward": "38", "segment_id": "37", "data_tier": "real"}}, {"type": "Feature", "geometry": {"type": "Point", "coordinates": [-87.69698, 41.960919]}, "properties": {"crash_id": "FIXTURECRASH00967", "date": "2023-11-04T01:59:00", "injury_severity": "non_incapacitating", "dooring": false, "hit_and_run": false, "crash_type": "REAR END", "lighting": "DAYLIGHT", "street": "638 N RANDOM ST", "ward": "43", "segment_id": null, "data_tier": "real"}}, {"type": "Feature", "geometry": {"type": "Point", "coordinates": [-87.62229, 41.644638]}, "properties": {"crash_id": "FIXTURECRASH00968", "date": "2024-02-28T03:00:00", "injury_severity": "non_incapacitating", "dooring": false, "hit_and_run": false, "crash_type": "PEDALCYCLIST", "lighting": "DAYLIGHT", "street": "5823 E RANDOM ST", "ward": "4", "segment_id": null, "data_tier": "real"}}, {"type": "Feature", "geometry": {"type": "Point", "coordinates": [-87.646927, 41.767988]}, "properties": {"crash_id": "FIXTURECRASH00969", "date": "2019-08-15T17:22:00", "injury_severity": "non_incapacitating", "dooring": false, "hit_and_run": false, "crash_type": "ANGLE", "lighting": "DAYLIGHT", "street": "3060 W RANDOM ST", "ward": "19", "segment_id": null, "data_tier": "real"}}, {"type": "Feature", "geometry": {"type": "Point", "coordinates": [-87.667518, 41.888731]}, "properties": {"crash_id": "FIXTURECRASH00970", "date": "2023-10-22T01:04:00", "injury_severity": "reported_not_evident", "dooring": false, "hit_and_run": false, "crash_type": "SIDESWIPE SAME DIRECTION", "lighting": "DARKNESS, LIGHTED ROAD", "street": "2079 W KINZIE ST", "ward": "33", "segment_id": "121", "data_tier": "real"}}, {"type": "Feature", "geometry": {"type": "Point", "coordinates": [-87.629227, 41.878928]}, "properties": {"crash_id": "FIXTURECRASH00971", "date": "2021-11-14T07:01:00", "injury_severity": "fatal", "dooring": false, "hit_and_run": false, "crash_type": "SIDESWIPE SAME DIRECTION", "lighting": "DARKNESS, LIGHTED ROAD", "street": "1885 S DEARBORN ST", "ward": "34", "segment_id": "91", "data_tier": "real"}}, {"type": "Feature", "geometry": {"type": "Point", "coordinates": [-87.807097, 41.758979]}, "properties": {"crash_id": "FIXTURECRASH00972", "date": "2022-01-20T05:18:00", "injury_severity": "non_incapacitating", "dooring": false, "hit_and_run": false, "crash_type": "TURNING", "lighting": "DAYLIGHT", "street": "5518 S RANDOM ST", "ward": "16", "segment_id": null, "data_tier": "real"}}, {"type": "Feature", "geometry": {"type": "Point", "coordinates": [-87.586112, 41.742098]}, "properties": {"crash_id": "FIXTURECRASH00973", "date": "2022-05-25T21:02:00", "injury_severity": "non_incapacitating", "dooring": false, "hit_and_run": false, "crash_type": "FIXED OBJECT", "lighting": "DARKNESS, LIGHTED ROAD", "street": "2090 N STONY ISLAND AVE", "ward": "14", "segment_id": "197", "data_tier": "real"}}, {"type": "Feature", "geometry": {"type": "Point", "coordinates": [-87.648608, 41.93412]}, "properties": {"crash_id": "FIXTURECRASH00974", "date": "2025-04-10T10:59:00", "injury_severity": "reported_not_evident", "dooring": false, "hit_and_run": false, "crash_type": "REAR END", "lighting": "DARKNESS, LIGHTED ROAD", "street": "4733 S HALSTED ST", "ward": "39", "segment_id": "69", "data_tier": "real"}}, {"type": "Feature", "geometry": {"type": "Point", "coordinates": [-87.669948, 41.904368]}, "properties": {"crash_id": "FIXTURECRASH00975", "date": "2025-03-11T05:51:00", "injury_severity": "incapacitating", "dooring": false, "hit_and_run": false, "crash_type": "ANGLE", "lighting": "DARKNESS, LIGHTED ROAD", "street": "736 E MILWAUKEE AVE", "ward": "33", "segment_id": "8", "data_tier": "real"}}, {"type": "Feature", "geometry": {"type": "Point", "coordinates": [-87.585619, 41.683523]}, "properties": {"crash_id": "FIXTURECRASH00976", "date": "2019-06-26T07:45:00", "injury_severity": "none", "dooring": false, "hit_and_run": false, "crash_type": "ANGLE", "lighting": "DAYLIGHT", "street": "910 S RANDOM ST", "ward": "10", "segment_id": null, "data_tier": "real"}}, {"type": "Feature", "geometry": {"type": "Point", "coordinates": [-87.671874, 41.891663]}, "properties": {"crash_id": "FIXTURECRASH00977", "date": "2023-04-23T13:13:00", "injury_severity": "reported_not_evident", "dooring": false, "hit_and_run": false, "crash_type": "REAR END", "lighting": "DARKNESS, LIGHTED ROAD", "street": "2663 W WOOD ST", "ward": "33", "segment_id": "155", "data_tier": "real"}}, {"type": "Feature", "geometry": {"type": "Point", "coordinates": [-87.594868, 41.925157]}, "properties": {"crash_id": "FIXTURECRASH00978", "date": "2020-04-26T15:34:00", "injury_severity": "none", "dooring": false, "hit_and_run": false, "crash_type": "REAR END", "lighting": "DAYLIGHT", "street": "5086 S RANDOM ST", "ward": "39", "segment_id": null, "data_tier": "real"}}, {"type": "Feature", "geometry": {"type": "Point", "coordinates": [-87.832371, 41.758177]}, "properties": {"crash_id": "FIXTURECRASH00979", "date": "2018-09-29T16:08:00", "injury_severity": "non_incapacitating", "dooring": false, "hit_and_run": false, "crash_type": "SIDESWIPE SAME DIRECTION", "lighting": "DAYLIGHT", "street": "1851 E RANDOM ST", "ward": "16", "segment_id": null, "data_tier": "real"}}, {"type": "Feature", "geometry": {"type": "Point", "coordinates": [-87.676582, 41.908733]}, "properties": {"crash_id": "FIXTURECRASH00980", "date": "2025-01-04T06:46:00", "injury_severity": "non_incapacitating", "dooring": false, "hit_and_run": false, "crash_type": "PARKED MOTOR VEHICLE", "lighting": "DARKNESS, LIGHTED ROAD", "street": "3048 S DAMEN AVE", "ward": "38", "segment_id": null, "data_tier": "real"}}, {"type": "Feature", "geometry": {"type": "Point", "coordinates": [-87.633276, 41.906582]}, "properties": {"crash_id": "FIXTURECRASH00981", "date": "2019-05-05T07:54:00", "injury_severity": "non_incapacitating", "dooring": false, "hit_and_run": false, "crash_type": "SIDESWIPE SAME DIRECTION", "lighting": "DARKNESS, LIGHTED ROAD", "street": "945 S CLARK ST", "ward": "39", "segment_id": "74", "data_tier": "real"}}, {"type": "Feature", "geometry": {"type": "Point", "coordinates": [-87.696613, 41.922731]}, "properties": {"crash_id": "FIXTURECRASH00982", "date": "2025-04-26T01:22:00", "injury_severity": "none", "dooring": false, "hit_and_run": false, "crash_type": "ANGLE", "lighting": "DARKNESS, LIGHTED ROAD", "street": "4888 N MILWAUKEE AVE", "ward": "38", "segment_id": "13", "data_tier": "real"}}, {"type": "Feature", "geometry": {"type": "Point", "coordinates": [-87.67181, 41.889342]}, "properties": {"crash_id": "FIXTURECRASH00983", "date": "2025-05-10T23:04:00", "injury_severity": "reported_not_evident", "dooring": false, "hit_and_run": false, "crash_type": "PARKED MOTOR VEHICLE", "lighting": "DUSK", "street": "4449 S WOOD ST", "ward": "33", "segment_id": "154", "data_tier": "real"}}, {"type": "Feature", "geometry": {"type": "Point", "coordinates": [-87.646093, 41.889032]}, "properties": {"crash_id": "FIXTURECRASH00984", "date": "2019-12-11T03:26:00", "injury_severity": "reported_not_evident", "dooring": true, "hit_and_run": false, "crash_type": "PEDALCYCLIST", "lighting": "DAYLIGHT", "street": "3521 W KINZIE ST", "ward": "34", "segment_id": "117", "data_tier": "real"}}, {"type": "Feature", "geometry": {"type": "Point", "coordinates": [-87.736817, 41.8989]}, "properties": {"crash_id": "FIXTURECRASH00985", "date": "2021-01-24T18:18:00", "injury_severity": "none", "dooring": false, "hit_and_run": false, "crash_type": "TURNING", "lighting": "DAYLIGHT", "street": "3307 S AUGUSTA BLVD", "ward": "32", "segment_id": "153", "data_tier": "real"}}, {"type": "Feature", "geometry": {"type": "Point", "coordinates": [-87.629067, 41.893012]}, "properties": {"crash_id": "FIXTURECRASH00986", "date": "2019-10-18T04:54:00", "injury_severity": "non_incapacitating", "dooring": false, "hit_and_run": false, "crash_type": "SIDESWIPE SAME DIRECTION", "lighting": "DAYLIGHT", "street": "2194 S DEARBORN ST", "ward": "34", "segment_id": "94", "data_tier": "real"}}, {"type": "Feature", "geometry": {"type": "Point", "coordinates": [-87.646709, 41.858583]}, "properties": {"crash_id": "FIXTURECRASH00987", "date": "2024-10-20T01:34:00", "injury_severity": "none", "dooring": false, "hit_and_run": false, "crash_type": "REAR END", "lighting": "DUSK", "street": "3438 S HALSTED ST", "ward": "29", "segment_id": "52", "data_tier": "real"}}, {"type": "Feature", "geometry": {"type": "Point", "coordinates": [-87.649268, 41.946419]}, "properties": {"crash_id": "FIXTURECRASH00988", "date": "2025-09-28T09:29:00", "injury_severity": "non_incapacitating", "dooring": false, "hit_and_run": false, "crash_type": "FIXED OBJECT", "lighting": "DAYLIGHT", "street": "2111 E CLARK ST", "ward": "44", "segment_id": "83", "data_tier": "real"}}, {"type": "Feature", "geometry": {"type": "Point", "coordinates": [-87.629408, 41.779021]}, "properties": {"crash_id": "FIXTURECRASH00989", "date": "2023-04-08T12:01:00", "injury_severity": "non_incapacitating", "dooring": false, "hit_and_run": false, "crash_type": "TURNING", "lighting": "DAYLIGHT", "street": "5751 E RANDOM ST", "ward": "19", "segment_id": null, "data_tier": "real"}}, {"type": "Feature", "geometry": {"type": "Point", "coordinates": [-87.770823, 41.776987]}, "properties": {"crash_id": "FIXTURECRASH00990", "date": "2021-10-28T18:30:00", "injury_severity": "non_incapacitating", "dooring": false, "hit_and_run": false, "crash_type": "FIXED OBJECT", "lighting": "DUSK", "street": "620 W RANDOM ST", "ward": "17", "segment_id": null, "data_tier": "real"}}, {"type": "Feature", "geometry": {"type": "Point", "coordinates": [-87.716222, 41.934195]}, "properties": {"crash_id": "FIXTURECRASH00991", "date": "2021-05-23T19:58:00", "injury_severity": "non_incapacitating", "dooring": false, "hit_and_run": false, "crash_type": "PARKED MOTOR VEHICLE", "lighting": "DAYLIGHT", "street": "2746 E MILWAUKEE AVE", "ward": "38", "segment_id": "18", "data_tier": "real"}}, {"type": "Feature", "geometry": {"type": "Point", "coordinates": [-87.630852, 41.899637]}, "properties": {"crash_id": "FIXTURECRASH00992", "date": "2019-03-14T07:23:00", "injury_severity": "none", "dooring": false, "hit_and_run": false, "crash_type": "PEDALCYCLIST", "lighting": "DAYLIGHT", "street": "2442 N CLARK ST", "ward": "34", "segment_id": null, "data_tier": "real"}}, {"type": "Feature", "geometry": {"type": "Point", "coordinates": [-87.712899, 41.699817]}, "properties": {"crash_id": "FIXTURECRASH00993", "date": "2018-12-21T09:49:00", "injury_severity": "non_incapacitating", "dooring": false, "hit_and_run": false, "crash_type": "ANGLE", "lighting": "DAYLIGHT", "street": "5488 W RANDOM ST", "ward": "8", "segment_id": null, "data_tier": "real"}}, {"type": "Feature", "geometry": {"type": "Point", "coordinates": [-87.739914, 41.89895]}, "properties": {"crash_id": "FIXTURECRASH00994", "date": "2019-01-06T02:23:00", "injury_severity": "none", "dooring": false, "hit_and_run": false, "crash_type": "PEDALCYCLIST", "lighting": "DARKNESS, LIGHTED ROAD", "street": "3071 E AUGUSTA BLVD", "ward": "32", "segment_id": "153", "data_tier": "real"}}, {"type": "Feature", "geometry": {"type": "Point", "coordinates": [-87.712436, 41.804121]}, "properties": {"crash_id": "FIXTURECRASH00995", "date": "2024-11-15T05:55:00", "injury_severity": "reported_not_evident", "dooring": false, "hit_and_run": false, "crash_type": "FIXED OBJECT", "lighting": "DAYLIGHT", "street": "1309 S ARCHER AVE", "ward": "23", "segment_id": "181", "data_tier": "real"}}, {"type": "Feature", "geometry": {"type": "Point", "coordinates": [-87.711812, 41.945557]}, "properties": {"crash_id": "FIXTURECRASH00996", "date": "2018-12-01T08:58:00", "injury_severity": "incapacitating", "dooring": false, "hit_and_run": false, "crash_type": "PEDALCYCLIST", "lighting": "DAYLIGHT", "street": "615 N ELSTON AVE", "ward": "43", "segment_id": "109", "data_tier": "real"}}, {"type": "Feature", "geometry": {"type": "Point", "coordinates": [-87.648046, 41.913531]}, "properties": {"crash_id": "FIXTURECRASH00997", "date": "2019-02-07T02:19:00", "injury_severity": "non_incapacitating", "dooring": false, "hit_and_run": true, "crash_type": "FIXED OBJECT", "lighting": "DAYLIGHT", "street": "2566 S HALSTED ST", "ward": "39", "segment_id": "65", "data_tier": "real"}}, {"type": "Feature", "geometry": {"type": "Point", "coordinates": [-87.647496, 41.838302]}, "properties": {"crash_id": "FIXTURECRASH00998", "date": "2018-01-22T06:07:00", "injury_severity": "non_incapacitating", "dooring": false, "hit_and_run": false, "crash_type": "TURNING", "lighting": "DAYLIGHT", "street": "1541 N ARCHER AVE", "ward": "29", "segment_id": "168", "data_tier": "real"}}, {"type": "Feature", "geometry": {"type": "Point", "coordinates": [-87.623924, 41.744567]}, "properties": {"crash_id": "FIXTURECRASH00999", "date": "2025-01-22T21:13:00", "injury_severity": "non_incapacitating", "dooring": false, "hit_and_run": false, "crash_type": "ANGLE", "lighting": "DARKNESS, LIGHTED ROAD", "street": "4377 S VINCENNES AVE", "ward": "14", "segment_id": "188", "data_tier": "real"}}, {"type": "Feature", "geometry": {"type": "Point", "coordinates": [-87.653934, 41.959415]}, "properties": {"crash_id": "FIXTURECRASH01000", "date": "2018-01-21T15:25:00", "injury_severity": "non_incapacitating", "dooring": false, "hit_and_run": false, "crash_type": "REAR END", "lighting": "DARKNESS, LIGHTED ROAD", "street": "5073 W CLARK ST", "ward": "43", "segment_id": "86", "data_tier": "real"}}, {"type": "Feature", "geometry": {"type": "Point", "coordinates": [-87.708772, 41.929996]}, "properties": {"crash_id": "FIXTURECRASH01001", "date": "2021-08-21T20:54:00", "injury_severity": "reported_not_evident", "dooring": false, "hit_and_run": true, "crash_type": "REAR END", "lighting": "DARKNESS, LIGHTED ROAD", "street": "4138 W MILWAUKEE AVE", "ward": "38", "segment_id": "16", "data_tier": "real"}}, {"type": "Feature", "geometry": {"type": "Point", "coordinates": [-87.716096, 41.949002]}, "properties": {"crash_id": "FIXTURECRASH01002", "date": "2020-01-08T06:44:00", "injury_severity": "non_incapacitating", "dooring": false, "hit_and_run": true, "crash_type": "ANGLE", "lighting": "DARKNESS, LIGHTED ROAD", "street": "5076 E ELSTON AVE", "ward": "43", "segment_id": "111", "data_tier": "real"}}, {"type": "Feature", "geometry": {"type": "Point", "coordinates": [-87.70996, 41.94383]}, "properties": {"crash_id": "FIXTURECRASH01003", "date": "2024-08-06T10:13:00", "injury_severity": "non_incapacitating", "dooring": false, "hit_and_run": true, "crash_type": "SIDESWIPE SAME DIRECTION", "lighting": "DAYLIGHT", "street": "5406 N ELSTON AVE", "ward": "38", "segment_id": "109", "data_tier": "real"}}, {"type": "Feature", "geometry": {"type": "Point", "coordinates": [-87.630986, 41.899883]}, "properties": {"crash_id": "FIXTURECRASH01004", "date": "2023-12-08T09:49:00", "injury_severity": "non_incapacitating", "dooring": false, "hit_and_run": true, "crash_type": "TURNING", "lighting": "DAYLIGHT", "street": "3256 S CLARK ST", "ward": "34", "segment_id": "73", "data_tier": "real"}}, {"type": "Feature", "geometry": {"type": "Point", "coordinates": [-87.621815, 41.75326]}, "properties": {"crash_id": "FIXTURECRASH01005", "date": "2021-03-09T23:17:00", "injury_severity": "reported_not_evident", "dooring": true, "hit_and_run": false, "crash_type": "TURNING", "lighting": "DAYLIGHT", "street": "5229 N VINCENNES AVE", "ward": "14", "segment_id": "190", "data_tier": "real"}}, {"type": "Feature", "geometry": {"type": "Point", "coordinates": [-87.687374, 41.817154]}, "properties": {"crash_id": "FIXTURECRASH01006", "date": "2024-01-20T21:05:00", "injury_severity": "reported_not_evident", "dooring": false, "hit_and_run": false, "crash_type": "REAR END", "lighting": "DAYLIGHT", "street": "4168 E ARCHER AVE", "ward": "23", "segment_id": "176", "data_tier": "real"}}, {"type": "Feature", "geometry": {"type": "Point", "coordinates": [-87.647801, 41.906828]}, "properties": {"crash_id": "FIXTURECRASH01007", "date": "2018-06-19T19:55:00", "injury_severity": "reported_not_evident", "dooring": false, "hit_and_run": true, "crash_type": "ANGLE", "lighting": "DAYLIGHT", "street": "1753 S HALSTED ST", "ward": "39", "segment_id": "63", "data_tier": "real"}}, {"type": "Feature", "geometry": {"type": "Point", "coordinates": [-87.70737, 41.806473]}, "properties": {"crash_id": "FIXTURECRASH01008", "date": "2023-07-15T15:13:00", "injury_severity": "non_incapacitating", "dooring": false, "hit_and_run": false, "crash_type": "SIDESWIPE SAME DIRECTION", "lighting": "DARKNESS, LIGHTED ROAD", "street": "1618 S ARCHER AVE", "ward": "23", "segment_id": "180", "data_tier": "real"}}, {"type": "Feature", "geometry": {"type": "Point", "coordinates": [-87.712489, 41.898859]}, "properties": {"crash_id": "FIXTURECRASH01009", "date": "2022-05-19T11:15:00", "injury_severity": "reported_not_evident", "dooring": false, "hit_and_run": true, "crash_type": "FIXED OBJECT", "lighting": "DUSK", "street": "851 W AUGUSTA BLVD", "ward": "33", "segment_id": "149", "data_tier": "real"}}, {"type": "Feature", "geometry": {"type": "Point", "coordinates": [-87.645929, 41.849663]}, "properties": {"crash_id": "FIXTURECRASH01010", "date": "2021-08-12T00:49:00", "injury_severity": "non_incapacitating", "dooring": false, "hit_and_run": false, "crash_type": "SIDESWIPE SAME DIRECTION", "lighting": "DAYLIGHT", "street": "2427 W HALSTED ST", "ward": "29", "segment_id": "51", "data_tier": "real"}}, {"type": "Feature", "geometry": {"type": "Point", "coordinates": [-87.748964, 41.816422]}, "properties": {"crash_id": "FIXTURECRASH01011", "date": "2023-10-11T21:48:00", "injury_severity": "reported_not_evident", "dooring": false, "hit_and_run": false, "crash_type": "TURNING", "lighting": "DUSK", "street": "2635 N RANDOM ST", "ward": "22", "segment_id": null, "data_tier": "real"}}, {"type": "Feature", "geometry": {"type": "Point", "coordinates": [-87.66398, 41.9036]}, "properties": {"crash_id": "FIXTURECRASH01012", "date": "2021-03-13T22:14:00", "injury_severity": "reported_not_evident", "dooring": false, "hit_and_run": false, "crash_type": "REAR END", "lighting": "DARKNESS, LIGHTED ROAD", "street": "1627 W ELSTON AVE", "ward": "33", "segment_id": "98", "data_tier": "real"}}, {"type": "Feature", "geometry": {"type": "Point", "coordinates": [-87.649179, 41.888981]}, "properties": {"crash_id": "FIXTURECRASH01013", "date": "2021-10-29T18:29:00", "injury_severity": "none", "dooring": true, "hit_and_run": false, "crash_type": "TURNING", "lighting": "DAYLIGHT", "street": "3890 W KINZIE ST", "ward": "34", "segment_id": "118", "data_tier": "real"}}, {"type": "Feature", "geometry": {"type": "Point", "coordinates": [-87.547666, 41.873351]}, "properties": {"crash_id": "FIXTURECRASH01014", "date": "2024-08-17T17:53:00", "injury_severity": "reported_not_evident", "dooring": false, "hit_and_run": false, "crash_type": "REAR END", "lighting": "DARKNESS, LIGHTED ROAD", "street": "3660 S RANDOM ST", "ward": "35", "segment_id": null, "data_tier": "real"}}, {"type": "Feature", "geometry": {"type": "Point", "coordinates": [-87.588737, 41.938515]}, "properties": {"crash_id": "FIXTURECRASH01015", "date": "2021-02-02T19:07:00", "injury_severity": "non_incapacitating", "dooring": false, "hit_and_run": false, "crash_type": "REAR END", "lighting": "DUSK", "street": "5880 E RANDOM ST", "ward": "39", "segment_id": null, "data_tier": "real"}}, {"type": "Feature", "geometry": {"type": "Point", "coordinates": [-87.676478, 41.740242]}, "properties": {"crash_id": "FIXTURECRASH01016", "date": "2025-03-31T21:44:00", "injury_severity": "reported_not_evident", "dooring": false, "hit_and_run": false, "crash_type": "ANGLE", "lighting": "DAYLIGHT", "street": "1151 W RANDOM ST", "ward": "13", "segment_id": null, "data_tier": "real"}}, {"type": "Feature", "geometry": {"type": "Point", "coordinates": [-87.676004, 41.870228]}, "properties": {"crash_id": "FIXTURECRASH01017", "date": "2022-08-30T04:03:00", "injury_severity": "none", "dooring": false, "hit_and_run": false, "crash_type": "PARKED MOTOR VEHICLE", "lighting": "DARKNESS, LIGHTED ROAD", "street": "4348 E DAMEN AVE", "ward": "33", "segment_id": "27", "data_tier": "real"}}, {"type": "Feature", "geometry": {"type": "Point", "coordinates": [-87.672073, 41.894211]}, "properties": {"crash_id": "FIXTURECRASH01018", "date": "2020-05-29T00:02:00", "injury_severity": "non_incapacitating", "dooring": false, "hit_and_run": false, "crash_type": "SIDESWIPE SAME DIRECTION", "lighting": "DAYLIGHT", "street": "5104 S WOOD ST", "ward": "33", "segment_id": "156", "data_tier": "real"}}, {"type": "Feature", "geometry": {"type": "Point", "coordinates": [-87.677048, 41.899659]}, "properties": {"crash_id": "FIXTURECRASH01019", "date": "2022-01-29T11:33:00", "injury_severity": "none", "dooring": false, "hit_and_run": false, "crash_type": "ANGLE", "lighting": "DAYLIGHT", "street": "3961 N DAMEN AVE", "ward": "33", "segment_id": "33", "data_tier": "real"}}, {"type": "Feature", "geometry": {"type": "Point", "coordinates": [-87.729866, 41.961219]}, "properties": {"crash_id": "FIXTURECRASH01020", "date": "2021-05-03T12:24:00", "injury_severity": "non_incapacitating", "dooring": false, "hit_and_run": true, "crash_type": "ANGLE", "lighting": "DARKNESS, LIGHTED ROAD", "street": "1776 E ELSTON AVE", "ward": "42", "segment_id": "114", "data_tier": "real"}}, {"type": "Feature", "geometry": {"type": "Point", "coordinates": [-87.641095, 41.926429]}, "properties": {"crash_id": "FIXTURECRASH01021", "date": "2020-08-21T13:13:00", "injury_severity": "reported_not_evident", "dooring": false, "hit_and_run": false, "crash_type": "TURNING", "lighting": "DAYLIGHT", "street": "4232 W CLARK ST", "ward": "39", "segment_id": "78", "data_tier": "real"}}, {"type": "Feature", "geometry": {"type": "Point", "coordinates": [-87.629458, 41.883853]}, "properties": {"crash_id": "FIXTURECRASH01022", "date": "2019-05-20T20:05:00", "injury_severity": "reported_not_evident", "dooring": false, "hit_and_run": false, "crash_type": "SIDESWIPE SAME DIRECTION", "lighting": "DARKNESS, LIGHTED ROAD", "street": "1642 N DEARBORN ST", "ward": "34", "segment_id": null, "data_tier": "real"}}, {"type": "Feature", "geometry": {"type": "Point", "coordinates": [-87.586035, 41.765076]}, "properties": {"crash_id": "FIXTURECRASH01023", "date": "2023-12-09T19:17:00", "injury_severity": "reported_not_evident", "dooring": false, "hit_and_run": false, "crash_type": "ANGLE", "lighting": "DARKNESS, LIGHTED ROAD", "street": "1406 S STONY ISLAND AVE", "ward": "19", "segment_id": "202", "data_tier": "real"}}, {"type": "Feature", "geometry": {"type": "Point", "coordinates": [-87.647045, 41.892596]}, "properties": {"crash_id": "FIXTURECRASH01024", "date": "2020-01-31T06:56:00", "injury_severity": "incapacitating", "dooring": false, "hit_and_run": false, "crash_type": "ANGLE", "lighting": "DAYLIGHT", "street": "654 N HALSTED ST", "ward": "34", "segment_id": "60", "data_tier": "real"}}, {"type": "Feature", "geometry": {"type": "Point", "coordinates": [-87.692132, 41.693958]}, "properties": {"crash_id": "FIXTURECRASH01025", "date": "2024-07-04T11:48:00", "injury_severity": "non_incapacitating", "dooring": false, "hit_and_run": false, "crash_type": "FIXED OBJECT", "lighting": "DAYLIGHT", "street": "1825 N RANDOM ST", "ward": "8", "segment_id": null, "data_tier": "real"}}, {"type": "Feature", "geometry": {"type": "Point", "coordinates": [-87.667371, 41.902642]}, "properties": {"crash_id": "FIXTURECRASH01026", "date": "2019-02-22T01:08:00", "injury_severity": "reported_not_evident", "dooring": false, "hit_and_run": false, "crash_type": "PEDALCYCLIST", "lighting": "DUSK", "street": "1435 S MILWAUKEE AVE", "ward": "33", "segment_id": "7", "data_tier": "real"}}, {"type": "Feature", "geometry": {"type": "Point", "coordinates": [-87.622848, 41.748979]}, "properties": {"crash_id": "FIXTURECRASH01027", "date": "2023-10-18T14:46:00", "injury_severity": "none", "dooring": false, "hit_and_run": false, "crash_type": "PARKED MOTOR VEHICLE", "lighting": "DARKNESS, LIGHTED ROAD", "street": "3490 N VINCENNES AVE", "ward": "14", "segment_id": "189", "data_tier": "real"}}, {"type": "Feature", "geometry": {"type": "Point", "coordinates": [-87.681632, 41.898705]}, "properties": {"crash_id": "FIXTURECRASH01028", "date": "2019-05-25T21:30:00", "injury_severity": "reported_not_evident", "dooring": false, "hit_and_run": false, "crash_type": "REAR END", "lighting": "DAYLIGHT", "street": "428 E AUGUSTA BLVD", "ward": "33", "segment_id": null, "data_tier": "real"}}, {"type": "Feature", "geometry": {"type": "Point", "coordinates": [-87.643024, 41.824478]}, "properties": {"crash_id": "FIXTURECRASH01029", "date": "2022-09-23T18:49:00", "injury_severity": "non_incapacitating", "dooring": false, "hit_and_run": false, "crash_type": "PEDALCYCLIST", "lighting": "DAYLIGHT", "street": "1076 W RANDOM ST", "ward": "24", "segment_id": null, "data_tier": "real"}}, {"type": "Feature", "geometry": {"type": "Point", "coordinates": [-87.833501, 41.922244]}, "properties": {"crash_id": "FIXTURECRASH01030", "date": "2018-06-30T14:54:00", "injury_severity": "incapacitating", "dooring": false, "hit_and_run": false, "crash_type": "SIDESWIPE SAME DIRECTION", "lighting": "DAYLIGHT", "street": "5000 S RANDOM ST", "ward": "36", "segment_id": null, "data_tier": "real"}}, {"type": "Feature", "geometry": {"type": "Point", "coordinates": [-87.673996, 41.912167]}, "properties": {"crash_id": "FIXTURECRASH01031", "date": "2019-04-06T15:24:00", "injury_severity": "none", "dooring": false, "hit_and_run": false, "crash_type": "ANGLE", "lighting": "DARKNESS, LIGHTED ROAD", "street": "3054 E ELSTON AVE", "ward": "38", "segment_id": "100", "data_tier": "real"}}, {"type": "Feature", "geometry": {"type": "Point", "coordinates": [-87.675141, 41.82366]}, "properties": {"crash_id": "FIXTURECRASH01032", "date": "2019-10-28T06:47:00", "injury_severity": "none", "dooring": true, "hit_and_run": false, "crash_type": "REAR END", "lighting": "DAYLIGHT", "street": "3727 N ARCHER AVE", "ward": "23", "segment_id": "174", "data_tier": "real"}}, {"type": "Feature", "geometry": {"type": "Point", "coordinates": [-87.757256, 41.958701]}, "properties": {"crash_id": "FIXTURECRASH01033", "date": "2024-07-20T21:24:00", "injury_severity": "none", "dooring": false, "hit_and_run": false, "crash_type": "TURNING", "lighting": "DAYLIGHT", "street": "5685 W MILWAUKEE AVE", "ward": "42", "segment_id": "26", "data_tier": "real"}}, {"type": "Feature", "geometry": {"type": "Point", "coordinates": [-87.639608, 41.922231]}, "properties": {"crash_id": "FIXTURECRASH01034", "date": "2021-03-20T13:14:00", "injury_severity": "non_incapacitating", "dooring": false, "hit_and_run": false, "crash_type": "SIDESWIPE SAME DIRECTION", "lighting": "DARKNESS, LIGHTED ROAD", "street": "3038 S CLARK ST", "ward": "39", "segment_id": "78", "data_tier": "real"}}, {"type": "Feature", "geometry": {"type": "Point", "coordinates": [-87.67197, 41.894294]}, "properties": {"crash_id": "FIXTURECRASH01035", "date": "2025-10-19T05:09:00", "injury_severity": "reported_not_evident", "dooring": false, "hit_and_run": true, "crash_type": "PEDALCYCLIST", "lighting": "DAYLIGHT", "street": "4944 E WOOD ST", "ward": "33", "segment_id": "156", "data_tier": "real"}}, {"type": "Feature", "geometry": {"type": "Point", "coordinates": [-87.607361, 41.79495]}, "properties": {"crash_id": "FIXTURECRASH01036", "date": "2024-08-24T23:18:00", "injury_severity": "none", "dooring": false, "hit_and_run": true, "crash_type": "ANGLE", "lighting": "DAYLIGHT", "street": "5533 E 55TH ST", "ward": "24", "segment_id": "128", "data_tier": "real"}}, {"type": "Feature", "geometry": {"type": "Point", "coordinates": [-87.628112, 41.726695]}, "properties": {"crash_id": "FIXTURECRASH01037", "date": "2018-02-13T01:17:00", "injury_severity": "reported_not_evident", "dooring": false, "hit_and_run": false, "crash_type": "PARKED MOTOR VEHICLE", "lighting": "DAYLIGHT", "street": "785 S VINCENNES AVE", "ward": "14", "segment_id": "184", "data_tier": "real"}}, {"type": "Feature", "geometry": {"type": "Point", "coordinates": [-87.54914, 41.834317]}, "properties": {"crash_id": "FIXTURECRASH01038", "date": "2018-12-06T22:23:00", "injury_severity": "reported_not_evident", "dooring": false, "hit_and_run": false, "crash_type": "SIDESWIPE SAME DIRECTION", "lighting": "DARKNESS, LIGHTED ROAD", "street": "3388 E RANDOM ST", "ward": "30", "segment_id": null, "data_tier": "real"}}, {"type": "Feature", "geometry": {"type": "Point", "coordinates": [-87.66273, 41.89869]}, "properties": {"crash_id": "FIXTURECRASH01039", "date": "2026-01-29T04:53:00", "injury_severity": "none", "dooring": true, "hit_and_run": false, "crash_type": "PARKED MOTOR VEHICLE", "lighting": "DARKNESS, LIGHTED ROAD", "street": "4178 W AUGUSTA BLVD", "ward": "33", "segment_id": "6", "data_tier": "real"}}, {"type": "Feature", "geometry": {"type": "Point", "coordinates": [-87.639524, 42.00471]}, "properties": {"crash_id": "FIXTURECRASH01040", "date": "2020-10-29T12:47:00", "injury_severity": "non_incapacitating", "dooring": false, "hit_and_run": false, "crash_type": "PEDALCYCLIST", "lighting": "DUSK", "street": "2526 S RANDOM ST", "ward": "49", "segment_id": null, "data_tier": "real"}}, {"type": "Feature", "geometry": {"type": "Point", "coordinates": [-87.646003, 41.847266]}, "properties": {"crash_id": "FIXTURECRASH01041", "date": "2020-11-08T05:39:00", "injury_severity": "non_incapacitating", "dooring": false, "hit_and_run": false, "crash_type": "PARKED MOTOR VEHICLE", "lighting": "DAYLIGHT", "street": "4286 N HALSTED ST", "ward": "29", "segment_id": "50", "data_tier": "real"}}, {"type": "Feature", "geometry": {"type": "Point", "coordinates": [-87.671727, 41.928506]}, "properties": {"crash_id": "FIXTURECRASH01042", "date": "2018-10-01T20:10:00", "injury_severity": "reported_not_evident", "dooring": false, "hit_and_run": false, "crash_type": "PEDALCYCLIST", "lighting": "DARKNESS, LIGHTED ROAD", "street": "3638 W WOOD ST", "ward": "38", "segment_id": "163", "data_tier": "real"}}, {"type": "Feature", "geometry": {"type": "Point", "coordinates": [-87.639558, 41.921973]}, "properties": {"crash_id": "FIXTURECRASH01043", "date": "2022-02-09T06:55:00", "injury_severity": "non_incapacitating", "dooring": true, "hit_and_run": false, "crash_type": "FIXED OBJECT", "lighting": "DAYLIGHT", "street": "4437 S CLARK ST", "ward": "39", "segment_id": "77", "data_tier": "real"}}, {"type": "Feature", "geometry": {"type": "Point", "coordinates": [-87.632205, 41.874059]}, "properties": {"crash_id": "FIXTURECRASH01044", "date": "2023-12-31T19:03:00", "injury_severity": "incapacitating", "dooring": false, "hit_and_run": false, "crash_type": "REAR END", "lighting": "DARKNESS, LIGHTED ROAD", "street": "2099 S RANDOM ST", "ward": "34", "segment_id": null, "data_tier": "real"}}, {"type": "Feature", "geometry": {"type": "Point", "coordinates": [-87.658832, 41.795045]}, "properties": {"crash_id": "FIXTURECRASH01045", "date": "2021-06-09T20:07:00", "injury_severity": "reported_not_evident", "dooring": false, "hit_and_run": false, "crash_type": "PARKED MOTOR VEHICLE", "lighting": "DARKNESS, LIGHTED ROAD", "street": "2130 W 55TH ST", "ward": "23", "segment_id": "137", "data_tier": "real"}}, {"type": "Feature", "geometry": {"type": "Point", "coordinates": [-87.736599, 41.89916]}, "properties": {"crash_id": "FIXTURECRASH01046", "date": "2025-09-15T19:09:00", "injury_severity": "non_incapacitating", "dooring": false, "hit_and_run": false, "crash_type": "PARKED MOTOR VEHICLE", "lighting": "DARKNESS, LIGHTED ROAD", "street": "3877 N AUGUSTA BLVD", "ward": "32", "segment_id": "153", "data_tier": "real"}}, {"type": "Feature", "geometry": {"type": "Point", "coordinates": [-87.678592, 41.963805]}, "properties": {"crash_id": "FIXTURECRASH01047", "date": "2025-10-11T11:52:00", "injury_severity": "reported_not_evident", "dooring": false, "hit_and_run": false, "crash_type": "FIXED OBJECT", "lighting": "DARKNESS, LIGHTED ROAD", "street": "2282 S DAMEN AVE", "ward": "43", "segment_id": "47", "data_tier": "real"}}, {"type": "Feature", "geometry": {"type": "Point", "coordinates": [-87.546987, 41.684376]}, "properties": {"crash_id": "FIXTURECRASH01048", "date": "2025-06-16T03:22:00", "injury_severity": "reported_not_evident", "dooring": false, "hit_and_run": false, "crash_type": "PARKED MOTOR VEHICLE", "lighting": "DARKNESS, LIGHTED ROAD", "street": "2966 W RANDOM ST", "ward": "10", "segment_id": null, "data_tier": "real"}}, {"type": "Feature", "geometry": {"type": "Point", "coordinates": [-87.61545, 41.777671]}, "properties": {"crash_id": "FIXTURECRASH01049", "date": "2019-08-01T19:55:00", "injury_severity": "non_incapacitating", "dooring": false, "hit_and_run": false, "crash_type": "PEDALCYCLIST", "lighting": "DAYLIGHT", "street": "5152 S VINCENNES AVE", "ward": "19", "segment_id": "195", "data_tier": "real"}}, {"type": "Feature", "geometry": {"type": "Point", "coordinates": [-87.750214, 41.95416]}, "properties": {"crash_id": "FIXTURECRASH01050", "date": "2019-03-14T18:55:00", "injury_severity": "reported_not_evident", "dooring": true, "hit_and_run": false, "crash_type": "TURNING", "lighting": "DARKNESS, LIGHTED ROAD", "street": "4935 E MILWAUKEE AVE", "ward": "42", "segment_id": "24", "data_tier": "real"}}, {"type": "Feature", "geometry": {"type": "Point", "coordinates": [-87.71883, 41.935663]}, "properties": {"crash_id": "FIXTURECRASH01051", "date": "2025-05-11T21:31:00", "injury_severity": "non_incapacitating", "dooring": false, "hit_and_run": false, "crash_type": "FIXED OBJECT", "lighting": "DUSK", "street": "716 S MILWAUKEE AVE", "ward": "37", "segment_id": "18", "data_tier": "real"}}, {"type": "Feature", "geometry": {"type": "Point", "coordinates": [-87.628888, 41.899688]}, "properties": {"crash_id": "FIXTURECRASH01052", "date": "2021-07-08T06:25:00", "injury_severity": "none", "dooring": false, "hit_and_run": false, "crash_type": "PARKED MOTOR VEHICLE", "lighting": "DARKNESS, LIGHTED ROAD", "street": "4886 N DEARBORN ST", "ward": "34", "segment_id": "96", "data_tier": "real"}}, {"type": "Feature", "geometry": {"type": "Point", "coordinates": [-87.793603, 41.764133]}, "properties": {"crash_id": "FIXTURECRASH01053", "date": "2018-01-07T05:25:00", "injury_severity": "non_incapacitating", "dooring": false, "hit_and_run": false, "crash_type": "PEDALCYCLIST", "lighting": "DARKNESS, LIGHTED ROAD", "street": "601 N RANDOM ST", "ward": "16", "segment_id": null, "data_tier": "real"}}, {"type": "Feature", "geometry": {"type": "Point", "coordinates": [-87.585999, 41.756185]}, "properties": {"crash_id": "FIXTURECRASH01054", "date": "2024-02-04T17:12:00", "injury_severity": "none", "dooring": false, "hit_and_run": false, "crash_type": "TURNING", "lighting": "DARKNESS, LIGHTED ROAD", "street": "4614 S STONY ISLAND AVE", "ward": "20", "segment_id": "200", "data_tier": "real"}}, {"type": "Feature", "geometry": {"type": "Point", "coordinates": [-87.679897, 41.889006]}, "properties": {"crash_id": "FIXTURECRASH01055", "date": "2022-09-06T11:58:00", "injury_severity": "incapacitating", "dooring": true, "hit_and_run": false, "crash_type": "ANGLE", "lighting": "DAYLIGHT", "street": "5660 W KINZIE ST", "ward": "33", "segment_id": "123", "data_tier": "real"}}, {"type": "Feature", "geometry": {"type": "Point", "coordinates": [-87.722157, 42.00112]}, "properties": {"crash_id": "FIXTURECRASH01056", "date": "2018-10-03T17:16:00", "injury_severity": "none", "dooring": false, "hit_and_run": false, "crash_type": "PARKED MOTOR VEHICLE", "lighting": "DARKNESS, LIGHTED ROAD", "street": "2510 W RANDOM ST", "ward": "47", "segment_id": null, "data_tier": "real"}}, {"type": "Feature", "geometry": {"type": "Point", "coordinates": [-87.705838, 41.899145]}, "properties": {"crash_id": "FIXTURECRASH01057", "date": "2018-01-22T00:07:00", "injury_severity": "reported_not_evident", "dooring": false, "hit_and_run": false, "crash_type": "SIDESWIPE SAME DIRECTION", "lighting": "DAYLIGHT", "street": "2521 E AUGUSTA BLVD", "ward": "33", "segment_id": "148", "data_tier": "real"}}, {"type": "Feature", "geometry": {"type": "Point", "coordinates": [-87.687565, 41.817371]}, "properties": {"crash_id": "FIXTURECRASH01058", "date": "2022-02-28T11:10:00", "injury_severity": "non_incapacitating", "dooring": false, "hit_and_run": false, "crash_type": "SIDESWIPE SAME DIRECTION", "lighting": "DAYLIGHT", "street": "2919 W ARCHER AVE", "ward": "23", "segment_id": "176", "data_tier": "real"}}, {"type": "Feature", "geometry": {"type": "Point", "coordinates": [-87.646559, 41.860885]}, "properties": {"crash_id": "FIXTURECRASH01059", "date": "2020-01-31T20:41:00", "injury_severity": "none", "dooring": false, "hit_and_run": false, "crash_type": "PARKED MOTOR VEHICLE", "lighting": "DAYLIGHT", "street": "3285 E HALSTED ST", "ward": "29", "segment_id": "53", "data_tier": "real"}}, {"type": "Feature", "geometry": {"type": "Point", "coordinates": [-87.679808, 41.917707]}, "properties": {"crash_id": "FIXTURECRASH01060", "date": "2020-04-07T17:14:00", "injury_severity": "non_incapacitating", "dooring": true, "hit_and_run": false, "crash_type": "PARKED MOTOR VEHICLE", "lighting": "DAYLIGHT", "street": "2948 S ELSTON AVE", "ward": "38", "segment_id": "102", "data_tier": "real"}}, {"type": "Feature", "geometry": {"type": "Point", "coordinates": [-87.632724, 41.789867]}, "properties": {"crash_id": "FIXTURECRASH01061", "date": "2018-09-10T02:59:00", "injury_severity": "none", "dooring": false, "hit_and_run": false, "crash_type": "ANGLE", "lighting": "DAYLIGHT", "street": "2317 S RANDOM ST", "ward": "19", "segment_id": null, "data_tier": "real"}}, {"type": "Feature", "geometry": {"type": "Point", "coordinates": [-87.671742, 41.933056]}, "properties": {"crash_id": "FIXTURECRASH01062", "date": "2021-07-20T04:45:00", "injury_severity": "non_incapacitating", "dooring": false, "hit_and_run": false, "crash_type": "PEDALCYCLIST", "lighting": "DARKNESS, LIGHTED ROAD", "street": "788 W WOOD ST", "ward": "38", "segment_id": "164", "data_tier": "real"}}, {"type": "Feature", "geometry": {"type": "Point", "coordinates": [-87.676994, 41.906412]}, "properties": {"crash_id": "FIXTURECRASH01063", "date": "2022-12-15T07:48:00", "injury_severity": "non_incapacitating", "dooring": false, "hit_and_run": false, "crash_type": "TURNING", "lighting": "DAYLIGHT", "street": "2523 N DAMEN AVE", "ward": "38", "segment_id": "34", "data_tier": "real"}}, {"type": "Feature", "geometry": {"type": "Point", "coordinates": [-87.629071, 41.900074]}, "properties": {"crash_id": "FIXTURECRASH01064", "date": "2021-05-28T07:31:00", "injury_severity": "reported_not_evident", "dooring": false, "hit_and_run": false, "crash_type": "ANGLE", "lighting": "DAYLIGHT", "street": "781 N DEARBORN ST", "ward": "34", "segment_id": "96", "data_tier": "real"}}, {"type": "Feature", "geometry": {"type": "Point", "coordinates": [-87.683011, 41.834932]}, "properties": {"crash_id": "FIXTURECRASH01065", "date": "2019-08-19T17:04:00", "injury_severity": "non_incapacitating", "dooring": false, "hit_and_run": true, "crash_type": "SIDESWIPE SAME DIRECTION", "lighting": "DARKNESS, LIGHTED ROAD", "street": "4645 W RANDOM ST", "ward": "28", "segment_id": null, "data_tier": "real"}}, {"type": "Feature", "geometry": {"type": "Point", "coordinates": [-87.624815, 41.739786]}, "properties": {"crash_id": "FIXTURECRASH01066", "date": "2020-01-20T10:46:00", "injury_severity": "non_incapacitating", "dooring": false, "hit_and_run": false, "crash_type": "PARKED MOTOR VEHICLE", "lighting": "DARKNESS, LIGHTED ROAD", "street": "979 E VINCENNES AVE", "ward": "14", "segment_id": "187", "data_tier": "real"}}, {"type": "Feature", "geometry": {"type": "Point", "coordinates": [-87.607377, 41.828694]}, "properties": {"crash_id": "FIXTURECRASH01067", "date": "2022-08-19T23:24:00", "injury_severity": "non_incapacitating", "dooring": false, "hit_and_run": false, "crash_type": "SIDESWIPE SAME DIRECTION", "lighting": "DUSK", "street": "3344 S RANDOM ST", "ward": "24", "segment_id": null, "data_tier": "real"}}, {"type": "Feature", "geometry": {"type": "Point", "coordinates": [-87.666151, 41.905114]}, "properties": {"crash_id": "FIXTURECRASH01068", "date": "2017-12-28T22:02:00", "injury_severity": "non_incapacitating", "dooring": true, "hit_and_run": false, "crash_type": "REAR END", "lighting": "DARKNESS, LIGHTED ROAD", "street": "238 S ELSTON AVE", "ward": "33", "segment_id": "98", "data_tier": "real"}}, {"type": "Feature", "geometry": {"type": "Point", "coordinates": [-87.714832, 41.845315]}, "properties": {"crash_id": "FIXTURECRASH01069", "date": "2023-07-10T09:57:00", "injury_severity": "non_incapacitating", "dooring": false, "hit_and_run": false, "crash_type": "TURNING", "lighting": "DARKNESS, LIGHTED ROAD", "street": "4332 E RANDOM ST", "ward": "28", "segment_id": null, "data_tier": "real"}}, {"type": "Feature", "geometry": {"type": "Point", "coordinates": [-87.721749, 41.95415]}, "properties": {"crash_id": "FIXTURECRASH01070", "date": "2021-07-29T16:08:00", "injury_severity": "reported_not_evident", "dooring": false, "hit_and_run": false, "crash_type": "PARKED MOTOR VEHICLE", "lighting": "DUSK", "street": "3713 W ELSTON AVE", "ward": "42", "segment_id": "112", "data_tier": "real"}}, {"type": "Feature", "geometry": {"type": "Point", "coordinates": [-87.655002, 41.961885]}, "properties": {"crash_id": "FIXTURECRASH01071", "date": "2021-05-07T18:33:00", "injury_severity": "non_incapacitating", "dooring": false, "hit_and_run": false, "crash_type": "TURNING", "lighting": "DAYLIGHT", "street": "1788 W CLARK ST", "ward": "43", "segment_id": "87", "data_tier": "real"}}, {"type": "Feature", "geometry": {"type": "Point", "coordinates": [-87.631646, 41.902246]}, "properties": {"crash_id": "FIXTURECRASH01072", "date": "2026-02-06T13:54:00", "injury_severity": "reported_not_evident", "dooring": false, "hit_and_run": false, "crash_type": "PEDALCYCLIST", "lighting": "DUSK", "street": "4127 N CLARK ST", "ward": "34", "segment_id": "73", "data_tier": "real"}}, {"type": "Feature", "geometry": {"type": "Point", "coordinates": [-87.65956, 41.809212]}, "properties": {"crash_id": "FIXTURECRASH01073", "date": "2021-10-27T10:09:00", "injury_severity": "reported_not_evident", "dooring": false, "hit_and_run": false, "crash_type": "SIDESWIPE SAME DIRECTION", "lighting": "DUSK", "street": "3161 N RANDOM ST", "ward": "23", "segment_id": null, "data_tier": "real"}}, {"type": "Feature", "geometry": {"type": "Point", "coordinates": [-87.574076, 41.644518]}, "properties": {"crash_id": "FIXTURECRASH01074", "date": "2021-03-28T06:08:00", "injury_severity": "none", "dooring": false, "hit_and_run": false, "crash_type": "FIXED OBJECT", "lighting": "DAYLIGHT", "street": "4888 N RANDOM ST", "ward": "5", "segment_id": null, "data_tier": "real"}}, {"type": "Feature", "geometry": {"type": "Point", "coordinates": [-87.703799, 41.938656]}, "properties": {"crash_id": "FIXTURECRASH01075", "date": "2018-02-21T18:03:00", "injury_severity": "none", "dooring": false, "hit_and_run": false, "crash_type": "PARKED MOTOR VEHICLE", "lighting": "DARKNESS, LIGHTED ROAD", "street": "449 E ELSTON AVE", "ward": "38", "segment_id": "108", "data_tier": "real"}}, {"type": "Feature", "geometry": {"type": "Point", "coordinates": [-87.677502, 41.918154]}, "properties": {"crash_id": "FIXTURECRASH01076", "date": "2023-08-15T15:13:00", "injury_severity": "non_incapacitating", "dooring": false, "hit_and_run": false, "crash_type": "ANGLE", "lighting": "DARKNESS, LIGHTED ROAD", "street": "4275 W DAMEN AVE", "ward": "38", "segment_id": "37", "data_tier": "real"}}, {"type": "Feature", "geometry": {"type": "Point", "coordinates": [-87.670298, 41.87812]}, "properties": {"crash_id": "FIXTURECRASH01077", "date": "2026-02-03T13:05:00", "injury_severity": "non_incapacitating", "dooring": false, "hit_and_run": false, "crash_type": "TURNING", "lighting": "DARKNESS, LIGHTED ROAD", "street": "3260 W RANDOM ST", "ward": "33", "segment_id": null, "data_tier": "real"}}, {"type": "Feature", "geometry": {"type": "Point", "coordinates": [-87.676298, 41.883622]}, "properties": {"crash_id": "FIXTURECRASH01078", "date": "2025-04-12T19:02:00", "injury_severity": "none", "dooring": false, "hit_and_run": false, "crash_type": "REAR END", "lighting": "DAYLIGHT", "street": "330 S DAMEN AVE", "ward": "33", "segment_id": "29", "data_tier": "real"}}, {"type": "Feature", "geometry": {"type": "Point", "coordinates": [-87.646286, 41.939731]}, "properties": {"crash_id": "FIXTURECRASH01079", "date": "2020-07-11T08:04:00", "injury_severity": "none", "dooring": false, "hit_and_run": false, "crash_type": "PEDALCYCLIST", "lighting": "DAYLIGHT", "street": "3883 E CLARK ST", "ward": "39", "segment_id": "82", "data_tier": "real"}}, {"type": "Feature", "geometry": {"type": "Point", "coordinates": [-87.726809, 41.656284]}, "properties": {"crash_id": "FIXTURECRASH01080", "date": "2019-01-23T01:12:00", "injury_severity": "none", "dooring": false, "hit_and_run": true, "crash_type": "PEDALCYCLIST", "lighting": "DAYLIGHT", "street": "1269 W RANDOM ST", "ward": "2", "segment_id": null, "data_tier": "real"}}, {"type": "Feature", "geometry": {"type": "Point", "coordinates": [-87.677436, 41.822342]}, "properties": {"crash_id": "FIXTURECRASH01081", "date": "2024-02-28T07:37:00", "injury_severity": "non_incapacitating", "dooring": false, "hit_and_run": false, "crash_type": "PEDALCYCLIST", "lighting": "DUSK", "street": "3527 W ARCHER AVE", "ward": "23", "segment_id": "174", "data_tier": "real"}}, {"type": "Feature", "geometry": {"type": "Point", "coordinates": [-87.734179, 41.8992]}, "properties": {"crash_id": "FIXTURECRASH01082", "date": "2023-05-18T14:48:00", "injury_severity": "non_incapacitating", "dooring": false, "hit_and_run": false, "crash_type": "PARKED MOTOR VEHICLE", "lighting": "DAYLIGHT", "street": "2792 W AUGUSTA BLVD", "ward": "32", "segment_id": "153", "data_tier": "real"}}, {"type": "Feature", "geometry": {"type": "Point", "coordinates": [-87.676999, 41.888837]}, "properties": {"crash_id": "FIXTURECRASH01083", "date": "2019-01-04T03:48:00", "injury_severity": "non_incapacitating", "dooring": false, "hit_and_run": false, "crash_type": "PARKED MOTOR VEHICLE", "lighting": "DAYLIGHT", "street": "1806 N KINZIE ST", "ward": "33", "segment_id": "123", "data_tier": "real"}}, {"type": "Feature", "geometry": {"type": "Point", "coordinates": [-87.72387, 41.956017]}, "properties": {"crash_id": "FIXTURECRASH01084", "date": "2022-03-16T09:48:00", "injury_severity": "reported_not_evident", "dooring": false, "hit_and_run": false, "crash_type": "PARKED MOTOR VEHICLE", "lighting": "DAYLIGHT", "street": "5056 N ELSTON AVE", "ward": "42", "segment_id": "112", "data_tier": "real"}}, {"type": "Feature", "geometry": {"type": "Point", "coordinates": [-87.647525, 41.902136]}, "properties": {"crash_id": "FIXTURECRASH01085", "date": "2019-07-16T01:59:00", "injury_severity": "non_incapacitating", "dooring": false, "hit_and_run": false, "crash_type": "PARKED MOTOR VEHICLE", "lighting": "DAYLIGHT", "street": "5444 E HALSTED ST", "ward": "34", "segment_id": "62", "data_tier": "real"}}, {"type": "Feature", "geometry": {"type": "Point", "coordinates": [-87.743224, 41.949891]}, "properties": {"crash_id": "FIXTURECRASH01086", "date": "2025-07-25T08:06:00", "injury_severity": "reported_not_evident", "dooring": false, "hit_and_run": false, "crash_type": "TURNING", "lighting": "DAYLIGHT", "street": "587 W MILWAUKEE AVE", "ward": "42", "segment_id": "23", "data_tier": "real"}}, {"type": "Feature", "geometry": {"type": "Point", "coordinates": [-87.696347, 41.846715]}, "properties": {"crash_id": "FIXTURECRASH01087", "date": "2024-04-02T23:47:00", "injury_severity": "reported_not_evident", "dooring": false, "hit_and_run": false, "crash_type": "FIXED OBJECT", "lighting": "DARKNESS, LIGHTED ROAD", "street": "1601 S RANDOM ST", "ward": "28", "segment_id": null, "data_tier": "real"}}, {"type": "Feature", "geometry": {"type": "Point", "coordinates": [-87.629166, 41.90015]}, "properties": {"crash_id": "FIXTURECRASH01088", "date": "2020-01-25T05:26:00", "injury_severity": "non_incapacitating", "dooring": false, "hit_and_run": false, "crash_type": "PARKED MOTOR VEHICLE", "lighting": "DUSK", "street": "3234 W DEARBORN ST", "ward": "34", "segment_id": "96", "data_tier": "real"}}, {"type": "Feature", "geometry": {"type": "Point", "coordinates": [-87.69684, 41.898814]}, "properties": {"crash_id": "FIXTURECRASH01089", "date": "2018-04-18T04:49:00", "injury_severity": "incapacitating", "dooring": true, "hit_and_run": false, "crash_type": "TURNING", "lighting": "DAYLIGHT", "street": "674 E AUGUSTA BLVD", "ward": "33", "segment_id": "146", "data_tier": "real"}}, {"type": "Feature", "geometry": {"type": "Point", "coordinates": [-87.640591, 41.795059]}, "properties": {"crash_id": "FIXTURECRASH01090", "date": "2020-05-24T04:21:00", "injury_severity": "reported_not_evident", "dooring": false, "hit_and_run": false, "crash_type": "PEDALCYCLIST", "lighting": "DARKNESS, LIGHTED ROAD", "street": "1652 N 55TH ST", "ward": "24", "segment_id": "133", "data_tier": "real"}}, {"type": "Feature", "geometry": {"type": "Point", "coordinates": [-87.667637, 41.889155]}, "properties": {"crash_id": "FIXTURECRASH01091", "date": "2018-07-07T20:24:00", "injury_severity": "reported_not_evident", "dooring": false, "hit_and_run": false, "crash_type": "PEDALCYCLIST", "lighting": "DAYLIGHT", "street": "5915 E KINZIE ST", "ward": "33", "segment_id": "121", "data_tier": "real"}}, {"type": "Feature", "geometry": {"type": "Point", "coordinates": [-87.678129, 41.938553]}, "properties": {"crash_id": "FIXTURECRASH01092", "date": "2021-02-06T07:26:00", "injury_severity": "incapacitating", "dooring": false, "hit_and_run": false, "crash_type": "ANGLE", "lighting": "DAYLIGHT", "street": "1179 S DAMEN AVE", "ward": "38", "segment_id": "42", "data_tier": "real"}}, {"type": "Feature", "geometry": {"type": "Point", "coordinates": [-87.6456, 41.937502]}, "properties": {"crash_id": "FIXTURECRASH01093", "date": "2025-11-18T21:46:00", "injury_severity": "incapacitating", "dooring": false, "hit_and_run": false, "crash_type": "TURNING", "lighting": "DARKNESS, LIGHTED ROAD", "street": "285 S CLARK ST", "ward": "39", "segment_id": "81", "data_tier": "real"}}, {"type": "Feature", "geometry": {"type": "Point", "coordinates": [-87.647814, 41.913314]}, "properties": {"crash_id": "FIXTURECRASH01094", "date": "2024-06-04T09:46:00", "injury_severity": "reported_not_evident", "dooring": true, "hit_and_run": false, "crash_type": "FIXED OBJECT", "lighting": "DAYLIGHT", "street": "3041 E HALSTED ST", "ward": "39", "segment_id": "64", "data_tier": "real"}}, {"type": "Feature", "geometry": {"type": "Point", "coordinates": [-87.677367, 41.915813]}, "properties": {"crash_id": "FIXTURECRASH01095", "date": "2018-09-08T05:51:00", "injury_severity": "reported_not_evident", "dooring": false, "hit_and_run": false, "crash_type": "SIDESWIPE SAME DIRECTION", "lighting": "DAYLIGHT", "street": "2191 W DAMEN AVE", "ward": "38", "segment_id": "37", "data_tier": "real"}}, {"type": "Feature", "geometry": {"type": "Point", "coordinates": [-87.64, 41.881893]}, "properties": {"crash_id": "FIXTURECRASH01096", "date": "2022-10-13T08:01:00", "injury_severity": "reported_not_evident", "dooring": false, "hit_and_run": true, "crash_type": "SIDESWIPE SAME DIRECTION", "lighting": "DARKNESS, LIGHTED ROAD", "street": "366 W MILWAUKEE AVE", "ward": "34", "segment_id": "1", "data_tier": "real"}}, {"type": "Feature", "geometry": {"type": "Point", "coordinates": [-87.694426, 41.921105]}, "properties": {"crash_id": "FIXTURECRASH01097", "date": "2023-08-08T06:25:00", "injury_severity": "reported_not_evident", "dooring": false, "hit_and_run": false, "crash_type": "FIXED OBJECT", "lighting": "DAYLIGHT", "street": "2382 E MILWAUKEE AVE", "ward": "38", "segment_id": "13", "data_tier": "real"}}, {"type": "Feature", "geometry": {"type": "Point", "coordinates": [-87.671922, 41.921575]}, "properties": {"crash_id": "FIXTURECRASH01098", "date": "2019-10-08T04:45:00", "injury_severity": "incapacitating", "dooring": false, "hit_and_run": false, "crash_type": "ANGLE", "lighting": "DAYLIGHT", "street": "1315 N WOOD ST", "ward": "38", "segment_id": "161", "data_tier": "real"}}, {"type": "Feature", "geometry": {"type": "Point", "coordinates": [-87.71865, 41.935532]}, "properties": {"crash_id": "FIXTURECRASH01099", "date": "2020-12-08T23:45:00", "injury_severity": "non_incapacitating", "dooring": false, "hit_and_run": true, "crash_type": "REAR END", "lighting": "DAYLIGHT", "street": "4368 N MILWAUKEE AVE", "ward": "37", "segment_id": "18", "data_tier": "real"}}, {"type": "Feature", "geometry": {"type": "Point", "coordinates": [-87.677688, 41.924581]}, "properties": {"crash_id": "FIXTURECRASH01100", "date": "2019-05-17T07:08:00", "injury_severity": "none", "dooring": false, "hit_and_run": false, "crash_type": "SIDESWIPE SAME DIRECTION", "lighting": "DUSK", "street": "5968 N DAMEN AVE", "ward": "38", "segment_id": "38", "data_tier": "real"}}, {"type": "Feature", "geometry": {"type": "Point", "coordinates": [-87.669288, 41.969308]}, "properties": {"crash_id": "FIXTURECRASH01101", "date": "2023-01-19T08:24:00", "injury_severity": "non_incapacitating", "dooring": true, "hit_and_run": false, "crash_type": "PEDALCYCLIST", "lighting": "DUSK", "street": "1895 S RANDOM ST", "ward": "43", "segment_id": null, "data_tier": "real"}}, {"type": "Feature", "geometry": {"type": "Point", "coordinates": [-87.821896, 41.838889]}, "properties": {"crash_id": "FIXTURECRASH01102", "date": "2018-09-14T21:38:00", "injury_severity": "reported_not_evident", "dooring": false, "hit_and_run": false, "crash_type": "FIXED OBJECT", "lighting": "DAYLIGHT", "street": "4796 E RANDOM ST", "ward": "26", "segment_id": null, "data_tier": "real"}}, {"type": "Feature", "geometry": {"type": "Point", "coordinates": [-87.689816, 41.926226]}, "properties": {"crash_id": "FIXTURECRASH01103", "date": "2022-09-03T10:24:00", "injury_severity": "reported_not_evident", "dooring": false, "hit_and_run": false, "crash_type": "TURNING", "lighting": "DAYLIGHT", "street": "3413 W ELSTON AVE", "ward": "38", "segment_id": "104", "data_tier": "real"}}, {"type": "Feature", "geometry": {"type": "Point", "coordinates": [-87.629325, 41.893032]}, "properties": {"crash_id": "FIXTURECRASH01104", "date": "2025-08-03T17:58:00", "injury_severity": "non_incapacitating", "dooring": false, "hit_and_run": false, "crash_type": "ANGLE", "lighting": "DAYLIGHT", "street": "2467 N DEARBORN ST", "ward": "34", "segment_id": "94", "data_tier": "real"}}, {"type": "Feature", "geometry": {"type": "Point", "coordinates": [-87.624559, 41.742347]}, "properties": {"crash_id": "FIXTURECRASH01105", "date": "2021-09-08T20:12:00", "injury_severity": "non_incapacitating", "dooring": false, "hit_and_run": true, "crash_type": "ANGLE", "lighting": "DAYLIGHT", "street": "814 S VINCENNES AVE", "ward": "14", "segment_id": "188", "data_tier": "real"}}, {"type": "Feature", "geometry": {"type": "Point", "coordinates": [-87.700096, 41.810764]}, "properties": {"crash_id": "FIXTURECRASH01106", "date": "2026-06-26T20:20:00", "injury_severity": "non_incapacitating", "dooring": false, "hit_and_run": true, "crash_type": "TURNING", "lighting": "DARKNESS, LIGHTED ROAD", "street": "5028 S ARCHER AVE", "ward": "23", "segment_id": "178", "data_tier": "real"}}, {"type": "Feature", "geometry": {"type": "Point", "coordinates": [-87.648182, 41.924895]}, "properties": {"crash_id": "FIXTURECRASH01107", "date": "2018-08-21T00:05:00", "injury_severity": "none", "dooring": false, "hit_and_run": false, "crash_type": "ANGLE", "lighting": "DAYLIGHT", "street": "5237 W HALSTED ST", "ward": "39", "segment_id": "67", "data_tier": "real"}}, {"type": "Feature", "geometry": {"type": "Point", "coordinates": [-87.846196, 41.911825]}, "properties": {"crash_id": "FIXTURECRASH01108", "date": "2025-11-30T13:27:00", "injury_severity": "none", "dooring": false, "hit_and_run": false, "crash_type": "PARKED MOTOR VEHICLE", "lighting": "DAYLIGHT", "street": "2602 S RANDOM ST", "ward": "36", "segment_id": null, "data_tier": "real"}}, {"type": "Feature", "geometry": {"type": "Point", "coordinates": [-87.652931, 41.891458]}, "properties": {"crash_id": "FIXTURECRASH01109", "date": "2017-09-29T11:31:00", "injury_severity": "none", "dooring": false, "hit_and_run": false, "crash_type": "FIXED OBJECT", "lighting": "DAYLIGHT", "street": "2225 S MILWAUKEE AVE", "ward": "33", "segment_id": "3", "data_tier": "real"}}, {"type": "Feature", "geometry": {"type": "Point", "coordinates": [-87.647605, 41.890662]}, "properties": {"crash_id": "FIXTURECRASH01110", "date": "2019-01-30T14:42:00", "injury_severity": "non_incapacitating", "dooring": false, "hit_and_run": false, "crash_type": "PEDALCYCLIST", "lighting": "DARKNESS, LIGHTED ROAD", "street": "3273 E HALSTED ST", "ward": "34", "segment_id": "60", "data_tier": "real"}}, {"type": "Feature", "geometry": {"type": "Point", "coordinates": [-87.644938, 42.003429]}, "properties": {"crash_id": "FIXTURECRASH01111", "date": "2022-08-16T13:54:00", "injury_severity": "reported_not_evident", "dooring": false, "hit_and_run": false, "crash_type": "PARKED MOTOR VEHICLE", "lighting": "DAYLIGHT", "street": "759 S RANDOM ST", "ward": "49", "segment_id": null, "data_tier": "real"}}, {"type": "Feature", "geometry": {"type": "Point", "coordinates": [-87.677866, 41.942986]}, "properties": {"crash_id": "FIXTURECRASH01112", "date": "2021-01-17T04:08:00", "injury_severity": "non_incapacitating", "dooring": false, "hit_and_run": false, "crash_type": "TURNING", "lighting": "DAYLIGHT", "street": "3534 W DAMEN AVE", "ward": "38", "segment_id": "42", "data_tier": "real"}}, {"type": "Feature", "geometry": {"type": "Point", "coordinates": [-87.766583, 41.804473]}, "properties": {"crash_id": "FIXTURECRASH01113", "date": "2025-12-11T11:10:00", "injury_severity": "non_incapacitating", "dooring": false, "hit_and_run": false, "crash_type": "PARKED MOTOR VEHICLE", "lighting": "DAYLIGHT", "street": "2364 E RANDOM ST", "ward": "22", "segment_id": null, "data_tier": "real"}}, {"type": "Feature", "geometry": {"type": "Point", "coordinates": [-87.678043, 41.945388]}, "properties": {"crash_id": "FIXTURECRASH01114", "date": "2025-03-01T13:14:00", "injury_severity": "non_incapacitating", "dooring": false, "hit_and_run": false, "crash_type": "FIXED OBJECT", "lighting": "DUSK", "street": "4218 S DAMEN AVE", "ward": "43", "segment_id": "43", "data_tier": "real"}}, {"type": "Feature", "geometry": {"type": "Point", "coordinates": [-87.65815, 41.888986]}, "properties": {"crash_id": "FIXTURECRASH01115", "date": "2021-07-24T03:52:00", "injury_severity": "non_incapacitating", "dooring": false, "hit_and_run": false, "crash_type": "ANGLE", "lighting": "DAYLIGHT", "street": "5478 E KINZIE ST", "ward": "33", "segment_id": "119", "data_tier": "real"}}, {"type": "Feature", "geometry": {"type": "Point", "coordinates": [-87.648271, 41.659364]}, "properties": {"crash_id": "FIXTURECRASH01116", "date": "2023-08-03T13:00:00", "injury_severity": "non_incapacitating", "dooring": false, "hit_and_run": false, "crash_type": "PEDALCYCLIST", "lighting": "DARKNESS, LIGHTED ROAD", "street": "1759 S RANDOM ST", "ward": "4", "segment_id": null, "data_tier": "real"}}, {"type": "Feature", "geometry": {"type": "Point", "coordinates": [-87.585994, 41.758203]}, "properties": {"crash_id": "FIXTURECRASH01117", "date": "2021-01-02T15:52:00", "injury_severity": "non_incapacitating", "dooring": false, "hit_and_run": false, "crash_type": "PARKED MOTOR VEHICLE", "lighting": "DARKNESS, LIGHTED ROAD", "street": "5443 W STONY ISLAND AVE", "ward": "20", "segment_id": "201", "data_tier": "real"}}, {"type": "Feature", "geometry": {"type": "Point", "coordinates": [-87.672017, 41.940215]}, "properties": {"crash_id": "FIXTURECRASH01118", "date": "2020-07-25T03:37:00", "injury_severity": "reported_not_evident", "dooring": false, "hit_and_run": false, "crash_type": "FIXED OBJECT", "lighting": "DARKNESS, LIGHTED ROAD", "street": "177 N WOOD ST", "ward": "38", "segment_id": "165", "data_tier": "real"}}, {"type": "Feature", "geometry": {"type": "Point", "coordinates": [-87.628275, 41.726968]}, "properties": {"crash_id": "FIXTURECRASH01119", "date": "2023-12-05T16:43:00", "injury_severity": "reported_not_evident", "dooring": false, "hit_and_run": false, "crash_type": "PEDALCYCLIST", "lighting": "DARKNESS, LIGHTED ROAD", "street": "560 S VINCENNES AVE", "ward": "14", "segment_id": "184", "data_tier": "real"}}, {"type": "Feature", "geometry": {"type": "Point", "coordinates": [-87.669431, 41.899028]}, "properties": {"crash_id": "FIXTURECRASH01120", "date": "2019-05-27T04:57:00", "injury_severity": "non_incapacitating", "dooring": false, "hit_and_run": false, "crash_type": "PARKED MOTOR VEHICLE", "lighting": "DUSK", "street": "1088 S AUGUSTA BLVD", "ward": "33", "segment_id": "142", "data_tier": "real"}}, {"type": "Feature", "geometry": {"type": "Point", "coordinates": [-87.675865, 41.870046]}, "properties": {"crash_id": "FIXTURECRASH01121", "date": "2017-11-01T21:46:00", "injury_severity": "none", "dooring": false, "hit_and_run": true, "crash_type": "PARKED MOTOR VEHICLE", "lighting": "DAYLIGHT", "street": "1490 E DAMEN AVE", "ward": "33", "segment_id": "27", "data_tier": "real"}}, {"type": "Feature", "geometry": {"type": "Point", "coordinates": [-87.578001, 41.701662]}, "properties": {"crash_id": "FIXTURECRASH01122", "date": "2022-01-18T18:02:00", "injury_severity": "non_incapacitating", "dooring": false, "hit_and_run": false, "crash_type": "PARKED MOTOR VEHICLE", "lighting": "DARKNESS, LIGHTED ROAD", "street": "2226 W RANDOM ST", "ward": "10", "segment_id": null, "data_tier": "real"}}, {"type": "Feature", "geometry": {"type": "Point", "coordinates": [-87.671839, 41.935547]}, "properties": {"crash_id": "FIXTURECRASH01123", "date": "2021-10-03T22:47:00", "injury_severity": "non_incapacitating", "dooring": false, "hit_and_run": false, "crash_type": "PEDALCYCLIST", "lighting": "DAYLIGHT", "street": "3281 N WOOD ST", "ward": "38", "segment_id": "165", "data_tier": "real"}}, {"type": "Feature", "geometry": {"type": "Point", "coordinates": [-87.71788, 41.801354]}, "properties": {"crash_id": "FIXTURECRASH01124", "date": "2019-06-04T09:54:00", "injury_severity": "non_incapacitating", "dooring": false, "hit_and_run": false, "crash_type": "FIXED OBJECT", "lighting": "DAYLIGHT", "street": "4834 S ARCHER AVE", "ward": "23", "segment_id": "182", "data_tier": "real"}}, {"type": "Feature", "geometry": {"type": "Point", "coordinates": [-87.629245, 41.872295]}, "properties": {"crash_id": "FIXTURECRASH01125", "date": "2018-07-03T00:20:00", "injury_severity": "non_incapacitating", "dooring": true, "hit_and_run": false, "crash_type": "PEDALCYCLIST", "lighting": "DAYLIGHT", "street": "3087 W DEARBORN ST", "ward": "34", "segment_id": "90", "data_tier": "real"}}, {"type": "Feature", "geometry": {"type": "Point", "coordinates": [-87.666065, 41.8991]}, "properties": {"crash_id": "FIXTURECRASH01126", "date": "2018-12-30T08:58:00", "injury_severity": "reported_not_evident", "dooring": false, "hit_and_run": false, "crash_type": "PARKED MOTOR VEHICLE", "lighting": "DAYLIGHT", "street": "4894 W AUGUSTA BLVD", "ward": "33", "segment_id": "141", "data_tier": "real"}}, {"type": "Feature", "geometry": {"type": "Point", "coordinates": [-87.585765, 41.746969]}, "properties": {"crash_id": "FIXTURECRASH01127", "date": "2022-09-14T15:21:00", "injury_severity": "non_incapacitating", "dooring": false, "hit_and_run": false, "crash_type": "REAR END", "lighting": "DAYLIGHT", "street": "2896 E STONY ISLAND AVE", "ward": "15", "segment_id": "198", "data_tier": "real"}}, {"type": "Feature", "geometry": {"type": "Point", "coordinates": [-87.639738, 41.889135]}, "properties": {"crash_id": "FIXTURECRASH01128", "date": "2022-07-19T23:53:00", "injury_severity": "non_incapacitating", "dooring": false, "hit_and_run": true, "crash_type": "SIDESWIPE SAME DIRECTION", "lighting": "DARKNESS, LIGHTED ROAD", "street": "629 W KINZIE ST", "ward": "34", "segment_id": "117", "data_tier": "real"}}, {"type": "Feature", "geometry": {"type": "Point", "coordinates": [-87.676661, 41.888983]}, "properties": {"crash_id": "FIXTURECRASH01129", "date": "2023-08-18T20:48:00", "injury_severity": "non_incapacitating", "dooring": false, "hit_and_run": false, "crash_type": "FIXED OBJECT", "lighting": "DAYLIGHT", "street": "2614 S KINZIE ST", "ward": "33", "segment_id": "122", "data_tier": "real"}}, {"type": "Feature", "geometry": {"type": "Point", "coordinates": [-87.742975, 41.831237]}, "properties": {"crash_id": "FIXTURECRASH01130", "date": "2022-10-25T21:11:00", "injury_severity": "non_incapacitating", "dooring": true, "hit_and_run": false, "crash_type": "REAR END", "lighting": "DAYLIGHT", "street": "3331 W RANDOM ST", "ward": "27", "segment_id": null, "data_tier": "real"}}, {"type": "Feature", "geometry": {"type": "Point", "coordinates": [-87.652159, 41.889096]}, "properties": {"crash_id": "FIXTURECRASH01131", "date": "2021-11-24T21:13:00", "injury_severity": "non_incapacitating", "dooring": false, "hit_and_run": false, "crash_type": "PEDALCYCLIST", "lighting": "DAYLIGHT", "street": "3384 W KINZIE ST", "ward": "33", "segment_id": "118", "data_tier": "real"}}, {"type": "Feature", "geometry": {"type": "Point", "coordinates": [-87.683697, 41.80387]}, "properties": {"crash_id": "FIXTURECRASH01132", "date": "2022-12-30T19:03:00", "injury_severity": "non_incapacitating", "dooring": false, "hit_and_run": false, "crash_type": "FIXED OBJECT", "lighting": "DAYLIGHT", "street": "4387 W RANDOM ST", "ward": "23", "segment_id": null, "data_tier": "real"}}, {"type": "Feature", "geometry": {"type": "Point", "coordinates": [-87.764296, 41.93542]}, "properties": {"crash_id": "FIXTURECRASH01133", "date": "2021-07-22T00:43:00", "injury_severity": "reported_not_evident", "dooring": false, "hit_and_run": false, "crash_type": "REAR END", "lighting": "DAYLIGHT", "street": "786 E RANDOM ST", "ward": "37", "segment_id": null, "data_tier": "real"}}, {"type": "Feature", "geometry": {"type": "Point", "coordinates": [-87.684967, 41.81849]}, "properties": {"crash_id": "FIXTURECRASH01134", "date": "2022-12-24T16:38:00", "injury_severity": "reported_not_evident", "dooring": false, "hit_and_run": false, "crash_type": "TURNING", "lighting": "DAYLIGHT", "street": "730 N ARCHER AVE", "ward": "23", "segment_id": "176", "data_tier": "real"}}, {"type": "Feature", "geometry": {"type": "Point", "coordinates": [-87.674016, 41.889077]}, "properties": {"crash_id": "FIXTURECRASH01135", "date": "2019-12-24T05:03:00", "injury_severity": "none", "dooring": false, "hit_and_run": true, "crash_type": "FIXED OBJECT", "lighting": "DAYLIGHT", "street": "714 W KINZIE ST", "ward": "33", "segment_id": "122", "data_tier": "real"}}, {"type": "Feature", "geometry": {"type": "Point", "coordinates": [-87.795754, 41.680511]}, "properties": {"crash_id": "FIXTURECRASH01136", "date": "2026-05-29T09:10:00", "injury_severity": "reported_not_evident", "dooring": false, "hit_and_run": false, "crash_type": "TURNING", "lighting": "DAYLIGHT", "street": "3410 S RANDOM ST", "ward": "6", "segment_id": null, "data_tier": "real"}}, {"type": "Feature", "geometry": {"type": "Point", "coordinates": [-87.585643, 41.751474]}, "properties": {"crash_id": "FIXTURECRASH01137", "date": "2026-01-16T13:36:00", "injury_severity": "reported_not_evident", "dooring": true, "hit_and_run": false, "crash_type": "TURNING", "lighting": "DAYLIGHT", "street": "734 N STONY ISLAND AVE", "ward": "15", "segment_id": "199", "data_tier": "real"}}, {"type": "Feature", "geometry": {"type": "Point", "coordinates": [-87.545875, 41.9286]}, "properties": {"crash_id": "FIXTURECRASH01138", "date": "2018-07-27T12:59:00", "injury_severity": "non_incapacitating", "dooring": false, "hit_and_run": true, "crash_type": "PARKED MOTOR VEHICLE", "lighting": "DAYLIGHT", "street": "369 E RANDOM ST", "ward": "40", "segment_id": null, "data_tier": "real"}}, {"type": "Feature", "geometry": {"type": "Point", "coordinates": [-87.629166, 41.883613]}, "properties": {"crash_id": "FIXTURECRASH01139", "date": "2022-08-10T05:36:00", "injury_severity": "non_incapacitating", "dooring": false, "hit_and_run": false, "crash_type": "SIDESWIPE SAME DIRECTION", "lighting": "DAYLIGHT", "street": "4710 N DEARBORN ST", "ward": "34", "segment_id": "92", "data_tier": "real"}}, {"type": "Feature", "geometry": {"type": "Point", "coordinates": [-87.647793, 41.873997]}, "properties": {"crash_id": "FIXTURECRASH01140", "date": "2023-11-01T10:06:00", "injury_severity": "none", "dooring": false, "hit_and_run": false, "crash_type": "FIXED OBJECT", "lighting": "DUSK", "street": "1394 W RANDOM ST", "ward": "34", "segment_id": null, "data_tier": "real"}}, {"type": "Feature", "geometry": {"type": "Point", "coordinates": [-87.642203, 41.84096]}, "properties": {"crash_id": "FIXTURECRASH01141", "date": "2022-06-25T01:08:00", "injury_severity": "reported_not_evident", "dooring": false, "hit_and_run": false, "crash_type": "SIDESWIPE SAME DIRECTION", "lighting": "DARKNESS, LIGHTED ROAD", "street": "1461 E ARCHER AVE", "ward": "29", "segment_id": "167", "data_tier": "real"}}, {"type": "Feature", "geometry": {"type": "Point", "coordinates": [-87.630008, 41.719831]}, "properties": {"crash_id": "FIXTURECRASH01142", "date": "2021-01-17T00:26:00", "injury_severity": "none", "dooring": false, "hit_and_run": true, "crash_type": "TURNING", "lighting": "DARKNESS, LIGHTED ROAD", "street": "183 N VINCENNES AVE", "ward": "14", "segment_id": "183", "data_tier": "real"}}, {"type": "Feature", "geometry": {"type": "Point", "coordinates": [-87.593712, 41.983565]}, "properties": {"crash_id": "FIXTURECRASH01143", "date": "2021-01-08T07:39:00", "injury_severity": "incapacitating", "dooring": false, "hit_and_run": false, "crash_type": "REAR END", "lighting": "DUSK", "street": "1385 E RANDOM ST", "ward": "49", "segment_id": null, "data_tier": "real"}}, {"type": "Feature", "geometry": {"type": "Point", "coordinates": [-87.827812, 41.732978]}, "properties": {"crash_id": "FIXTURECRASH01144", "date": "2019-05-24T11:57:00", "injury_severity": "reported_not_evident", "dooring": false, "hit_and_run": false, "crash_type": "TURNING", "lighting": "DAYLIGHT", "street": "1953 E RANDOM ST", "ward": "11", "segment_id": null, "data_tier": "real"}}, {"type": "Feature", "geometry": {"type": "Point", "coordinates": [-87.737026, 41.898807]}, "properties": {"crash_id": "FIXTURECRASH01145", "date": "2020-01-01T19:12:00", "injury_severity": "none", "dooring": false, "hit_and_run": false, "crash_type": "ANGLE", "lighting": "DAYLIGHT", "street": "1437 W AUGUSTA BLVD", "ward": "32", "segment_id": "153", "data_tier": "real"}}, {"type": "Feature", "geometry": {"type": "Point", "coordinates": [-87.586079, 41.758183]}, "properties": {"crash_id": "FIXTURECRASH01146", "date": "2024-03-02T01:28:00", "injury_severity": "none", "dooring": false, "hit_and_run": false, "crash_type": "REAR END", "lighting": "DARKNESS, LIGHTED ROAD", "street": "1196 N STONY ISLAND AVE", "ward": "19", "segment_id": "201", "data_tier": "real"}}, {"type": "Feature", "geometry": {"type": "Point", "coordinates": [-87.637652, 41.794907]}, "properties": {"crash_id": "FIXTURECRASH01147", "date": "2018-05-27T00:24:00", "injury_severity": "non_incapacitating", "dooring": false, "hit_and_run": false, "crash_type": "PARKED MOTOR VEHICLE", "lighting": "DAYLIGHT", "street": "3771 E 55TH ST", "ward": "24", "segment_id": "133", "data_tier": "real"}}, {"type": "Feature", "geometry": {"type": "Point", "coordinates": [-87.626009, 41.735661]}, "properties": {"crash_id": "FIXTURECRASH01148", "date": "2025-10-08T12:08:00", "injury_severity": "reported_not_evident", "dooring": false, "hit_and_run": false, "crash_type": "TURNING", "lighting": "DARKNESS, LIGHTED ROAD", "street": "4267 W VINCENNES AVE", "ward": "14", "segment_id": "186", "data_tier": "real"}}, {"type": "Feature", "geometry": {"type": "Point", "coordinates": [-87.585961, 41.756082]}, "properties": {"crash_id": "FIXTURECRASH01149", "date": "2019-06-11T21:47:00", "injury_severity": "reported_not_evident", "dooring": false, "hit_and_run": false, "crash_type": "TURNING", "lighting": "DAYLIGHT", "street": "5876 N STONY ISLAND AVE", "ward": "20", "segment_id": "200", "data_tier": "real"}}, {"type": "Feature", "geometry": {"type": "Point", "coordinates": [-87.676807, 41.908862]}, "properties": {"crash_id": "FIXTURECRASH01150", "date": "2018-10-17T18:40:00", "injury_severity": "non_incapacitating", "dooring": false, "hit_and_run": false, "crash_type": "FIXED OBJECT", "lighting": "DAYLIGHT", "street": "4943 W DAMEN AVE", "ward": "38", "segment_id": "35", "data_tier": "real"}}, {"type": "Feature", "geometry": {"type": "Point", "coordinates": [-87.628647, 41.900243]}, "properties": {"crash_id": "FIXTURECRASH01151", "date": "2023-04-18T17:15:00", "injury_severity": "none", "dooring": false, "hit_and_run": false, "crash_type": "FIXED OBJECT", "lighting": "DAYLIGHT", "street": "160 E DEARBORN ST", "ward": "34", "segment_id": null, "data_tier": "real"}}, {"type": "Feature", "geometry": {"type": "Point", "coordinates": [-87.680209, 41.888693]}, "properties": {"crash_id": "FIXTURECRASH01152", "date": "2020-04-18T05:37:00", "injury_severity": "reported_not_evident", "dooring": false, "hit_and_run": false, "crash_type": "SIDESWIPE SAME DIRECTION", "lighting": "DAYLIGHT", "street": "568 S KINZIE ST", "ward": "33", "segment_id": null, "data_tier": "real"}}, {"type": "Feature", "geometry": {"type": "Point", "coordinates": [-87.69101, 41.898845]}, "properties": {"crash_id": "FIXTURECRASH01153", "date": "2021-09-11T23:33:00", "injury_severity": "reported_not_evident", "dooring": false, "hit_and_run": false, "crash_type": "FIXED OBJECT", "lighting": "DARKNESS, LIGHTED ROAD", "street": "5921 W AUGUSTA BLVD", "ward": "33", "segment_id": "146", "data_tier": "real"}}, {"type": "Feature", "geometry": {"type": "Point", "coordinates": [-87.659688, 41.831566]}, "properties": {"crash_id": "FIXTURECRASH01154", "date": "2026-06-01T20:55:00", "injury_severity": "non_incapacitating", "dooring": false, "hit_and_run": false, "crash_type": "PEDALCYCLIST", "lighting": "DUSK", "street": "1514 S ARCHER AVE", "ward": "28", "segment_id": null, "data_tier": "real"}}, {"type": "Feature", "geometry": {"type": "Point", "coordinates": [-87.640242, 41.892202]}, "properties": {"crash_id": "FIXTURECRASH01155", "date": "2019-07-21T09:28:00", "injury_severity": "non_incapacitating", "dooring": false, "hit_and_run": false, "crash_type": "ANGLE", "lighting": "DUSK", "street": "842 S RANDOM ST", "ward": "34", "segment_id": null, "data_tier": "real"}}, {"type": "Feature", "geometry": {"type": "Point", "coordinates": [-87.648476, 41.931761]}, "properties": {"crash_id": "FIXTURECRASH01156", "date": "2025-07-17T20:26:00", "injury_severity": "non_incapacitating", "dooring": false, "hit_and_run": false, "crash_type": "FIXED OBJECT", "lighting": "DARKNESS, LIGHTED ROAD", "street": "102 E HALSTED ST", "ward": "39", "segment_id": "69", "data_tier": "real"}}, {"type": "Feature", "geometry": {"type": "Point", "coordinates": [-87.678181, 41.938578]}, "properties": {"crash_id": "FIXTURECRASH01157", "date": "2017-11-16T22:14:00", "injury_severity": "reported_not_evident", "dooring": false, "hit_and_run": false, "crash_type": "FIXED OBJECT", "lighting": "DAYLIGHT", "street": "1744 S DAMEN AVE", "ward": "38", "segment_id": "42", "data_tier": "real"}}, {"type": "Feature", "geometry": {"type": "Point", "coordinates": [-87.568781, 41.724433]}, "properties": {"crash_id": "FIXTURECRASH01158", "date": "2025-06-17T01:26:00", "injury_severity": "incapacitating", "dooring": false, "hit_and_run": true, "crash_type": "ANGLE", "lighting": "DARKNESS, LIGHTED ROAD", "street": "3376 E RANDOM ST", "ward": "15", "segment_id": null, "data_tier": "real"}}, {"type": "Feature", "geometry": {"type": "Point", "coordinates": [-87.720996, 41.970717]}, "properties": {"crash_id": "FIXTURECRASH01159", "date": "2020-02-12T22:33:00", "injury_severity": "none", "dooring": false, "hit_and_run": false, "crash_type": "PEDALCYCLIST", "lighting": "DAYLIGHT", "street": "1521 S RANDOM ST", "ward": "42", "segment_id": null, "data_tier": "real"}}, {"type": "Feature", "geometry": {"type": "Point", "coordinates": [-87.782157, 41.895853]}, "properties": {"crash_id": "FIXTURECRASH01160", "date": "2019-11-21T13:07:00", "injury_severity": "incapacitating", "dooring": false, "hit_and_run": false, "crash_type": "PARKED MOTOR VEHICLE", "lighting": "DUSK", "street": "3665 E RANDOM ST", "ward": "32", "segment_id": null, "data_tier": "real"}}, {"type": "Feature", "geometry": {"type": "Point", "coordinates": [-87.629061, 41.872385]}, "properties": {"crash_id": "FIXTURECRASH01161", "date": "2019-09-02T14:30:00", "injury_severity": "none", "dooring": false, "hit_and_run": false, "crash_type": "REAR END", "lighting": "DAYLIGHT", "street": "359 W DEARBORN ST", "ward": "34", "segment_id": "90", "data_tier": "real"}}, {"type": "Feature", "geometry": {"type": "Point", "coordinates": [-87.759811, 41.959976]}, "properties": {"crash_id": "FIXTURECRASH01162", "date": "2018-06-12T15:20:00", "injury_severity": "non_incapacitating", "dooring": false, "hit_and_run": false, "crash_type": "REAR END", "lighting": "DARKNESS, LIGHTED ROAD", "street": "4150 S MILWAUKEE AVE", "ward": "42", "segment_id": "26", "data_tier": "real"}}, {"type": "Feature", "geometry": {"type": "Point", "coordinates": [-87.654591, 41.961683]}, "properties": {"crash_id": "FIXTURECRASH01163", "date": "2018-07-16T15:10:00", "injury_severity": "non_incapacitating", "dooring": false, "hit_and_run": false, "crash_type": "SIDESWIPE SAME DIRECTION", "lighting": "DAYLIGHT", "street": "4790 E CLARK ST", "ward": "43", "segment_id": "86", "data_tier": "real"}}, {"type": "Feature", "geometry": {"type": "Point", "coordinates": [-87.77562, 41.780495]}, "properties": {"crash_id": "FIXTURECRASH01164", "date": "2026-03-15T04:26:00", "injury_severity": "reported_not_evident", "dooring": false, "hit_and_run": false, "crash_type": "TURNING", "lighting": "DARKNESS, LIGHTED ROAD", "street": "5884 E RANDOM ST", "ward": "17", "segment_id": null, "data_tier": "real"}}, {"type": "Feature", "geometry": {"type": "Point", "coordinates": [-87.740137, 41.970116]}, "properties": {"crash_id": "FIXTURECRASH01165", "date": "2020-09-02T05:05:00", "injury_severity": "non_incapacitating", "dooring": false, "hit_and_run": true, "crash_type": "ANGLE", "lighting": "DAYLIGHT", "street": "366 S ELSTON AVE", "ward": "42", "segment_id": "116", "data_tier": "real"}}, {"type": "Feature", "geometry": {"type": "Point", "coordinates": [-87.70015, 41.810579]}, "properties": {"crash_id": "FIXTURECRASH01166", "date": "2022-10-11T16:58:00", "injury_severity": "reported_not_evident", "dooring": false, "hit_and_run": false, "crash_type": "ANGLE", "lighting": "DARKNESS, LIGHTED ROAD", "street": "774 W ARCHER AVE", "ward": "23", "segment_id": "179", "data_tier": "real"}}, {"type": "Feature", "geometry": {"type": "Point", "coordinates": [-87.560643, 41.689922]}, "properties": {"crash_id": "FIXTURECRASH01167", "date": "2026-02-18T07:25:00", "injury_severity": "reported_not_evident", "dooring": false, "hit_and_run": false, "crash_type": "PARKED MOTOR VEHICLE", "lighting": "DAYLIGHT", "street": "5785 N RANDOM ST", "ward": "10", "segment_id": null, "data_tier": "real"}}, {"type": "Feature", "geometry": {"type": "Point", "coordinates": [-87.610344, 41.794942]}, "properties": {"crash_id": "FIXTURECRASH01168", "date": "2026-05-19T16:19:00", "injury_severity": "non_incapacitating", "dooring": true, "hit_and_run": false, "crash_type": "SIDESWIPE SAME DIRECTION", "lighting": "DARKNESS, LIGHTED ROAD", "street": "2034 E 55TH ST", "ward": "24", "segment_id": "129", "data_tier": "real"}}, {"type": "Feature", "geometry": {"type": "Point", "coordinates": [-87.548101, 41.808799]}, "properties": {"crash_id": "FIXTURECRASH01169", "date": "2024-04-22T16:15:00", "injury_severity": "non_incapacitating", "dooring": true, "hit_and_run": false, "crash_type": "SIDESWIPE SAME DIRECTION", "lighting": "DARKNESS, LIGHTED ROAD", "street": "3958 N RANDOM ST", "ward": "25", "segment_id": null, "data_tier": "real"}}, {"type": "Feature", "geometry": {"type": "Point", "coordinates": [-87.66037, 41.820642]}, "properties": {"crash_id": "FIXTURECRASH01170", "date": "2020-10-26T02:39:00", "injury_severity": "incapacitating", "dooring": false, "hit_and_run": false, "crash_type": "SIDESWIPE SAME DIRECTION", "lighting": "DARKNESS, LIGHTED ROAD", "street": "4215 E RANDOM ST", "ward": "23", "segment_id": null, "data_tier": "real"}}, {"type": "Feature", "geometry": {"type": "Point", "coordinates": [-87.647306, 41.941877]}, "properties": {"crash_id": "FIXTURECRASH01171", "date": "2023-06-11T22:39:00", "injury_severity": "reported_not_evident", "dooring": false, "hit_and_run": false, "crash_type": "SIDESWIPE SAME DIRECTION", "lighting": "DAYLIGHT", "street": "279 E CLARK ST", "ward": "39", "segment_id": "82", "data_tier": "real"}}, {"type": "Feature", "geometry": {"type": "Point", "coordinates": [-87.700307, 41.899022]}, "properties": {"crash_id": "FIXTURECRASH01172", "date": "2023-10-12T12:43:00", "injury_severity": "none", "dooring": false, "hit_and_run": false, "crash_type": "SIDESWIPE SAME DIRECTION", "lighting": "DARKNESS, LIGHTED ROAD", "street": "671 W AUGUSTA BLVD", "ward": "33", "segment_id": "147", "data_tier": "real"}}, {"type": "Feature", "geometry": {"type": "Point", "coordinates": [-87.791487, 41.860482]}, "properties": {"crash_id": "FIXTURECRASH01173", "date": "2023-05-17T19:05:00", "injury_severity": "none", "dooring": false, "hit_and_run": true, "crash_type": "PARKED MOTOR VEHICLE", "lighting": "DARKNESS, LIGHTED ROAD", "street": "1360 W RANDOM ST", "ward": "26", "segment_id": null, "data_tier": "real"}}, {"type": "Feature", "geometry": {"type": "Point", "coordinates": [-87.716041, 41.933975]}, "properties": {"crash_id": "FIXTURECRASH01174", "date": "2024-07-07T08:10:00", "injury_severity": "non_incapacitating", "dooring": false, "hit_and_run": false, "crash_type": "ANGLE", "lighting": "DAYLIGHT", "street": "4487 S MILWAUKEE AVE", "ward": "38", "segment_id": "17", "data_tier": "real"}}, {"type": "Feature", "geometry": {"type": "Point", "coordinates": [-87.637389, 41.843773]}, "properties": {"crash_id": "FIXTURECRASH01175", "date": "2024-01-04T19:26:00", "injury_severity": "reported_not_evident", "dooring": true, "hit_and_run": false, "crash_type": "SIDESWIPE SAME DIRECTION", "lighting": "DUSK", "street": "4512 W ARCHER AVE", "ward": "29", "segment_id": "166", "data_tier": "real"}}, {"type": "Feature", "geometry": {"type": "Point", "coordinates": [-87.731031, 41.899032]}, "properties": {"crash_id": "FIXTURECRASH01176", "date": "2020-06-01T01:44:00", "injury_severity": "non_incapacitating", "dooring": false, "hit_and_run": false, "crash_type": "FIXED OBJECT", "lighting": "DAYLIGHT", "street": "3493 W AUGUSTA BLVD", "ward": "32", "segment_id": "152", "data_tier": "real"}}, {"type": "Feature", "geometry": {"type": "Point", "coordinates": [-87.726146, 41.957552]}, "properties": {"crash_id": "FIXTURECRASH01177", "date": "2018-04-01T03:24:00", "injury_severity": "reported_not_evident", "dooring": false, "hit_and_run": false, "crash_type": "PARKED MOTOR VEHICLE", "lighting": "DUSK", "street": "2791 N ELSTON AVE", "ward": "42", "segment_id": "113", "data_tier": "real"}}, {"type": "Feature", "geometry": {"type": "Point", "coordinates": [-87.713952, 42.011384]}, "properties": {"crash_id": "FIXTURECRASH01178", "date": "2021-01-05T01:28:00", "injury_severity": "incapacitating", "dooring": false, "hit_and_run": false, "crash_type": "REAR END", "lighting": "DARKNESS, LIGHTED ROAD", "street": "637 W RANDOM ST", "ward": "48", "segment_id": null, "data_tier": "real"}}, {"type": "Feature", "geometry": {"type": "Point", "coordinates": [-87.680301, 41.821305]}, "properties": {"crash_id": "FIXTURECRASH01179", "date": "2021-04-29T00:42:00", "injury_severity": "incapacitating", "dooring": false, "hit_and_run": false, "crash_type": "REAR END", "lighting": "DARKNESS, LIGHTED ROAD", "street": "1606 W ARCHER AVE", "ward": "23", "segment_id": "175", "data_tier": "real"}}, {"type": "Feature", "geometry": {"type": "Point", "coordinates": [-87.671841, 41.933264]}, "properties": {"crash_id": "FIXTURECRASH01180", "date": "2021-12-25T03:10:00", "injury_severity": "reported_not_evident", "dooring": false, "hit_and_run": false, "crash_type": "ANGLE", "lighting": "DAYLIGHT", "street": "237 S WOOD ST", "ward": "38", "segment_id": "164", "data_tier": "real"}}, {"type": "Feature", "geometry": {"type": "Point", "coordinates": [-87.62884, 41.879216]}, "properties": {"crash_id": "FIXTURECRASH01181", "date": "2024-05-03T12:40:00", "injury_severity": "reported_not_evident", "dooring": false, "hit_and_run": false, "crash_type": "TURNING", "lighting": "DAYLIGHT", "street": "4069 N DEARBORN ST", "ward": "34", "segment_id": "91", "data_tier": "real"}}, {"type": "Feature", "geometry": {"type": "Point", "coordinates": [-87.685981, 41.922728]}, "properties": {"crash_id": "FIXTURECRASH01182", "date": "2018-09-04T04:14:00", "injury_severity": "reported_not_evident", "dooring": false, "hit_and_run": false, "crash_type": "PEDALCYCLIST", "lighting": "DAYLIGHT", "street": "3418 N ELSTON AVE", "ward": "38", "segment_id": "103", "data_tier": "real"}}, {"type": "Feature", "geometry": {"type": "Point", "coordinates": [-87.726107, 41.751585]}, "properties": {"crash_id": "FIXTURECRASH01183", "date": "2019-02-27T22:19:00", "injury_severity": "incapacitating", "dooring": false, "hit_and_run": false, "crash_type": "ANGLE", "lighting": "DARKNESS, LIGHTED ROAD", "street": "5833 W RANDOM ST", "ward": "12", "segment_id": null, "data_tier": "real"}}, {"type": "Feature", "geometry": {"type": "Point", "coordinates": [-87.56053, 41.743351]}, "properties": {"crash_id": "FIXTURECRASH01184", "date": "2023-05-22T17:09:00", "injury_severity": "non_incapacitating", "dooring": false, "hit_and_run": false, "crash_type": "FIXED OBJECT", "lighting": "DUSK", "street": "3126 E RANDOM ST", "ward": "15", "segment_id": null, "data_tier": "real"}}, {"type": "Feature", "geometry": {"type": "Point", "coordinates": [-87.837315, 41.727712]}, "properties": {"crash_id": "FIXTURECRASH01185", "date": "2022-03-10T14:38:00", "injury_severity": "none", "dooring": false, "hit_and_run": true, "crash_type": "REAR END", "lighting": "DARKNESS, LIGHTED ROAD", "street": "3154 E RANDOM ST", "ward": "11", "segment_id": null, "data_tier": "real"}}, {"type": "Feature", "geometry": {"type": "Point", "coordinates": [-87.676936, 41.710678]}, "properties": {"crash_id": "FIXTURECRASH01186", "date": "2019-09-26T05:26:00", "injury_severity": "reported_not_evident", "dooring": false, "hit_and_run": true, "crash_type": "PEDALCYCLIST", "lighting": "DARKNESS, LIGHTED ROAD", "street": "3816 W RANDOM ST", "ward": "8", "segment_id": null, "data_tier": "real"}}, {"type": "Feature", "geometry": {"type": "Point", "coordinates": [-87.58636, 41.778611]}, "properties": {"crash_id": "FIXTURECRASH01187", "date": "2022-02-24T17:32:00", "injury_severity": "reported_not_evident", "dooring": false, "hit_and_run": false, "crash_type": "SIDESWIPE SAME DIRECTION", "lighting": "DUSK", "street": "3653 N STONY ISLAND AVE", "ward": "19", "segment_id": "205", "data_tier": "real"}}, {"type": "Feature", "geometry": {"type": "Point", "coordinates": [-87.586202, 41.758377]}, "properties": {"crash_id": "FIXTURECRASH01188", "date": "2018-09-27T10:12:00", "injury_severity": "reported_not_evident", "dooring": false, "hit_and_run": false, "crash_type": "ANGLE", "lighting": "DUSK", "street": "3396 N STONY ISLAND AVE", "ward": "19", "segment_id": "201", "data_tier": "real"}}, {"type": "Feature", "geometry": {"type": "Point", "coordinates": [-87.707543, 41.806686]}, "properties": {"crash_id": "FIXTURECRASH01189", "date": "2024-08-01T23:47:00", "injury_severity": "incapacitating", "dooring": false, "hit_and_run": false, "crash_type": "TURNING", "lighting": "DAYLIGHT", "street": "4720 N ARCHER AVE", "ward": "23", "segment_id": "180", "data_tier": "real"}}, {"type": "Feature", "geometry": {"type": "Point", "coordinates": [-87.719991, 41.799966]}, "properties": {"crash_id": "FIXTURECRASH01190", "date": "2024-07-16T17:27:00", "injury_severity": "reported_not_evident", "dooring": false, "hit_and_run": false, "crash_type": "FIXED OBJECT", "lighting": "DARKNESS, LIGHTED ROAD", "street": "5565 S ARCHER AVE", "ward": "22", "segment_id": "182", "data_tier": "real"}}, {"type": "Feature", "geometry": {"type": "Point", "coordinates": [-87.648951, 41.94634]}, "properties": {"crash_id": "FIXTURECRASH01191", "date": "2023-02-06T13:27:00", "injury_severity": "reported_not_evident", "dooring": false, "hit_and_run": false, "crash_type": "PEDALCYCLIST", "lighting": "DUSK", "street": "3382 S CLARK ST", "ward": "44", "segment_id": "83", "data_tier": "real"}}, {"type": "Feature", "geometry": {"type": "Point", "coordinates": [-87.650654, 41.889828]}, "properties": {"crash_id": "FIXTURECRASH01192", "date": "2024-09-16T00:28:00", "injury_severity": "reported_not_evident", "dooring": false, "hit_and_run": false, "crash_type": "PEDALCYCLIST", "lighting": "DARKNESS, LIGHTED ROAD", "street": "4034 S MILWAUKEE AVE", "ward": "34", "segment_id": "3", "data_tier": "real"}}, {"type": "Feature", "geometry": {"type": "Point", "coordinates": [-87.628715, 41.886144]}, "properties": {"crash_id": "FIXTURECRASH01193", "date": "2021-03-26T07:04:00", "injury_severity": "none", "dooring": false, "hit_and_run": true, "crash_type": "FIXED OBJECT", "lighting": "DUSK", "street": "524 W DEARBORN ST", "ward": "34", "segment_id": "93", "data_tier": "real"}}, {"type": "Feature", "geometry": {"type": "Point", "coordinates": [-87.775501, 41.772853]}, "properties": {"crash_id": "FIXTURECRASH01194", "date": "2018-08-19T18:48:00", "injury_severity": "none", "dooring": false, "hit_and_run": false, "crash_type": "PEDALCYCLIST", "lighting": "DAYLIGHT", "street": "4882 N RANDOM ST", "ward": "17", "segment_id": null, "data_tier": "real"}}, {"type": "Feature", "geometry": {"type": "Point", "coordinates": [-87.647534, 41.941884]}, "properties": {"crash_id": "FIXTURECRASH01195", "date": "2021-02-23T08:54:00", "injury_severity": "reported_not_evident", "dooring": false, "hit_and_run": false, "crash_type": "REAR END", "lighting": "DAYLIGHT", "street": "3736 W CLARK ST", "ward": "39", "segment_id": "82", "data_tier": "real"}}, {"type": "Feature", "geometry": {"type": "Point", "coordinates": [-87.658506, 41.794899]}, "properties": {"crash_id": "FIXTURECRASH01196", "date": "2024-06-27T02:50:00", "injury_severity": "reported_not_evident", "dooring": false, "hit_and_run": false, "crash_type": "FIXED OBJECT", "lighting": "DARKNESS, LIGHTED ROAD", "street": "2057 S 55TH ST", "ward": "23", "segment_id": "136", "data_tier": "real"}}, {"type": "Feature", "geometry": {"type": "Point", "coordinates": [-87.64457, 41.935535]}, "properties": {"crash_id": "FIXTURECRASH01197", "date": "2023-12-05T11:32:00", "injury_severity": "fatal", "dooring": false, "hit_and_run": false, "crash_type": "REAR END", "lighting": "DAYLIGHT", "street": "3801 E CLARK ST", "ward": "39", "segment_id": "81", "data_tier": "real"}}, {"type": "Feature", "geometry": {"type": "Point", "coordinates": [-87.677569, 41.927215]}, "properties": {"crash_id": "FIXTURECRASH01198", "date": "2022-12-20T00:03:00", "injury_severity": "non_incapacitating", "dooring": true, "hit_and_run": false, "crash_type": "ANGLE", "lighting": "DAYLIGHT", "street": "1060 E DAMEN AVE", "ward": "38", "segment_id": "39", "data_tier": "real"}}, {"type": "Feature", "geometry": {"type": "Point", "coordinates": [-87.660219, 41.898925]}, "properties": {"crash_id": "FIXTURECRASH01199", "date": "2022-01-30T05:49:00", "injury_severity": "none", "dooring": false, "hit_and_run": false, "crash_type": "ANGLE", "lighting": "DARKNESS, LIGHTED ROAD", "street": "5707 E AUGUSTA BLVD", "ward": "33", "segment_id": "141", "data_tier": "real"}}]}