{"type": "FeatureCollection", "properties": {"data_tier": "mock", "note": "Synthetic demonstration data. NOT real reports. Schema mirrors Bike Lane Uprising's public submission fields; category enum is a placeholder."}, "features": [{"type": "Feature", "geometry": {"type": "Point", "coordinates": [-87.67674861443892, 41.88825095470892]}, "properties": {"id": "MOCK-000001", "obstruction_type": "poor_design", "photo_count": 3, "plate_state": "IL", "plate_number": null, "company_name": "Placeholder Logistics", "notes": "Partially blocking lane", "metro_city": "Chicago", "occurred_at": "2026-06-18T18:34:00", "crash_occurred": false, "data_tier": "mock", "lat": 41.88825095470892, "lng": -87.67674861443892}}, {"type": "Feature", "geometry": {"type": "Point", "coordinates": [-87.75524004490822, 41.95713772922451]}, "properties": {"id": "MOCK-000002", "obstruction_type": "construction", "photo_count": 2, "plate_state": "WI", "plate_number": null, "company_name": "Mock Transport Inc.", "notes": "Observed during rush hour", "metro_city": "Chicago", "occurred_at": "2025-04-21T08:51:00", "crash_occurred": false, "data_tier": "mock", "lat": 41.95713772922451, "lng": -87.75524004490822}}, {"type": "Feature", "geometry": {"type": "Point", "coordinates": [-87.672109374695, 41.91226001269275]}, "properties": {"id": "MOCK-000003", "obstruction_type": "poor_design", "photo_count": 2, "plate_state": "OH", "plate_number": null, "company_name": "Generic Delivery Co.", "notes": "Observed during rush hour", "metro_city": "Chicago", "occurred_at": "2025-09-07T07:55:00", "crash_occurred": false, "data_tier": "mock", "lat": 41.91226001269275, "lng": -87.672109374695}}, {"type": "Feature", "geometry": {"type": "Point", "coordinates": [-87.6632872268135, 41.89937672302229]}, "properties": {"id": "MOCK-000004", "obstruction_type": "snow_ice", "photo_count": 5, "plate_state": "unknown", "plate_number": null, "company_name": "Placeholder Logistics", "notes": "Safety concern", "metro_city": "Chicago", "occurred_at": "2025-09-24T18:44:00", "crash_occurred": false, "data_tier": "mock", "lat": 41.89937672302229, "lng": -87.6632872268135}}, {"type": "Feature", "geometry": {"type": "Point", "coordinates": [-87.58629387837335, 41.740106237305234]}, "properties": {"id": "MOCK-000005", "obstruction_type": "construction", "photo_count": 2, "plate_state": "IL", "plate_number": null, "company_name": "Mock Transport Inc.", "notes": "Partially blocking lane", "metro_city": "Chicago", "occurred_at": "2026-06-12T14:09:00", "crash_occurred": false, "data_tier": "mock", "lat": 41.740106237305234, "lng": -87.58629387837335}}, {"type": "Feature", "geometry": {"type": "Point", "coordinates": [-87.75016242554884, 41.954106046174175]}, "properties": {"id": "MOCK-000006", "obstruction_type": "debris", "photo_count": 1, "plate_state": "IN", "plate_number": "MOCK193", "company_name": "Generic Delivery Co.", "notes": "Observed during rush hour", "metro_city": "Chicago", "occurred_at": "2025-06-22T13:38:00", "crash_occurred": false, "data_tier": "mock", "lat": 41.954106046174175, "lng": -87.75016242554884}}, {"type": "Feature", "geometry": {"type": "Point", "coordinates": [-87.62906495990248, 41.89103240462718]}, "properties": {"id": "MOCK-000007", "obstruction_type": "vehicle_in_lane", "photo_count": 5, "plate_state": "unknown", "plate_number": null, "company_name": "Mock Transport Inc.", "notes": "Parked incorrectly", "metro_city": "Chicago", "occurred_at": "2025-12-31T09:56:00", "crash_occurred": false, "data_tier": "mock", "lat": 41.89103240462718, "lng": -87.62906495990248}}, {"type": "Feature", "geometry": {"type": "Point", "coordinates": [-87.62685718072241, 41.73356575467673]}, "properties": {"id": "MOCK-000008", "obstruction_type": "debris", "photo_count": 5, "plate_state": "OH", "plate_number": "MOCK256", "company_name": "Mock Transport Inc.", "notes": "Partially blocking lane", "metro_city": "Chicago", "occurred_at": "2025-01-17T08:56:00", "crash_occurred": false, "data_tier": "mock", "lat": 41.73356575467673, "lng": -87.62685718072241}}, {"type": "Feature", "geometry": {"type": "Point", "coordinates": [-87.63301020852775, 41.90464699479729]}, "properties": {"id": "MOCK-000009", "obstruction_type": "vehicle_in_lane", "photo_count": 5, "plate_state": "MI", "plate_number": "MOCK878", "company_name": "Placeholder Logistics", "notes": "Partially blocking lane", "metro_city": "Chicago", "occurred_at": "2026-05-18T18:27:00", "crash_occurred": false, "data_tier": "mock", "lat": 41.90464699479729, "lng": -87.63301020852775}}, {"type": "Feature", "geometry": {"type": "Point", "coordinates": [-87.61651779574039, 41.773368522142185]}, "properties": {"id": "MOCK-000010", "obstruction_type": "snow_ice", "photo_count": 5, "plate_state": "WI", "plate_number": "MOCK629", "company_name": null, "notes": "Observed during rush hour", "metro_city": "Chicago", "occurred_at": "2025-09-26T07:00:00", "crash_occurred": false, "data_tier": "mock", "lat": 41.773368522142185, "lng": -87.61651779574039}}, {"type": "Feature", "geometry": {"type": "Point", "coordinates": [-87.63446535208952, 41.90885636758652]}, "properties": {"id": "MOCK-000011", "obstruction_type": "delivery_vehicle", "photo_count": 2, "plate_state": "unknown", "plate_number": "MOCK652", "company_name": "Placeholder Logistics", "notes": "Parked incorrectly", "metro_city": "Chicago", "occurred_at": "2026-05-15T09:27:00", "crash_occurred": false, "data_tier": "mock", "lat": 41.90885636758652, "lng": -87.63446535208952}}, {"type": "Feature", "geometry": {"type": "Point", "coordinates": [-87.67200818998816, 41.93547770020507]}, "properties": {"id": "MOCK-000012", "obstruction_type": "construction", "photo_count": 5, "plate_state": "WI", "plate_number": "MOCK211", "company_name": "Placeholder Logistics", "notes": "Partially blocking lane", "metro_city": "Chicago", "occurred_at": "2025-07-30T08:15:00", "crash_occurred": false, "data_tier": "mock", "lat": 41.93547770020507, "lng": -87.67200818998816}}, {"type": "Feature", "geometry": {"type": "Point", "coordinates": [-87.67200155179003, 41.88983956612749]}, "properties": {"id": "MOCK-000013", "obstruction_type": "vehicle_in_lane", "photo_count": 1, "plate_state": "IN", "plate_number": "MOCK592", "company_name": "Placeholder Logistics", "notes": "Bike lane obstruction", "metro_city": "Chicago", "occurred_at": "2025-03-18T08:18:00", "crash_occurred": false, "data_tier": "mock", "lat": 41.88983956612749, "lng": -87.67200155179003}}, {"type": "Feature", "geometry": {"type": "Point", "coordinates": [-87.62010270718118, 41.75998458954461]}, "properties": {"id": "MOCK-000014", "obstruction_type": "debris", "photo_count": 1, "plate_state": "IL", "plate_number": "MOCK655", "company_name": "Generic Delivery Co.", "notes": "Parked incorrectly", "metro_city": "Chicago", "occurred_at": "2025-12-04T18:10:00", "crash_occurred": false, "data_tier": "mock", "lat": 41.75998458954461, "lng": -87.62010270718118}}, {"type": "Feature", "geometry": {"type": "Point", "coordinates": [-87.58615229735578, 41.74892379549929]}, "properties": {"id": "MOCK-000015", "obstruction_type": "delivery_vehicle", "photo_count": 3, "plate_state": "IL", "plate_number": "MOCK683", "company_name": "Placeholder Logistics", "notes": "Safety concern", "metro_city": "Chicago", "occurred_at": "2025-02-26T18:20:00", "crash_occurred": false, "data_tier": "mock", "lat": 41.74892379549929, "lng": -87.58615229735578}}, {"type": "Feature", "geometry": {"type": "Point", "coordinates": [-87.67188088961686, 41.905704120673576]}, "properties": {"id": "MOCK-000016", "obstruction_type": "debris", "photo_count": 3, "plate_state": "WI", "plate_number": "MOCK174", "company_name": "Generic Delivery Co.", "notes": "Bike lane obstruction", "metro_city": "Chicago", "occurred_at": "2025-04-29T08:56:00", "crash_occurred": false, "data_tier": "mock", "lat": 41.905704120673576, "lng": -87.67188088961686}}, {"type": "Feature", "geometry": {"type": "Point", "coordinates": [-87.66374411463049, 41.899605531335126]}, "properties": {"id": "MOCK-000017", "obstruction_type": "poor_design", "photo_count": 5, "plate_state": "OH", "plate_number": null, "company_name": "Mock Transport Inc.", "notes": "Parked incorrectly", "metro_city": "Chicago", "occurred_at": "2025-05-03T07:47:00", "crash_occurred": false, "data_tier": "mock", "lat": 41.899605531335126, "lng": -87.66374411463049}}, {"type": "Feature", "geometry": {"type": "Point", "coordinates": [-87.67868857749949, 41.97277232457851]}, "properties": {"id": "MOCK-000018", "obstruction_type": "debris", "photo_count": 4, "plate_state": "MI", "plate_number": null, "company_name": "Generic Delivery Co.", "notes": "Observed during rush hour", "metro_city": "Chicago", "occurred_at": "2026-03-26T07:40:00", "crash_occurred": false, "data_tier": "mock", "lat": 41.97277232457851, "lng": -87.67868857749949}}, {"type": "Feature", "geometry": {"type": "Point", "coordinates": [-87.62898892505004, 41.89306004461552]}, "properties": {"id": "MOCK-000019", "obstruction_type": "vehicle_in_lane", "photo_count": 5, "plate_state": "IN", "plate_number": "MOCK954", "company_name": "Mock Transport Inc.", "notes": "Safety concern", "metro_city": "Chicago", "occurred_at": "2025-06-17T07:57:00", "crash_occurred": false, "data_tier": "mock", "lat": 41.89306004461552, "lng": -87.62898892505004}}, {"type": "Feature", "geometry": {"type": "Point", "coordinates": [-87.67236911144757, 41.89192762297888]}, "properties": {"id": "MOCK-000020", "obstruction_type": "construction", "photo_count": 4, "plate_state": "unknown", "plate_number": null, "company_name": "Placeholder Logistics", "notes": "Partially blocking lane", "metro_city": "Chicago", "occurred_at": "2025-07-17T17:50:00", "crash_occurred": false, "data_tier": "mock", "lat": 41.89192762297888, "lng": -87.67236911144757}}, {"type": "Feature", "geometry": {"type": "Point", "coordinates": [-87.58576368452569, 41.75602221746649]}, "properties": {"id": "MOCK-000021", "obstruction_type": "construction", "photo_count": 0, "plate_state": "MI", "plate_number": null, "company_name": null, "notes": "Creates hazard for cyclists", "metro_city": "Chicago", "occurred_at": "2025-11-25T07:01:00", "crash_occurred": false, "data_tier": "mock", "lat": 41.75602221746649, "lng": -87.58576368452569}}, {"type": "Feature", "geometry": {"type": "Point", "coordinates": [-87.65050797402246, 41.88985908884706]}, "properties": {"id": "MOCK-000022", "obstruction_type": "snow_ice", "photo_count": 4, "plate_state": "WI", "plate_number": "MOCK218", "company_name": "Mock Transport Inc.", "notes": "Partially blocking lane", "metro_city": "Chicago", "occurred_at": "2025-10-15T08:27:00", "crash_occurred": false, "data_tier": "mock", "lat": 41.88985908884706, "lng": -87.65050797402246}}, {"type": "Feature", "geometry": {"type": "Point", "coordinates": [-87.62878353024662, 41.905078466256]}, "properties": {"id": "MOCK-000023", "obstruction_type": "vehicle_in_lane", "photo_count": 4, "plate_state": "OH", "plate_number": "MOCK859", "company_name": "Placeholder Logistics", "notes": "Creates hazard for cyclists", "metro_city": "Chicago", "occurred_at": "2026-04-03T10:39:00", "crash_occurred": false, "data_tier": "mock", "lat": 41.905078466256, "lng": -87.62878353024662}}, {"type": "Feature", "geometry": {"type": "Point", "coordinates": [-87.68482745005389, 41.81847916494598]}, "properties": {"id": "MOCK-000024", "obstruction_type": "construction", "photo_count": 5, "plate_state": "WI", "plate_number": "MOCK296", "company_name": null, "notes": "Parked incorrectly", "metro_city": "Chicago", "occurred_at": "2026-02-09T19:36:00", "crash_occurred": false, "data_tier": "mock", "lat": 41.81847916494598, "lng": -87.68482745005389}}, {"type": "Feature", "geometry": {"type": "Point", "coordinates": [-87.68028296031052, 41.912285832234616]}, "properties": {"id": "MOCK-000025", "obstruction_type": "poor_design", "photo_count": 5, "plate_state": "WI", "plate_number": "MOCK552", "company_name": "Placeholder Logistics", "notes": "Safety concern", "metro_city": "Chicago", "occurred_at": "2026-05-16T23:10:00", "crash_occurred": false, "data_tier": "mock", "lat": 41.912285832234616, "lng": -87.68028296031052}}, {"type": "Feature", "geometry": {"type": "Point", "coordinates": [-87.64865967544168, 41.88831881659678]}, "properties": {"id": "MOCK-000026", "obstruction_type": "delivery_vehicle", "photo_count": 1, "plate_state": "IL", "plate_number": null, "company_name": null, "notes": "Safety concern", "metro_city": "Chicago", "occurred_at": "2025-04-01T18:12:00", "crash_occurred": false, "data_tier": "mock", "lat": 41.88831881659678, "lng": -87.64865967544168}}, {"type": "Feature", "geometry": {"type": "Point", "coordinates": [-87.62901585435873, 41.87460747596946]}, "properties": {"id": "MOCK-000027", "obstruction_type": "other", "photo_count": 0, "plate_state": "MI", "plate_number": null, "company_name": null, "notes": "Observed during rush hour", "metro_city": "Chicago", "occurred_at": "2025-09-29T08:42:00", "crash_occurred": false, "data_tier": "mock", "lat": 41.87460747596946, "lng": -87.62901585435873}}, {"type": "Feature", "geometry": {"type": "Point", "coordinates": [-87.72035083169648, 41.952612919927475]}, "properties": {"id": "MOCK-000028", "obstruction_type": "construction", "photo_count": 4, "plate_state": "MI", "plate_number": "MOCK861", "company_name": null, "notes": "Bike lane obstruction", "metro_city": "Chicago", "occurred_at": "2025-10-09T08:49:00", "crash_occurred": false, "data_tier": "mock", "lat": 41.952612919927475, "lng": -87.72035083169648}}, {"type": "Feature", "geometry": {"type": "Point", "coordinates": [-87.67703920598166, 41.90890204485552]}, "properties": {"id": "MOCK-000029", "obstruction_type": "debris", "photo_count": 2, "plate_state": "WI", "plate_number": "MOCK182", "company_name": "Placeholder Logistics", "notes": "Partially blocking lane", "metro_city": "Chicago", "occurred_at": "2025-09-10T08:26:00", "crash_occurred": false, "data_tier": "mock", "lat": 41.90890204485552, "lng": -87.67703920598166}}, {"type": "Feature", "geometry": {"type": "Point", "coordinates": [-87.67180143011579, 41.9008642036856]}, "properties": {"id": "MOCK-000030", "obstruction_type": "snow_ice", "photo_count": 0, "plate_state": "OH", "plate_number": "MOCK106", "company_name": "Mock Transport Inc.", "notes": "Creates hazard for cyclists", "metro_city": "Chicago", "occurred_at": "2026-02-20T13:34:00", "crash_occurred": false, "data_tier": "mock", "lat": 41.9008642036856, "lng": -87.67180143011579}}, {"type": "Feature", "geometry": {"type": "Point", "coordinates": [-87.68134832758645, 41.899027529967]}, "properties": {"id": "MOCK-000031", "obstruction_type": "vehicle_in_lane", "photo_count": 3, "plate_state": "WI", "plate_number": "MOCK917", "company_name": null, "notes": "Parked incorrectly", "metro_city": "Chicago", "occurred_at": "2025-07-05T19:34:00", "crash_occurred": true, "data_tier": "mock", "lat": 41.899027529967, "lng": -87.68134832758645}}, {"type": "Feature", "geometry": {"type": "Point", "coordinates": [-87.67184236447932, 41.89392284429106]}, "properties": {"id": "MOCK-000032", "obstruction_type": "delivery_vehicle", "photo_count": 0, "plate_state": "WI", "plate_number": "MOCK316", "company_name": null, "notes": "Creates hazard for cyclists", "metro_city": "Chicago", "occurred_at": "2025-12-28T17:16:00", "crash_occurred": false, "data_tier": "mock", "lat": 41.89392284429106, "lng": -87.67184236447932}}, {"type": "Feature", "geometry": {"type": "Point", "coordinates": [-87.67225554125676, 41.90777875663082]}, "properties": {"id": "MOCK-000033", "obstruction_type": "snow_ice", "photo_count": 0, "plate_state": "IL", "plate_number": "MOCK304", "company_name": "Generic Delivery Co.", "notes": "Safety concern", "metro_city": "Chicago", "occurred_at": "2025-06-21T17:44:00", "crash_occurred": false, "data_tier": "mock", "lat": 41.90777875663082, "lng": -87.67225554125676}}, {"type": "Feature", "geometry": {"type": "Point", "coordinates": [-87.67197406197894, 41.896482247526095]}, "properties": {"id": "MOCK-000034", "obstruction_type": "debris", "photo_count": 4, "plate_state": "unknown", "plate_number": "MOCK484", "company_name": null, "notes": "Parked incorrectly", "metro_city": "Chicago", "occurred_at": "2025-08-08T20:15:00", "crash_occurred": false, "data_tier": "mock", "lat": 41.896482247526095, "lng": -87.67197406197894}}, {"type": "Feature", "geometry": {"type": "Point", "coordinates": [-87.58630293243297, 41.79008216346634]}, "properties": {"id": "MOCK-000035", "obstruction_type": "poor_design", "photo_count": 0, "plate_state": "WI", "plate_number": "MOCK777", "company_name": "Mock Transport Inc.", "notes": "Observed during rush hour", "metro_city": "Chicago", "occurred_at": "2026-06-19T08:06:00", "crash_occurred": false, "data_tier": "mock", "lat": 41.79008216346634, "lng": -87.58630293243297}}, {"type": "Feature", "geometry": {"type": "Point", "coordinates": [-87.62888386610636, 41.89287546125598]}, "properties": {"id": "MOCK-000036", "obstruction_type": "snow_ice", "photo_count": 2, "plate_state": "OH", "plate_number": "MOCK651", "company_name": null, "notes": "Bike lane obstruction", "metro_city": "Chicago", "occurred_at": "2026-04-08T07:53:00", "crash_occurred": false, "data_tier": "mock", "lat": 41.89287546125598, "lng": -87.62888386610636}}, {"type": "Feature", "geometry": {"type": "Point", "coordinates": [-87.62911422411045, 41.87674189441875]}, "properties": {"id": "MOCK-000037", "obstruction_type": "debris", "photo_count": 0, "plate_state": "MI", "plate_number": "MOCK286", "company_name": null, "notes": "Partially blocking lane", "metro_city": "Chicago", "occurred_at": "2026-01-15T18:56:00", "crash_occurred": false, "data_tier": "mock", "lat": 41.87674189441875, "lng": -87.62911422411045}}, {"type": "Feature", "geometry": {"type": "Point", "coordinates": [-87.67646675827532, 41.87910126664338]}, "properties": {"id": "MOCK-000038", "obstruction_type": "other", "photo_count": 1, "plate_state": "unknown", "plate_number": "MOCK828", "company_name": null, "notes": "Bike lane obstruction", "metro_city": "Chicago", "occurred_at": "2025-02-03T17:42:00", "crash_occurred": false, "data_tier": "mock", "lat": 41.87910126664338, "lng": -87.67646675827532}}, {"type": "Feature", "geometry": {"type": "Point", "coordinates": [-87.70165250668339, 41.925480759372505]}, "properties": {"id": "MOCK-000039", "obstruction_type": "construction", "photo_count": 2, "plate_state": "WI", "plate_number": null, "company_name": "Generic Delivery Co.", "notes": "Parked incorrectly", "metro_city": "Chicago", "occurred_at": "2025-08-02T22:11:00", "crash_occurred": false, "data_tier": "mock", "lat": 41.925480759372505, "lng": -87.70165250668339}}, {"type": "Feature", "geometry": {"type": "Point", "coordinates": [-87.62903233367537, 41.89785486886485]}, "properties": {"id": "MOCK-000040", "obstruction_type": "debris", "photo_count": 0, "plate_state": "IN", "plate_number": null, "company_name": "Mock Transport Inc.", "notes": "Partially blocking lane", "metro_city": "Chicago", "occurred_at": "2025-11-21T18:18:00", "crash_occurred": false, "data_tier": "mock", "lat": 41.89785486886485, "lng": -87.62903233367537}}, {"type": "Feature", "geometry": {"type": "Point", "coordinates": [-87.62909141738984, 41.86986443064935]}, "properties": {"id": "MOCK-000041", "obstruction_type": "construction", "photo_count": 2, "plate_state": "IN", "plate_number": "MOCK358", "company_name": null, "notes": "Observed during rush hour", "metro_city": "Chicago", "occurred_at": "2025-03-24T16:09:00", "crash_occurred": false, "data_tier": "mock", "lat": 41.86986443064935, "lng": -87.62909141738984}}, {"type": "Feature", "geometry": {"type": "Point", "coordinates": [-87.62879155628428, 41.87016854893911]}, "properties": {"id": "MOCK-000042", "obstruction_type": "poor_design", "photo_count": 4, "plate_state": "OH", "plate_number": null, "company_name": null, "notes": "Bike lane obstruction", "metro_city": "Chicago", "occurred_at": "2026-04-15T09:39:00", "crash_occurred": false, "data_tier": "mock", "lat": 41.87016854893911, "lng": -87.62879155628428}}, {"type": "Feature", "geometry": {"type": "Point", "coordinates": [-87.67665489884793, 41.90200453634226]}, "properties": {"id": "MOCK-000043", "obstruction_type": "delivery_vehicle", "photo_count": 1, "plate_state": "IN", "plate_number": "MOCK260", "company_name": "Generic Delivery Co.", "notes": "Bike lane obstruction", "metro_city": "Chicago", "occurred_at": "2026-04-23T08:45:00", "crash_occurred": false, "data_tier": "mock", "lat": 41.90200453634226, "lng": -87.67665489884793}}, {"type": "Feature", "geometry": {"type": "Point", "coordinates": [-87.67888594616063, 41.966080235401726]}, "properties": {"id": "MOCK-000044", "obstruction_type": "snow_ice", "photo_count": 4, "plate_state": "unknown", "plate_number": "MOCK302", "company_name": null, "notes": "Observed during rush hour", "metro_city": "Chicago", "occurred_at": "2025-09-04T04:04:00", "crash_occurred": false, "data_tier": "mock", "lat": 41.966080235401726, "lng": -87.67888594616063}}, {"type": "Feature", "geometry": {"type": "Point", "coordinates": [-87.7339386670851, 41.89912750930877]}, "properties": {"id": "MOCK-000045", "obstruction_type": "construction", "photo_count": 5, "plate_state": "WI", "plate_number": "MOCK378", "company_name": null, "notes": "Bike lane obstruction", "metro_city": "Chicago", "occurred_at": "2025-04-09T23:20:00", "crash_occurred": false, "data_tier": "mock", "lat": 41.89912750930877, "lng": -87.7339386670851}}, {"type": "Feature", "geometry": {"type": "Point", "coordinates": [-87.67888888014637, 41.97041122336647]}, "properties": {"id": "MOCK-000046", "obstruction_type": "other", "photo_count": 5, "plate_state": "WI", "plate_number": "MOCK881", "company_name": "Placeholder Logistics", "notes": "Bike lane obstruction", "metro_city": "Chicago", "occurred_at": "2026-07-02T05:37:00", "crash_occurred": false, "data_tier": "mock", "lat": 41.97041122336647, "lng": -87.67888888014637}}, {"type": "Feature", "geometry": {"type": "Point", "coordinates": [-87.67793492681929, 41.940661413911094]}, "properties": {"id": "MOCK-000047", "obstruction_type": "vehicle_in_lane", "photo_count": 1, "plate_state": "WI", "plate_number": "MOCK607", "company_name": "Mock Transport Inc.", "notes": "Parked incorrectly", "metro_city": "Chicago", "occurred_at": "2026-03-03T08:16:00", "crash_occurred": false, "data_tier": "mock", "lat": 41.940661413911094, "lng": -87.67793492681929}}, {"type": "Feature", "geometry": {"type": "Point", "coordinates": [-87.62315544090778, 41.88736524016653]}, "properties": {"id": "MOCK-000048", "obstruction_type": "construction", "photo_count": 0, "plate_state": "IN", "plate_number": "MOCK737", "company_name": null, "notes": "Parked incorrectly", "metro_city": "Chicago", "occurred_at": "2026-04-14T17:28:00", "crash_occurred": false, "data_tier": "mock", "lat": 41.88736524016653, "lng": -87.62315544090778}}, {"type": "Feature", "geometry": {"type": "Point", "coordinates": [-87.67227135421683, 41.93548129400338]}, "properties": {"id": "MOCK-000049", "obstruction_type": "debris", "photo_count": 4, "plate_state": "IL", "plate_number": "MOCK195", "company_name": "Placeholder Logistics", "notes": "Observed during rush hour", "metro_city": "Chicago", "occurred_at": "2026-05-04T04:31:00", "crash_occurred": false, "data_tier": "mock", "lat": 41.93548129400338, "lng": -87.67227135421683}}, {"type": "Feature", "geometry": {"type": "Point", "coordinates": [-87.6991834266076, 41.92426661126494]}, "properties": {"id": "MOCK-000050", "obstruction_type": "poor_design", "photo_count": 1, "plate_state": "MI", "plate_number": null, "company_name": "Placeholder Logistics", "notes": "Observed during rush hour", "metro_city": "Chicago", "occurred_at": "2025-10-26T10:59:00", "crash_occurred": false, "data_tier": "mock", "lat": 41.92426661126494, "lng": -87.6991834266076}}, {"type": "Feature", "geometry": {"type": "Point", "coordinates": [-87.67177035137921, 41.90786284452367]}, "properties": {"id": "MOCK-000051", "obstruction_type": "snow_ice", "photo_count": 3, "plate_state": "IN", "plate_number": "MOCK595", "company_name": "Mock Transport Inc.", "notes": "Creates hazard for cyclists", "metro_city": "Chicago", "occurred_at": "2026-02-07T09:15:00", "crash_occurred": false, "data_tier": "mock", "lat": 41.90786284452367, "lng": -87.67177035137921}}, {"type": "Feature", "geometry": {"type": "Point", "coordinates": [-87.62928268696344, 41.87230068675427]}, "properties": {"id": "MOCK-000052", "obstruction_type": "other", "photo_count": 3, "plate_state": "MI", "plate_number": "MOCK911", "company_name": "Placeholder Logistics", "notes": "Bike lane obstruction", "metro_city": "Chicago", "occurred_at": "2025-02-22T08:06:00", "crash_occurred": false, "data_tier": "mock", "lat": 41.87230068675427, "lng": -87.62928268696344}}, {"type": "Feature", "geometry": {"type": "Point", "coordinates": [-87.67783949222219, 41.933965243601655]}, "properties": {"id": "MOCK-000053", "obstruction_type": "other", "photo_count": 2, "plate_state": "WI", "plate_number": "MOCK507", "company_name": "Generic Delivery Co.", "notes": "Creates hazard for cyclists", "metro_city": "Chicago", "occurred_at": "2026-02-10T15:55:00", "crash_occurred": false, "data_tier": "mock", "lat": 41.933965243601655, "lng": -87.67783949222219}}, {"type": "Feature", "geometry": {"type": "Point", "coordinates": [-87.64654616350018, 41.939702961751976]}, "properties": {"id": "MOCK-000054", "obstruction_type": "vehicle_in_lane", "photo_count": 5, "plate_state": "unknown", "plate_number": "MOCK554", "company_name": "Placeholder Logistics", "notes": "Parked incorrectly", "metro_city": "Chicago", "occurred_at": "2025-11-19T17:22:00", "crash_occurred": false, "data_tier": "mock", "lat": 41.939702961751976, "lng": -87.64654616350018}}, {"type": "Feature", "geometry": {"type": "Point", "coordinates": [-87.6291065768085, 41.893098637097026]}, "properties": {"id": "MOCK-000055", "obstruction_type": "vehicle_in_lane", "photo_count": 4, "plate_state": "MI", "plate_number": "MOCK346", "company_name": null, "notes": "Safety concern", "metro_city": "Chicago", "occurred_at": "2025-06-12T14:16:00", "crash_occurred": false, "data_tier": "mock", "lat": 41.893098637097026, "lng": -87.6291065768085}}, {"type": "Feature", "geometry": {"type": "Point", "coordinates": [-87.65848200372352, 41.88894946009636]}, "properties": {"id": "MOCK-000056", "obstruction_type": "debris", "photo_count": 4, "plate_state": "WI", "plate_number": "MOCK534", "company_name": "Mock Transport Inc.", "notes": "Bike lane obstruction", "metro_city": "Chicago", "occurred_at": "2025-11-21T09:22:00", "crash_occurred": false, "data_tier": "mock", "lat": 41.88894946009636, "lng": -87.65848200372352}}, {"type": "Feature", "geometry": {"type": "Point", "coordinates": [-87.62898594854985, 41.87460175410544]}, "properties": {"id": "MOCK-000057", "obstruction_type": "other", "photo_count": 5, "plate_state": "unknown", "plate_number": "MOCK720", "company_name": null, "notes": "Creates hazard for cyclists", "metro_city": "Chicago", "occurred_at": "2025-09-09T18:16:00", "crash_occurred": false, "data_tier": "mock", "lat": 41.87460175410544, "lng": -87.62898594854985}}, {"type": "Feature", "geometry": {"type": "Point", "coordinates": [-87.67228249270472, 41.93063158000251]}, "properties": {"id": "MOCK-000058", "obstruction_type": "snow_ice", "photo_count": 0, "plate_state": "WI", "plate_number": "MOCK134", "company_name": "Mock Transport Inc.", "notes": "Parked incorrectly", "metro_city": "Chicago", "occurred_at": "2025-05-30T05:12:00", "crash_occurred": false, "data_tier": "mock", "lat": 41.93063158000251, "lng": -87.67228249270472}}, {"type": "Feature", "geometry": {"type": "Point", "coordinates": [-87.72817656728726, 41.95971727274897]}, "properties": {"id": "MOCK-000059", "obstruction_type": "debris", "photo_count": 3, "plate_state": "WI", "plate_number": "MOCK446", "company_name": "Generic Delivery Co.", "notes": "Bike lane obstruction", "metro_city": "Chicago", "occurred_at": "2025-04-04T21:46:00", "crash_occurred": false, "data_tier": "mock", "lat": 41.95971727274897, "lng": -87.72817656728726}}, {"type": "Feature", "geometry": {"type": "Point", "coordinates": [-87.65066221050232, 41.890121025798166]}, "properties": {"id": "MOCK-000060", "obstruction_type": "construction", "photo_count": 2, "plate_state": "unknown", "plate_number": "MOCK368", "company_name": null, "notes": "Parked incorrectly", "metro_city": "Chicago", "occurred_at": "2026-01-30T17:20:00", "crash_occurred": false, "data_tier": "mock", "lat": 41.890121025798166, "lng": -87.65066221050232}}, {"type": "Feature", "geometry": {"type": "Point", "coordinates": [-87.67208282965537, 41.93322127534189]}, "properties": {"id": "MOCK-000061", "obstruction_type": "construction", "photo_count": 0, "plate_state": "IN", "plate_number": null, "company_name": "Generic Delivery Co.", "notes": "Creates hazard for cyclists", "metro_city": "Chicago", "occurred_at": "2026-06-05T17:29:00", "crash_occurred": false, "data_tier": "mock", "lat": 41.93322127534189, "lng": -87.67208282965537}}, {"type": "Feature", "geometry": {"type": "Point", "coordinates": [-87.70510461808159, 41.807937385564095]}, "properties": {"id": "MOCK-000062", "obstruction_type": "construction", "photo_count": 5, "plate_state": "IL", "plate_number": "MOCK730", "company_name": null, "notes": "Creates hazard for cyclists", "metro_city": "Chicago", "occurred_at": "2025-02-19T07:54:00", "crash_occurred": false, "data_tier": "mock", "lat": 41.807937385564095, "lng": -87.70510461808159}}, {"type": "Feature", "geometry": {"type": "Point", "coordinates": [-87.73185833188793, 41.96291432263234]}, "properties": {"id": "MOCK-000063", "obstruction_type": "delivery_vehicle", "photo_count": 0, "plate_state": "MI", "plate_number": null, "company_name": "Placeholder Logistics", "notes": "Parked incorrectly", "metro_city": "Chicago", "occurred_at": "2025-02-07T18:13:00", "crash_occurred": false, "data_tier": "mock", "lat": 41.96291432263234, "lng": -87.73185833188793}}, {"type": "Feature", "geometry": {"type": "Point", "coordinates": [-87.64114517211381, 41.926434512986255]}, "properties": {"id": "MOCK-000064", "obstruction_type": "poor_design", "photo_count": 0, "plate_state": "WI", "plate_number": "MOCK248", "company_name": "Placeholder Logistics", "notes": "Safety concern", "metro_city": "Chicago", "occurred_at": "2025-09-30T16:00:00", "crash_occurred": false, "data_tier": "mock", "lat": 41.926434512986255, "lng": -87.64114517211381}}, {"type": "Feature", "geometry": {"type": "Point", "coordinates": [-87.69071643766836, 41.89902025686702]}, "properties": {"id": "MOCK-000065", "obstruction_type": "snow_ice", "photo_count": 3, "plate_state": "OH", "plate_number": null, "company_name": "Generic Delivery Co.", "notes": "Bike lane obstruction", "metro_city": "Chicago", "occurred_at": "2026-04-21T09:14:00", "crash_occurred": false, "data_tier": "mock", "lat": 41.89902025686702, "lng": -87.69071643766836}}, {"type": "Feature", "geometry": {"type": "Point", "coordinates": [-87.70648104651752, 41.92851318922778]}, "properties": {"id": "MOCK-000066", "obstruction_type": "construction", "photo_count": 3, "plate_state": "MI", "plate_number": "MOCK602", "company_name": null, "notes": "Observed during rush hour", "metro_city": "Chicago", "occurred_at": "2025-04-09T09:40:00", "crash_occurred": false, "data_tier": "mock", "lat": 41.92851318922778, "lng": -87.70648104651752}}, {"type": "Feature", "geometry": {"type": "Point", "coordinates": [-87.63343763901858, 41.91826056586725]}, "properties": {"id": "MOCK-000067", "obstruction_type": "construction", "photo_count": 0, "plate_state": "unknown", "plate_number": null, "company_name": "Placeholder Logistics", "notes": "Bike lane obstruction", "metro_city": "Chicago", "occurred_at": "2026-04-24T17:26:00", "crash_occurred": false, "data_tier": "mock", "lat": 41.91826056586725, "lng": -87.63343763901858}}, {"type": "Feature", "geometry": {"type": "Point", "coordinates": [-87.73802594570485, 41.94704540288456]}, "properties": {"id": "MOCK-000068", "obstruction_type": "construction", "photo_count": 0, "plate_state": "IL", "plate_number": "MOCK195", "company_name": null, "notes": "Observed during rush hour", "metro_city": "Chicago", "occurred_at": "2026-02-02T18:35:00", "crash_occurred": false, "data_tier": "mock", "lat": 41.94704540288456, "lng": -87.73802594570485}}, {"type": "Feature", "geometry": {"type": "Point", "coordinates": [-87.73831339933693, 41.94724550575043]}, "properties": {"id": "MOCK-000069", "obstruction_type": "debris", "photo_count": 4, "plate_state": "WI", "plate_number": "MOCK691", "company_name": "Placeholder Logistics", "notes": "Partially blocking lane", "metro_city": "Chicago", "occurred_at": "2026-05-25T17:07:00", "crash_occurred": false, "data_tier": "mock", "lat": 41.94724550575043, "lng": -87.73831339933693}}, {"type": "Feature", "geometry": {"type": "Point", "coordinates": [-87.62227535259892, 41.75135684047107]}, "properties": {"id": "MOCK-000070", "obstruction_type": "poor_design", "photo_count": 5, "plate_state": "unknown", "plate_number": "MOCK723", "company_name": "Mock Transport Inc.", "notes": "Observed during rush hour", "metro_city": "Chicago", "occurred_at": "2025-07-19T11:00:00", "crash_occurred": false, "data_tier": "mock", "lat": 41.75135684047107, "lng": -87.62227535259892}}, {"type": "Feature", "geometry": {"type": "Point", "coordinates": [-87.62948265398919, 41.86997958384717]}, "properties": {"id": "MOCK-000071", "obstruction_type": "vehicle_in_lane", "photo_count": 5, "plate_state": "OH", "plate_number": null, "company_name": null, "notes": "Bike lane obstruction", "metro_city": "Chicago", "occurred_at": "2026-01-01T09:38:00", "crash_occurred": false, "data_tier": "mock", "lat": 41.86997958384717, "lng": -87.62948265398919}}, {"type": "Feature", "geometry": {"type": "Point", "coordinates": [-87.67860650492703, 41.95668975667683]}, "properties": {"id": "MOCK-000072", "obstruction_type": "snow_ice", "photo_count": 3, "plate_state": "MI", "plate_number": "MOCK524", "company_name": "Mock Transport Inc.", "notes": "Partially blocking lane", "metro_city": "Chicago", "occurred_at": "2026-06-25T09:37:00", "crash_occurred": false, "data_tier": "mock", "lat": 41.95668975667683, "lng": -87.67860650492703}}, {"type": "Feature", "geometry": {"type": "Point", "coordinates": [-87.67205138468864, 41.90590865193497]}, "properties": {"id": "MOCK-000073", "obstruction_type": "delivery_vehicle", "photo_count": 2, "plate_state": "IN", "plate_number": "MOCK882", "company_name": "Mock Transport Inc.", "notes": "Creates hazard for cyclists", "metro_city": "Chicago", "occurred_at": "2025-12-18T07:24:00", "crash_occurred": false, "data_tier": "mock", "lat": 41.90590865193497, "lng": -87.67205138468864}}, {"type": "Feature", "geometry": {"type": "Point", "coordinates": [-87.65072244564851, 41.889980135666185]}, "properties": {"id": "MOCK-000074", "obstruction_type": "vehicle_in_lane", "photo_count": 3, "plate_state": "IL", "plate_number": "MOCK689", "company_name": null, "notes": "Safety concern", "metro_city": "Chicago", "occurred_at": "2026-03-07T07:20:00", "crash_occurred": false, "data_tier": "mock", "lat": 41.889980135666185, "lng": -87.65072244564851}}, {"type": "Feature", "geometry": {"type": "Point", "coordinates": [-87.67981636508962, 41.88922111342781]}, "properties": {"id": "MOCK-000075", "obstruction_type": "delivery_vehicle", "photo_count": 3, "plate_state": "OH", "plate_number": "MOCK180", "company_name": null, "notes": "Creates hazard for cyclists", "metro_city": "Chicago", "occurred_at": "2025-12-30T02:32:00", "crash_occurred": false, "data_tier": "mock", "lat": 41.88922111342781, "lng": -87.67981636508962}}, {"type": "Feature", "geometry": {"type": "Point", "coordinates": [-87.65094922827903, 41.950700006099986]}, "properties": {"id": "MOCK-000076", "obstruction_type": "other", "photo_count": 1, "plate_state": "IN", "plate_number": null, "company_name": "Mock Transport Inc.", "notes": "Partially blocking lane", "metro_city": "Chicago", "occurred_at": "2025-07-13T20:04:00", "crash_occurred": false, "data_tier": "mock", "lat": 41.950700006099986, "lng": -87.65094922827903}}, {"type": "Feature", "geometry": {"type": "Point", "coordinates": [-87.66481259717887, 41.889009122916214]}, "properties": {"id": "MOCK-000077", "obstruction_type": "poor_design", "photo_count": 5, "plate_state": "unknown", "plate_number": "MOCK430", "company_name": "Mock Transport Inc.", "notes": "Partially blocking lane", "metro_city": "Chicago", "occurred_at": "2026-04-11T07:22:00", "crash_occurred": false, "data_tier": "mock", "lat": 41.889009122916214, "lng": -87.66481259717887}}, {"type": "Feature", "geometry": {"type": "Point", "coordinates": [-87.62889068089613, 41.869924761119215]}, "properties": {"id": "MOCK-000078", "obstruction_type": "snow_ice", "photo_count": 0, "plate_state": "OH", "plate_number": "MOCK493", "company_name": null, "notes": "Safety concern", "metro_city": "Chicago", "occurred_at": "2025-02-28T20:12:00", "crash_occurred": false, "data_tier": "mock", "lat": 41.869924761119215, "lng": -87.62889068089613}}, {"type": "Feature", "geometry": {"type": "Point", "coordinates": [-87.67596097000919, 41.877077531957184]}, "properties": {"id": "MOCK-000079", "obstruction_type": "debris", "photo_count": 5, "plate_state": "IL", "plate_number": "MOCK276", "company_name": "Generic Delivery Co.", "notes": "Partially blocking lane", "metro_city": "Chicago", "occurred_at": "2026-04-10T17:23:00", "crash_occurred": false, "data_tier": "mock", "lat": 41.877077531957184, "lng": -87.67596097000919}}, {"type": "Feature", "geometry": {"type": "Point", "coordinates": [-87.7404506836353, 41.94871336979428]}, "properties": {"id": "MOCK-000080", "obstruction_type": "debris", "photo_count": 0, "plate_state": "WI", "plate_number": null, "company_name": null, "notes": "Creates hazard for cyclists", "metro_city": "Chicago", "occurred_at": "2025-10-02T19:55:00", "crash_occurred": false, "data_tier": "mock", "lat": 41.94871336979428, "lng": -87.7404506836353}}, {"type": "Feature", "geometry": {"type": "Point", "coordinates": [-87.67755652878111, 41.92270437142264]}, "properties": {"id": "MOCK-000081", "obstruction_type": "construction", "photo_count": 1, "plate_state": "OH", "plate_number": "MOCK186", "company_name": "Mock Transport Inc.", "notes": "Safety concern", "metro_city": "Chicago", "occurred_at": "2026-02-06T09:53:00", "crash_occurred": false, "data_tier": "mock", "lat": 41.92270437142264, "lng": -87.67755652878111}}, {"type": "Feature", "geometry": {"type": "Point", "coordinates": [-87.59837088492745, 41.79492303407329]}, "properties": {"id": "MOCK-000082", "obstruction_type": "vehicle_in_lane", "photo_count": 2, "plate_state": "WI", "plate_number": null, "company_name": "Placeholder Logistics", "notes": "Creates hazard for cyclists", "metro_city": "Chicago", "occurred_at": "2026-05-29T04:04:00", "crash_occurred": false, "data_tier": "mock", "lat": 41.79492303407329, "lng": -87.59837088492745}}, {"type": "Feature", "geometry": {"type": "Point", "coordinates": [-87.67728411924702, 41.794855192915584]}, "properties": {"id": "MOCK-000083", "obstruction_type": "poor_design", "photo_count": 1, "plate_state": "OH", "plate_number": "MOCK266", "company_name": "Placeholder Logistics", "notes": "Parked incorrectly", "metro_city": "Chicago", "occurred_at": "2025-07-05T09:15:00", "crash_occurred": false, "data_tier": "mock", "lat": 41.794855192915584, "lng": -87.67728411924702}}, {"type": "Feature", "geometry": {"type": "Point", "coordinates": [-87.61708931135766, 41.77112110825034]}, "properties": {"id": "MOCK-000084", "obstruction_type": "other", "photo_count": 3, "plate_state": "IN", "plate_number": "MOCK684", "company_name": null, "notes": "Bike lane obstruction", "metro_city": "Chicago", "occurred_at": "2025-11-01T07:52:00", "crash_occurred": false, "data_tier": "mock", "lat": 41.77112110825034, "lng": -87.61708931135766}}, {"type": "Feature", "geometry": {"type": "Point", "coordinates": [-87.58628508533872, 41.75800852562622]}, "properties": {"id": "MOCK-000085", "obstruction_type": "poor_design", "photo_count": 0, "plate_state": "unknown", "plate_number": "MOCK971", "company_name": "Generic Delivery Co.", "notes": "Creates hazard for cyclists", "metro_city": "Chicago", "occurred_at": "2025-04-12T16:53:00", "crash_occurred": false, "data_tier": "mock", "lat": 41.75800852562622, "lng": -87.58628508533872}}, {"type": "Feature", "geometry": {"type": "Point", "coordinates": [-87.65581467579558, 41.9640969953153]}, "properties": {"id": "MOCK-000086", "obstruction_type": "construction", "photo_count": 4, "plate_state": "WI", "plate_number": null, "company_name": "Generic Delivery Co.", "notes": "Creates hazard for cyclists", "metro_city": "Chicago", "occurred_at": "2025-09-03T22:41:00", "crash_occurred": false, "data_tier": "mock", "lat": 41.9640969953153, "lng": -87.65581467579558}}, {"type": "Feature", "geometry": {"type": "Point", "coordinates": [-87.67209334640225, 41.90560051560894]}, "properties": {"id": "MOCK-000087", "obstruction_type": "snow_ice", "photo_count": 3, "plate_state": "MI", "plate_number": "MOCK181", "company_name": "Generic Delivery Co.", "notes": "Creates hazard for cyclists", "metro_city": "Chicago", "occurred_at": "2025-08-25T18:27:00", "crash_occurred": false, "data_tier": "mock", "lat": 41.90560051560894, "lng": -87.67209334640225}}, {"type": "Feature", "geometry": {"type": "Point", "coordinates": [-87.65256048647812, 41.8915594130825]}, "properties": {"id": "MOCK-000088", "obstruction_type": "poor_design", "photo_count": 3, "plate_state": "IL", "plate_number": null, "company_name": null, "notes": "Safety concern", "metro_city": "Chicago", "occurred_at": "2025-02-02T17:27:00", "crash_occurred": true, "data_tier": "mock", "lat": 41.8915594130825, "lng": -87.65256048647812}}, {"type": "Feature", "geometry": {"type": "Point", "coordinates": [-87.62919189491284, 41.87915012258582]}, "properties": {"id": "MOCK-000089", "obstruction_type": "debris", "photo_count": 0, "plate_state": "OH", "plate_number": "MOCK905", "company_name": "Generic Delivery Co.", "notes": "Bike lane obstruction", "metro_city": "Chicago", "occurred_at": "2026-05-13T09:01:00", "crash_occurred": false, "data_tier": "mock", "lat": 41.87915012258582, "lng": -87.62919189491284}}, {"type": "Feature", "geometry": {"type": "Point", "coordinates": [-87.67872446101475, 41.97057630263701]}, "properties": {"id": "MOCK-000090", "obstruction_type": "other", "photo_count": 2, "plate_state": "IN", "plate_number": null, "company_name": "Mock Transport Inc.", "notes": "Parked incorrectly", "metro_city": "Chicago", "occurred_at": "2025-07-15T22:30:00", "crash_occurred": false, "data_tier": "mock", "lat": 41.97057630263701, "lng": -87.67872446101475}}, {"type": "Feature", "geometry": {"type": "Point", "coordinates": [-87.67890677539077, 41.97280537883793]}, "properties": {"id": "MOCK-000091", "obstruction_type": "other", "photo_count": 1, "plate_state": "IL", "plate_number": "MOCK417", "company_name": null, "notes": "Safety concern", "metro_city": "Chicago", "occurred_at": "2026-05-15T07:55:00", "crash_occurred": false, "data_tier": "mock", "lat": 41.97280537883793, "lng": -87.67890677539077}}, {"type": "Feature", "geometry": {"type": "Point", "coordinates": [-87.69955053612694, 41.92415464997639]}, "properties": {"id": "MOCK-000092", "obstruction_type": "construction", "photo_count": 2, "plate_state": "IN", "plate_number": "MOCK609", "company_name": "Mock Transport Inc.", "notes": "Safety concern", "metro_city": "Chicago", "occurred_at": "2025-10-17T02:27:00", "crash_occurred": false, "data_tier": "mock", "lat": 41.92415464997639, "lng": -87.69955053612694}}, {"type": "Feature", "geometry": {"type": "Point", "coordinates": [-87.63747893464941, 41.7950960180492]}, "properties": {"id": "MOCK-000093", "obstruction_type": "debris", "photo_count": 2, "plate_state": "MI", "plate_number": "MOCK536", "company_name": "Placeholder Logistics", "notes": "Parked incorrectly", "metro_city": "Chicago", "occurred_at": "2026-04-16T17:39:00", "crash_occurred": false, "data_tier": "mock", "lat": 41.7950960180492, "lng": -87.63747893464941}}, {"type": "Feature", "geometry": {"type": "Point", "coordinates": [-87.6721308066502, 41.894083518271756]}, "properties": {"id": "MOCK-000094", "obstruction_type": "other", "photo_count": 5, "plate_state": "unknown", "plate_number": null, "company_name": "Generic Delivery Co.", "notes": "Partially blocking lane", "metro_city": "Chicago", "occurred_at": "2026-04-10T17:23:00", "crash_occurred": false, "data_tier": "mock", "lat": 41.894083518271756, "lng": -87.6721308066502}}, {"type": "Feature", "geometry": {"type": "Point", "coordinates": [-87.67840759234942, 41.898876624987075]}, "properties": {"id": "MOCK-000095", "obstruction_type": "construction", "photo_count": 0, "plate_state": "OH", "plate_number": null, "company_name": "Mock Transport Inc.", "notes": "Bike lane obstruction", "metro_city": "Chicago", "occurred_at": "2025-12-04T09:11:00", "crash_occurred": false, "data_tier": "mock", "lat": 41.898876624987075, "lng": -87.67840759234942}}, {"type": "Feature", "geometry": {"type": "Point", "coordinates": [-87.67212062290928, 41.90559832891315]}, "properties": {"id": "MOCK-000096", "obstruction_type": "poor_design", "photo_count": 2, "plate_state": "unknown", "plate_number": "MOCK602", "company_name": "Placeholder Logistics", "notes": "Observed during rush hour", "metro_city": "Chicago", "occurred_at": "2025-06-04T17:05:00", "crash_occurred": false, "data_tier": "mock", "lat": 41.90559832891315, "lng": -87.67212062290928}}, {"type": "Feature", "geometry": {"type": "Point", "coordinates": [-87.70791014754671, 41.94215460709663]}, "properties": {"id": "MOCK-000097", "obstruction_type": "debris", "photo_count": 1, "plate_state": "unknown", "plate_number": "MOCK817", "company_name": "Placeholder Logistics", "notes": "Creates hazard for cyclists", "metro_city": "Chicago", "occurred_at": "2026-06-20T07:50:00", "crash_occurred": false, "data_tier": "mock", "lat": 41.94215460709663, "lng": -87.70791014754671}}, {"type": "Feature", "geometry": {"type": "Point", "coordinates": [-87.70619285777123, 41.92865851321195]}, "properties": {"id": "MOCK-000098", "obstruction_type": "vehicle_in_lane", "photo_count": 2, "plate_state": "MI", "plate_number": "MOCK836", "company_name": null, "notes": "Safety concern", "metro_city": "Chicago", "occurred_at": "2026-03-13T02:08:00", "crash_occurred": false, "data_tier": "mock", "lat": 41.92865851321195, "lng": -87.70619285777123}}, {"type": "Feature", "geometry": {"type": "Point", "coordinates": [-87.66462571188846, 41.8889297965952]}, "properties": {"id": "MOCK-000099", "obstruction_type": "other", "photo_count": 4, "plate_state": "unknown", "plate_number": "MOCK886", "company_name": "Placeholder Logistics", "notes": "Bike lane obstruction", "metro_city": "Chicago", "occurred_at": "2026-06-15T07:19:00", "crash_occurred": false, "data_tier": "mock", "lat": 41.8889297965952, "lng": -87.66462571188846}}, {"type": "Feature", "geometry": {"type": "Point", "coordinates": [-87.67778003311356, 41.924988459470384]}, "properties": {"id": "MOCK-000100", "obstruction_type": "debris", "photo_count": 1, "plate_state": "unknown", "plate_number": "MOCK381", "company_name": "Placeholder Logistics", "notes": "Parked incorrectly", "metro_city": "Chicago", "occurred_at": "2025-11-23T18:37:00", "crash_occurred": false, "data_tier": "mock", "lat": 41.924988459470384, "lng": -87.67778003311356}}, {"type": "Feature", "geometry": {"type": "Point", "coordinates": [-87.68990760012416, 41.81614244524438]}, "properties": {"id": "MOCK-000101", "obstruction_type": "vehicle_in_lane", "photo_count": 0, "plate_state": "unknown", "plate_number": "MOCK371", "company_name": "Placeholder Logistics", "notes": "Safety concern", "metro_city": "Chicago", "occurred_at": "2026-03-19T18:18:00", "crash_occurred": false, "data_tier": "mock", "lat": 41.81614244524438, "lng": -87.68990760012416}}, {"type": "Feature", "geometry": {"type": "Point", "coordinates": [-87.67873690778511, 41.96813677077879]}, "properties": {"id": "MOCK-000102", "obstruction_type": "vehicle_in_lane", "photo_count": 1, "plate_state": "MI", "plate_number": "MOCK575", "company_name": "Placeholder Logistics", "notes": "Creates hazard for cyclists", "metro_city": "Chicago", "occurred_at": "2025-06-13T23:55:00", "crash_occurred": false, "data_tier": "mock", "lat": 41.96813677077879, "lng": -87.67873690778511}}, {"type": "Feature", "geometry": {"type": "Point", "coordinates": [-87.71611661961491, 41.934278749020216]}, "properties": {"id": "MOCK-000103", "obstruction_type": "vehicle_in_lane", "photo_count": 2, "plate_state": "MI", "plate_number": null, "company_name": "Generic Delivery Co.", "notes": "Observed during rush hour", "metro_city": "Chicago", "occurred_at": "2025-11-10T13:15:00", "crash_occurred": false, "data_tier": "mock", "lat": 41.934278749020216, "lng": -87.71611661961491}}, {"type": "Feature", "geometry": {"type": "Point", "coordinates": [-87.58611530154234, 41.76725695328227]}, "properties": {"id": "MOCK-000104", "obstruction_type": "delivery_vehicle", "photo_count": 3, "plate_state": "OH", "plate_number": "MOCK415", "company_name": null, "notes": "Observed during rush hour", "metro_city": "Chicago", "occurred_at": "2025-04-19T16:37:00", "crash_occurred": false, "data_tier": "mock", "lat": 41.76725695328227, "lng": -87.58611530154234}}, {"type": "Feature", "geometry": {"type": "Point", "coordinates": [-87.62913125127113, 41.89302520849765]}, "properties": {"id": "MOCK-000105", "obstruction_type": "vehicle_in_lane", "photo_count": 0, "plate_state": "MI", "plate_number": null, "company_name": "Mock Transport Inc.", "notes": "Parked incorrectly", "metro_city": "Chicago", "occurred_at": "2026-01-26T09:35:00", "crash_occurred": false, "data_tier": "mock", "lat": 41.89302520849765, "lng": -87.62913125127113}}, {"type": "Feature", "geometry": {"type": "Point", "coordinates": [-87.67762542162649, 41.92918579229899]}, "properties": {"id": "MOCK-000106", "obstruction_type": "other", "photo_count": 4, "plate_state": "unknown", "plate_number": "MOCK231", "company_name": "Generic Delivery Co.", "notes": "Bike lane obstruction", "metro_city": "Chicago", "occurred_at": "2026-02-03T16:12:00", "crash_occurred": false, "data_tier": "mock", "lat": 41.92918579229899, "lng": -87.67762542162649}}, {"type": "Feature", "geometry": {"type": "Point", "coordinates": [-87.67187643948384, 41.88507903072681]}, "properties": {"id": "MOCK-000107", "obstruction_type": "construction", "photo_count": 4, "plate_state": "MI", "plate_number": null, "company_name": "Placeholder Logistics", "notes": "Creates hazard for cyclists", "metro_city": "Chicago", "occurred_at": "2025-12-09T23:53:00", "crash_occurred": false, "data_tier": "mock", "lat": 41.88507903072681, "lng": -87.67187643948384}}, {"type": "Feature", "geometry": {"type": "Point", "coordinates": [-87.62868320050028, 41.89761603257833]}, "properties": {"id": "MOCK-000108", "obstruction_type": "debris", "photo_count": 2, "plate_state": "unknown", "plate_number": null, "company_name": null, "notes": "Safety concern", "metro_city": "Chicago", "occurred_at": "2025-11-28T22:40:00", "crash_occurred": true, "data_tier": "mock", "lat": 41.89761603257833, "lng": -87.62868320050028}}, {"type": "Feature", "geometry": {"type": "Point", "coordinates": [-87.67623383990009, 41.87896743338119]}, "properties": {"id": "MOCK-000109", "obstruction_type": "snow_ice", "photo_count": 4, "plate_state": "MI", "plate_number": null, "company_name": "Placeholder Logistics", "notes": "Observed during rush hour", "metro_city": "Chicago", "occurred_at": "2025-05-09T08:44:00", "crash_occurred": false, "data_tier": "mock", "lat": 41.87896743338119, "lng": -87.67623383990009}}, {"type": "Feature", "geometry": {"type": "Point", "coordinates": [-87.70951109641311, 41.898970173173886]}, "properties": {"id": "MOCK-000110", "obstruction_type": "poor_design", "photo_count": 1, "plate_state": "OH", "plate_number": "MOCK778", "company_name": null, "notes": "Safety concern", "metro_city": "Chicago", "occurred_at": "2026-02-06T17:34:00", "crash_occurred": false, "data_tier": "mock", "lat": 41.898970173173886, "lng": -87.70951109641311}}, {"type": "Feature", "geometry": {"type": "Point", "coordinates": [-87.6799549316405, 41.82083969184383]}, "properties": {"id": "MOCK-000111", "obstruction_type": "debris", "photo_count": 4, "plate_state": "WI", "plate_number": null, "company_name": "Mock Transport Inc.", "notes": "Creates hazard for cyclists", "metro_city": "Chicago", "occurred_at": "2025-08-17T09:59:00", "crash_occurred": false, "data_tier": "mock", "lat": 41.82083969184383, "lng": -87.6799549316405}}, {"type": "Feature", "geometry": {"type": "Point", "coordinates": [-87.62915838713968, 41.87455679952952]}, "properties": {"id": "MOCK-000112", "obstruction_type": "construction", "photo_count": 2, "plate_state": "IN", "plate_number": null, "company_name": "Mock Transport Inc.", "notes": "Parked incorrectly", "metro_city": "Chicago", "occurred_at": "2025-04-07T08:13:00", "crash_occurred": false, "data_tier": "mock", "lat": 41.87455679952952, "lng": -87.62915838713968}}, {"type": "Feature", "geometry": {"type": "Point", "coordinates": [-87.62829662299119, 41.79517131634521]}, "properties": {"id": "MOCK-000113", "obstruction_type": "delivery_vehicle", "photo_count": 1, "plate_state": "IL", "plate_number": "MOCK643", "company_name": "Placeholder Logistics", "notes": "Parked incorrectly", "metro_city": "Chicago", "occurred_at": "2025-09-12T16:43:00", "crash_occurred": false, "data_tier": "mock", "lat": 41.79517131634521, "lng": -87.62829662299119}}, {"type": "Feature", "geometry": {"type": "Point", "coordinates": [-87.67797368911745, 41.93416692516093]}, "properties": {"id": "MOCK-000114", "obstruction_type": "construction", "photo_count": 5, "plate_state": "IN", "plate_number": "MOCK394", "company_name": "Mock Transport Inc.", "notes": "Creates hazard for cyclists", "metro_city": "Chicago", "occurred_at": "2025-03-18T18:47:00", "crash_occurred": false, "data_tier": "mock", "lat": 41.93416692516093, "lng": -87.67797368911745}}, {"type": "Feature", "geometry": {"type": "Point", "coordinates": [-87.6477155217984, 41.904381374638234]}, "properties": {"id": "MOCK-000115", "obstruction_type": "other", "photo_count": 3, "plate_state": "MI", "plate_number": null, "company_name": "Mock Transport Inc.", "notes": "Observed during rush hour", "metro_city": "Chicago", "occurred_at": "2025-01-25T10:18:00", "crash_occurred": false, "data_tier": "mock", "lat": 41.904381374638234, "lng": -87.6477155217984}}, {"type": "Feature", "geometry": {"type": "Point", "coordinates": [-87.67107257443153, 41.795089798854896]}, "properties": {"id": "MOCK-000116", "obstruction_type": "delivery_vehicle", "photo_count": 0, "plate_state": "WI", "plate_number": null, "company_name": null, "notes": "Parked incorrectly", "metro_city": "Chicago", "occurred_at": "2025-10-07T08:36:00", "crash_occurred": false, "data_tier": "mock", "lat": 41.795089798854896, "lng": -87.67107257443153}}, {"type": "Feature", "geometry": {"type": "Point", "coordinates": [-87.62900739287886, 41.89994286410273]}, "properties": {"id": "MOCK-000117", "obstruction_type": "snow_ice", "photo_count": 0, "plate_state": "IN", "plate_number": "MOCK588", "company_name": "Mock Transport Inc.", "notes": "Partially blocking lane", "metro_city": "Chicago", "occurred_at": "2025-01-23T17:19:00", "crash_occurred": false, "data_tier": "mock", "lat": 41.89994286410273, "lng": -87.62900739287886}}, {"type": "Feature", "geometry": {"type": "Point", "coordinates": [-87.62906068736677, 41.89536763277887]}, "properties": {"id": "MOCK-000118", "obstruction_type": "vehicle_in_lane", "photo_count": 3, "plate_state": "WI", "plate_number": null, "company_name": "Mock Transport Inc.", "notes": "Parked incorrectly", "metro_city": "Chicago", "occurred_at": "2025-05-17T11:39:00", "crash_occurred": false, "data_tier": "mock", "lat": 41.89536763277887, "lng": -87.62906068736677}}, {"type": "Feature", "geometry": {"type": "Point", "coordinates": [-87.64947769941465, 41.8889973835505]}, "properties": {"id": "MOCK-000119", "obstruction_type": "construction", "photo_count": 5, "plate_state": "OH", "plate_number": "MOCK875", "company_name": "Placeholder Logistics", "notes": "Partially blocking lane", "metro_city": "Chicago", "occurred_at": "2025-04-10T09:07:00", "crash_occurred": false, "data_tier": "mock", "lat": 41.8889973835505, "lng": -87.64947769941465}}, {"type": "Feature", "geometry": {"type": "Point", "coordinates": [-87.62244898530967, 41.79492133776744]}, "properties": {"id": "MOCK-000120", "obstruction_type": "other", "photo_count": 4, "plate_state": "MI", "plate_number": null, "company_name": "Placeholder Logistics", "notes": "Parked incorrectly", "metro_city": "Chicago", "occurred_at": "2026-06-01T17:08:00", "crash_occurred": false, "data_tier": "mock", "lat": 41.79492133776744, "lng": -87.62244898530967}}, {"type": "Feature", "geometry": {"type": "Point", "coordinates": [-87.67213750950432, 41.92390438232787]}, "properties": {"id": "MOCK-000121", "obstruction_type": "vehicle_in_lane", "photo_count": 3, "plate_state": "WI", "plate_number": "MOCK863", "company_name": "Placeholder Logistics", "notes": "Safety concern", "metro_city": "Chicago", "occurred_at": "2025-04-01T07:59:00", "crash_occurred": false, "data_tier": "mock", "lat": 41.92390438232787, "lng": -87.67213750950432}}, {"type": "Feature", "geometry": {"type": "Point", "coordinates": [-87.64290903773326, 41.888806126924884]}, "properties": {"id": "MOCK-000122", "obstruction_type": "other", "photo_count": 5, "plate_state": "unknown", "plate_number": "MOCK530", "company_name": "Mock Transport Inc.", "notes": "Bike lane obstruction", "metro_city": "Chicago", "occurred_at": "2026-04-21T12:05:00", "crash_occurred": false, "data_tier": "mock", "lat": 41.888806126924884, "lng": -87.64290903773326}}, {"type": "Feature", "geometry": {"type": "Point", "coordinates": [-87.61037291259129, 41.79504325881721]}, "properties": {"id": "MOCK-000123", "obstruction_type": "poor_design", "photo_count": 3, "plate_state": "OH", "plate_number": null, "company_name": "Placeholder Logistics", "notes": "Observed during rush hour", "metro_city": "Chicago", "occurred_at": "2025-02-09T17:34:00", "crash_occurred": false, "data_tier": "mock", "lat": 41.79504325881721, "lng": -87.61037291259129}}, {"type": "Feature", "geometry": {"type": "Point", "coordinates": [-87.62857946421109, 41.879179866098596]}, "properties": {"id": "MOCK-000124", "obstruction_type": "snow_ice", "photo_count": 0, "plate_state": "IL", "plate_number": "MOCK529", "company_name": "Generic Delivery Co.", "notes": "Partially blocking lane", "metro_city": "Chicago", "occurred_at": "2025-08-15T16:15:00", "crash_occurred": false, "data_tier": "mock", "lat": 41.879179866098596, "lng": -87.62857946421109}}, {"type": "Feature", "geometry": {"type": "Point", "coordinates": [-87.67853069125583, 41.94761511839638]}, "properties": {"id": "MOCK-000125", "obstruction_type": "delivery_vehicle", "photo_count": 4, "plate_state": "WI", "plate_number": null, "company_name": "Mock Transport Inc.", "notes": "Safety concern", "metro_city": "Chicago", "occurred_at": "2025-12-11T21:33:00", "crash_occurred": false, "data_tier": "mock", "lat": 41.94761511839638, "lng": -87.67853069125583}}, {"type": "Feature", "geometry": {"type": "Point", "coordinates": [-87.67227359142291, 41.926465983099334]}, "properties": {"id": "MOCK-000126", "obstruction_type": "snow_ice", "photo_count": 5, "plate_state": "MI", "plate_number": "MOCK148", "company_name": "Mock Transport Inc.", "notes": "Parked incorrectly", "metro_city": "Chicago", "occurred_at": "2026-02-11T07:19:00", "crash_occurred": false, "data_tier": "mock", "lat": 41.926465983099334, "lng": -87.67227359142291}}, {"type": "Feature", "geometry": {"type": "Point", "coordinates": [-87.64588430478987, 41.8889337744647]}, "properties": {"id": "MOCK-000127", "obstruction_type": "other", "photo_count": 3, "plate_state": "IL", "plate_number": "MOCK526", "company_name": "Placeholder Logistics", "notes": "Bike lane obstruction", "metro_city": "Chicago", "occurred_at": "2025-09-22T08:54:00", "crash_occurred": false, "data_tier": "mock", "lat": 41.8889337744647, "lng": -87.64588430478987}}, {"type": "Feature", "geometry": {"type": "Point", "coordinates": [-87.58573150428032, 41.753613024331095]}, "properties": {"id": "MOCK-000128", "obstruction_type": "poor_design", "photo_count": 0, "plate_state": "IL", "plate_number": null, "company_name": "Placeholder Logistics", "notes": "Bike lane obstruction", "metro_city": "Chicago", "occurred_at": "2025-08-18T16:13:00", "crash_occurred": false, "data_tier": "mock", "lat": 41.753613024331095, "lng": -87.58573150428032}}, {"type": "Feature", "geometry": {"type": "Point", "coordinates": [-87.67822275523824, 41.93840784071952]}, "properties": {"id": "MOCK-000129", "obstruction_type": "construction", "photo_count": 1, "plate_state": "OH", "plate_number": "MOCK389", "company_name": null, "notes": "Bike lane obstruction", "metro_city": "Chicago", "occurred_at": "2026-01-19T17:06:00", "crash_occurred": false, "data_tier": "mock", "lat": 41.93840784071952, "lng": -87.67822275523824}}, {"type": "Feature", "geometry": {"type": "Point", "coordinates": [-87.61508915681857, 41.780111348309504]}, "properties": {"id": "MOCK-000130", "obstruction_type": "construction", "photo_count": 0, "plate_state": "OH", "plate_number": "MOCK859", "company_name": "Placeholder Logistics", "notes": "Observed during rush hour", "metro_city": "Chicago", "occurred_at": "2025-10-11T17:09:00", "crash_occurred": false, "data_tier": "mock", "lat": 41.780111348309504, "lng": -87.61508915681857}}, {"type": "Feature", "geometry": {"type": "Point", "coordinates": [-87.67831426934806, 41.94292796348328]}, "properties": {"id": "MOCK-000131", "obstruction_type": "debris", "photo_count": 3, "plate_state": "unknown", "plate_number": "MOCK602", "company_name": null, "notes": "Partially blocking lane", "metro_city": "Chicago", "occurred_at": "2026-01-12T15:11:00", "crash_occurred": false, "data_tier": "mock", "lat": 41.94292796348328, "lng": -87.67831426934806}}, {"type": "Feature", "geometry": {"type": "Point", "coordinates": [-87.6719260607122, 41.889838421914234]}, "properties": {"id": "MOCK-000132", "obstruction_type": "other", "photo_count": 5, "plate_state": "IL", "plate_number": "MOCK522", "company_name": "Placeholder Logistics", "notes": "Parked incorrectly", "metro_city": "Chicago", "occurred_at": "2025-09-10T08:23:00", "crash_occurred": false, "data_tier": "mock", "lat": 41.889838421914234, "lng": -87.6719260607122}}, {"type": "Feature", "geometry": {"type": "Point", "coordinates": [-87.70922917941294, 41.898984523765925]}, "properties": {"id": "MOCK-000133", "obstruction_type": "poor_design", "photo_count": 3, "plate_state": "IL", "plate_number": null, "company_name": "Mock Transport Inc.", "notes": "Safety concern", "metro_city": "Chicago", "occurred_at": "2025-11-06T21:27:00", "crash_occurred": false, "data_tier": "mock", "lat": 41.898984523765925, "lng": -87.70922917941294}}, {"type": "Feature", "geometry": {"type": "Point", "coordinates": [-87.67642662273349, 41.888313068740025]}, "properties": {"id": "MOCK-000134", "obstruction_type": "poor_design", "photo_count": 2, "plate_state": "WI", "plate_number": null, "company_name": null, "notes": "Observed during rush hour", "metro_city": "Chicago", "occurred_at": "2026-02-03T09:14:00", "crash_occurred": false, "data_tier": "mock", "lat": 41.888313068740025, "lng": -87.67642662273349}}, {"type": "Feature", "geometry": {"type": "Point", "coordinates": [-87.67881928283023, 41.96587315905843]}, "properties": {"id": "MOCK-000135", "obstruction_type": "construction", "photo_count": 3, "plate_state": "OH", "plate_number": "MOCK752", "company_name": "Generic Delivery Co.", "notes": "Parked incorrectly", "metro_city": "Chicago", "occurred_at": "2025-07-11T20:50:00", "crash_occurred": false, "data_tier": "mock", "lat": 41.96587315905843, "lng": -87.67881928283023}}, {"type": "Feature", "geometry": {"type": "Point", "coordinates": [-87.67770026481523, 41.94308024255115]}, "properties": {"id": "MOCK-000136", "obstruction_type": "snow_ice", "photo_count": 4, "plate_state": "MI", "plate_number": null, "company_name": "Generic Delivery Co.", "notes": "Parked incorrectly", "metro_city": "Chicago", "occurred_at": "2025-10-31T08:01:00", "crash_occurred": false, "data_tier": "mock", "lat": 41.94308024255115, "lng": -87.67770026481523}}, {"type": "Feature", "geometry": {"type": "Point", "coordinates": [-87.61506585974989, 41.7801024819829]}, "properties": {"id": "MOCK-000137", "obstruction_type": "poor_design", "photo_count": 1, "plate_state": "OH", "plate_number": "MOCK498", "company_name": "Mock Transport Inc.", "notes": "Bike lane obstruction", "metro_city": "Chicago", "occurred_at": "2025-06-09T02:32:00", "crash_occurred": false, "data_tier": "mock", "lat": 41.7801024819829, "lng": -87.61506585974989}}, {"type": "Feature", "geometry": {"type": "Point", "coordinates": [-87.67214025268825, 41.91256502321932]}, "properties": {"id": "MOCK-000138", "obstruction_type": "other", "photo_count": 4, "plate_state": "OH", "plate_number": "MOCK892", "company_name": "Mock Transport Inc.", "notes": "Observed during rush hour", "metro_city": "Chicago", "occurred_at": "2025-10-23T09:24:00", "crash_occurred": false, "data_tier": "mock", "lat": 41.91256502321932, "lng": -87.67214025268825}}, {"type": "Feature", "geometry": {"type": "Point", "coordinates": [-87.67215004813912, 41.91251565367041]}, "properties": {"id": "MOCK-000139", "obstruction_type": "delivery_vehicle", "photo_count": 5, "plate_state": "IL", "plate_number": null, "company_name": "Placeholder Logistics", "notes": "Bike lane obstruction", "metro_city": "Chicago", "occurred_at": "2025-06-23T07:19:00", "crash_occurred": false, "data_tier": "mock", "lat": 41.91251565367041, "lng": -87.67215004813912}}, {"type": "Feature", "geometry": {"type": "Point", "coordinates": [-87.67633925772837, 41.88831724788876]}, "properties": {"id": "MOCK-000140", "obstruction_type": "poor_design", "photo_count": 4, "plate_state": "MI", "plate_number": null, "company_name": "Generic Delivery Co.", "notes": "Creates hazard for cyclists", "metro_city": "Chicago", "occurred_at": "2025-04-22T12:00:00", "crash_occurred": false, "data_tier": "mock", "lat": 41.88831724788876, "lng": -87.67633925772837}}, {"type": "Feature", "geometry": {"type": "Point", "coordinates": [-87.67228106725487, 41.94030850263889]}, "properties": {"id": "MOCK-000141", "obstruction_type": "poor_design", "photo_count": 4, "plate_state": "IN", "plate_number": "MOCK273", "company_name": "Placeholder Logistics", "notes": "Creates hazard for cyclists", "metro_city": "Chicago", "occurred_at": "2025-11-21T08:26:00", "crash_occurred": false, "data_tier": "mock", "lat": 41.94030850263889, "lng": -87.67228106725487}}, {"type": "Feature", "geometry": {"type": "Point", "coordinates": [-87.69220842323536, 41.927971327254305]}, "properties": {"id": "MOCK-000142", "obstruction_type": "poor_design", "photo_count": 1, "plate_state": "MI", "plate_number": null, "company_name": "Mock Transport Inc.", "notes": "Observed during rush hour", "metro_city": "Chicago", "occurred_at": "2026-02-26T10:28:00", "crash_occurred": false, "data_tier": "mock", "lat": 41.927971327254305, "lng": -87.69220842323536}}, {"type": "Feature", "geometry": {"type": "Point", "coordinates": [-87.58588005084009, 41.79007772989093]}, "properties": {"id": "MOCK-000143", "obstruction_type": "snow_ice", "photo_count": 1, "plate_state": "MI", "plate_number": "MOCK507", "company_name": "Mock Transport Inc.", "notes": "Creates hazard for cyclists", "metro_city": "Chicago", "occurred_at": "2026-06-03T10:24:00", "crash_occurred": false, "data_tier": "mock", "lat": 41.79007772989093, "lng": -87.58588005084009}}, {"type": "Feature", "geometry": {"type": "Point", "coordinates": [-87.67540859230783, 41.914143607077825]}, "properties": {"id": "MOCK-000144", "obstruction_type": "delivery_vehicle", "photo_count": 5, "plate_state": "OH", "plate_number": null, "company_name": null, "notes": "Parked incorrectly", "metro_city": "Chicago", "occurred_at": "2025-08-19T17:43:00", "crash_occurred": false, "data_tier": "mock", "lat": 41.914143607077825, "lng": -87.67540859230783}}, {"type": "Feature", "geometry": {"type": "Point", "coordinates": [-87.64619636241525, 41.93978595582556]}, "properties": {"id": "MOCK-000145", "obstruction_type": "construction", "photo_count": 0, "plate_state": "MI", "plate_number": "MOCK590", "company_name": null, "notes": "Safety concern", "metro_city": "Chicago", "occurred_at": "2026-06-19T13:34:00", "crash_occurred": false, "data_tier": "mock", "lat": 41.93978595582556, "lng": -87.64619636241525}}, {"type": "Feature", "geometry": {"type": "Point", "coordinates": [-87.6452629265921, 41.83972932144257]}, "properties": {"id": "MOCK-000146", "obstruction_type": "debris", "photo_count": 1, "plate_state": "unknown", "plate_number": "MOCK676", "company_name": null, "notes": "Creates hazard for cyclists", "metro_city": "Chicago", "occurred_at": "2026-04-02T09:33:00", "crash_occurred": false, "data_tier": "mock", "lat": 41.83972932144257, "lng": -87.6452629265921}}, {"type": "Feature", "geometry": {"type": "Point", "coordinates": [-87.65553828250282, 41.96379091934862]}, "properties": {"id": "MOCK-000147", "obstruction_type": "poor_design", "photo_count": 5, "plate_state": "OH", "plate_number": null, "company_name": "Generic Delivery Co.", "notes": "Bike lane obstruction", "metro_city": "Chicago", "occurred_at": "2025-05-03T18:09:00", "crash_occurred": false, "data_tier": "mock", "lat": 41.96379091934862, "lng": -87.65553828250282}}, {"type": "Feature", "geometry": {"type": "Point", "coordinates": [-87.67808523013075, 41.94529071742787]}, "properties": {"id": "MOCK-000148", "obstruction_type": "snow_ice", "photo_count": 5, "plate_state": "MI", "plate_number": "MOCK407", "company_name": "Generic Delivery Co.", "notes": "Parked incorrectly", "metro_city": "Chicago", "occurred_at": "2025-05-14T07:59:00", "crash_occurred": false, "data_tier": "mock", "lat": 41.94529071742787, "lng": -87.67808523013075}}, {"type": "Feature", "geometry": {"type": "Point", "coordinates": [-87.67805058583025, 41.947539483584286]}, "properties": {"id": "MOCK-000149", "obstruction_type": "construction", "photo_count": 1, "plate_state": "MI", "plate_number": "MOCK290", "company_name": null, "notes": "Bike lane obstruction", "metro_city": "Chicago", "occurred_at": "2025-02-15T14:37:00", "crash_occurred": false, "data_tier": "mock", "lat": 41.947539483584286, "lng": -87.67805058583025}}, {"type": "Feature", "geometry": {"type": "Point", "coordinates": [-87.67717706140778, 41.899677493922496]}, "properties": {"id": "MOCK-000150", "obstruction_type": "vehicle_in_lane", "photo_count": 4, "plate_state": "IL", "plate_number": "MOCK649", "company_name": "Placeholder Logistics", "notes": "Creates hazard for cyclists", "metro_city": "Chicago", "occurred_at": "2025-12-16T17:33:00", "crash_occurred": false, "data_tier": "mock", "lat": 41.899677493922496, "lng": -87.67717706140778}}, {"type": "Feature", "geometry": {"type": "Point", "coordinates": [-87.62908701694255, 41.890662782024904]}, "properties": {"id": "MOCK-000151", "obstruction_type": "other", "photo_count": 3, "plate_state": "OH", "plate_number": null, "company_name": "Mock Transport Inc.", "notes": "Safety concern", "metro_city": "Chicago", "occurred_at": "2025-04-13T07:11:00", "crash_occurred": false, "data_tier": "mock", "lat": 41.890662782024904, "lng": -87.62908701694255}}, {"type": "Feature", "geometry": {"type": "Point", "coordinates": [-87.62886431278652, 41.88854740832416]}, "properties": {"id": "MOCK-000152", "obstruction_type": "delivery_vehicle", "photo_count": 3, "plate_state": "unknown", "plate_number": "MOCK760", "company_name": "Placeholder Logistics", "notes": "Safety concern", "metro_city": "Chicago", "occurred_at": "2025-07-06T08:39:00", "crash_occurred": false, "data_tier": "mock", "lat": 41.88854740832416, "lng": -87.62886431278652}}, {"type": "Feature", "geometry": {"type": "Point", "coordinates": [-87.67183224897374, 41.91712815951539]}, "properties": {"id": "MOCK-000153", "obstruction_type": "poor_design", "photo_count": 4, "plate_state": "unknown", "plate_number": "MOCK801", "company_name": null, "notes": "Bike lane obstruction", "metro_city": "Chicago", "occurred_at": "2026-04-16T07:18:00", "crash_occurred": false, "data_tier": "mock", "lat": 41.91712815951539, "lng": -87.67183224897374}}, {"type": "Feature", "geometry": {"type": "Point", "coordinates": [-87.66362489823358, 41.89928755937769]}, "properties": {"id": "MOCK-000154", "obstruction_type": "construction", "photo_count": 4, "plate_state": "OH", "plate_number": null, "company_name": "Generic Delivery Co.", "notes": "Creates hazard for cyclists", "metro_city": "Chicago", "occurred_at": "2026-01-27T23:28:00", "crash_occurred": false, "data_tier": "mock", "lat": 41.89928755937769, "lng": -87.66362489823358}}, {"type": "Feature", "geometry": {"type": "Point", "coordinates": [-87.6779479568798, 41.96115249078206]}, "properties": {"id": "MOCK-000155", "obstruction_type": "construction", "photo_count": 2, "plate_state": "WI", "plate_number": "MOCK189", "company_name": null, "notes": "Observed during rush hour", "metro_city": "Chicago", "occurred_at": "2025-09-16T22:22:00", "crash_occurred": false, "data_tier": "mock", "lat": 41.96115249078206, "lng": -87.6779479568798}}, {"type": "Feature", "geometry": {"type": "Point", "coordinates": [-87.58330988109896, 41.796867287122545]}, "properties": {"id": "MOCK-000156", "obstruction_type": "delivery_vehicle", "photo_count": 0, "plate_state": "OH", "plate_number": "MOCK387", "company_name": "Placeholder Logistics", "notes": "Creates hazard for cyclists", "metro_city": "Chicago", "occurred_at": "2025-11-12T18:52:00", "crash_occurred": false, "data_tier": "mock", "lat": 41.796867287122545, "lng": -87.58330988109896}}, {"type": "Feature", "geometry": {"type": "Point", "coordinates": [-87.62335045516204, 41.746937052594284]}, "properties": {"id": "MOCK-000157", "obstruction_type": "delivery_vehicle", "photo_count": 5, "plate_state": "IN", "plate_number": null, "company_name": "Mock Transport Inc.", "notes": "Partially blocking lane", "metro_city": "Chicago", "occurred_at": "2026-02-23T08:24:00", "crash_occurred": false, "data_tier": "mock", "lat": 41.746937052594284, "lng": -87.62335045516204}}, {"type": "Feature", "geometry": {"type": "Point", "coordinates": [-87.62834761315727, 41.72655837946035]}, "properties": {"id": "MOCK-000158", "obstruction_type": "debris", "photo_count": 3, "plate_state": "MI", "plate_number": "MOCK102", "company_name": "Generic Delivery Co.", "notes": "Parked incorrectly", "metro_city": "Chicago", "occurred_at": "2026-05-01T02:50:00", "crash_occurred": false, "data_tier": "mock", "lat": 41.72655837946035, "lng": -87.62834761315727}}, {"type": "Feature", "geometry": {"type": "Point", "coordinates": [-87.62899469262062, 41.89757338581962]}, "properties": {"id": "MOCK-000159", "obstruction_type": "debris", "photo_count": 2, "plate_state": "OH", "plate_number": "MOCK679", "company_name": null, "notes": "Creates hazard for cyclists", "metro_city": "Chicago", "occurred_at": "2025-03-07T14:01:00", "crash_occurred": false, "data_tier": "mock", "lat": 41.89757338581962, "lng": -87.62899469262062}}, {"type": "Feature", "geometry": {"type": "Point", "coordinates": [-87.65847134232543, 41.889142194282606]}, "properties": {"id": "MOCK-000160", "obstruction_type": "snow_ice", "photo_count": 1, "plate_state": "unknown", "plate_number": "MOCK995", "company_name": "Mock Transport Inc.", "notes": "Observed during rush hour", "metro_city": "Chicago", "occurred_at": "2026-01-21T16:03:00", "crash_occurred": false, "data_tier": "mock", "lat": 41.889142194282606, "lng": -87.65847134232543}}, {"type": "Feature", "geometry": {"type": "Point", "coordinates": [-87.67778216336654, 41.9339636843101]}, "properties": {"id": "MOCK-000161", "obstruction_type": "delivery_vehicle", "photo_count": 3, "plate_state": "IL", "plate_number": null, "company_name": "Placeholder Logistics", "notes": "Safety concern", "metro_city": "Chicago", "occurred_at": "2026-04-17T03:55:00", "crash_occurred": false, "data_tier": "mock", "lat": 41.9339636843101, "lng": -87.67778216336654}}, {"type": "Feature", "geometry": {"type": "Point", "coordinates": [-87.67182549856615, 41.90124824085787]}, "properties": {"id": "MOCK-000162", "obstruction_type": "vehicle_in_lane", "photo_count": 2, "plate_state": "WI", "plate_number": "MOCK240", "company_name": null, "notes": "Partially blocking lane", "metro_city": "Chicago", "occurred_at": "2025-06-12T16:28:00", "crash_occurred": false, "data_tier": "mock", "lat": 41.90124824085787, "lng": -87.67182549856615}}, {"type": "Feature", "geometry": {"type": "Point", "coordinates": [-87.67815709216023, 41.933809350657846]}, "properties": {"id": "MOCK-000163", "obstruction_type": "vehicle_in_lane", "photo_count": 0, "plate_state": "IN", "plate_number": "MOCK703", "company_name": null, "notes": "Creates hazard for cyclists", "metro_city": "Chicago", "occurred_at": "2026-04-01T07:15:00", "crash_occurred": false, "data_tier": "mock", "lat": 41.933809350657846, "lng": -87.67815709216023}}, {"type": "Feature", "geometry": {"type": "Point", "coordinates": [-87.69071038094307, 41.8992574287197]}, "properties": {"id": "MOCK-000164", "obstruction_type": "debris", "photo_count": 1, "plate_state": "OH", "plate_number": "MOCK293", "company_name": null, "notes": "Creates hazard for cyclists", "metro_city": "Chicago", "occurred_at": "2025-03-13T07:31:00", "crash_occurred": false, "data_tier": "mock", "lat": 41.8992574287197, "lng": -87.69071038094307}}, {"type": "Feature", "geometry": {"type": "Point", "coordinates": [-87.67203475402022, 41.92197970505226]}, "properties": {"id": "MOCK-000165", "obstruction_type": "delivery_vehicle", "photo_count": 3, "plate_state": "OH", "plate_number": "MOCK659", "company_name": "Placeholder Logistics", "notes": "Bike lane obstruction", "metro_city": "Chicago", "occurred_at": "2025-04-01T07:59:00", "crash_occurred": false, "data_tier": "mock", "lat": 41.92197970505226, "lng": -87.67203475402022}}, {"type": "Feature", "geometry": {"type": "Point", "coordinates": [-87.6409061422174, 41.79494648117796]}, "properties": {"id": "MOCK-000166", "obstruction_type": "construction", "photo_count": 5, "plate_state": "MI", "plate_number": null, "company_name": "Placeholder Logistics", "notes": "Creates hazard for cyclists", "metro_city": "Chicago", "occurred_at": "2025-04-12T07:34:00", "crash_occurred": false, "data_tier": "mock", "lat": 41.79494648117796, "lng": -87.6409061422174}}, {"type": "Feature", "geometry": {"type": "Point", "coordinates": [-87.61537541726575, 41.777724425100445]}, "properties": {"id": "MOCK-000167", "obstruction_type": "other", "photo_count": 1, "plate_state": "IL", "plate_number": null, "company_name": null, "notes": "Observed during rush hour", "metro_city": "Chicago", "occurred_at": "2026-04-26T18:47:00", "crash_occurred": false, "data_tier": "mock", "lat": 41.777724425100445, "lng": -87.61537541726575}}, {"type": "Feature", "geometry": {"type": "Point", "coordinates": [-87.6784854631835, 41.970606511413635]}, "properties": {"id": "MOCK-000168", "obstruction_type": "poor_design", "photo_count": 4, "plate_state": "unknown", "plate_number": null, "company_name": "Mock Transport Inc.", "notes": "Partially blocking lane", "metro_city": "Chicago", "occurred_at": "2025-10-19T17:51:00", "crash_occurred": false, "data_tier": "mock", "lat": 41.970606511413635, "lng": -87.6784854631835}}, {"type": "Feature", "geometry": {"type": "Point", "coordinates": [-87.6291522457071, 41.89758253603478]}, "properties": {"id": "MOCK-000169", "obstruction_type": "poor_design", "photo_count": 2, "plate_state": "IL", "plate_number": "MOCK680", "company_name": "Placeholder Logistics", "notes": "Creates hazard for cyclists", "metro_city": "Chicago", "occurred_at": "2025-06-27T18:07:00", "crash_occurred": false, "data_tier": "mock", "lat": 41.89758253603478, "lng": -87.6291522457071}}, {"type": "Feature", "geometry": {"type": "Point", "coordinates": [-87.63995094544087, 41.88212287649276]}, "properties": {"id": "MOCK-000170", "obstruction_type": "delivery_vehicle", "photo_count": 1, "plate_state": "IL", "plate_number": "MOCK831", "company_name": null, "notes": "Partially blocking lane", "metro_city": "Chicago", "occurred_at": "2025-12-12T10:17:00", "crash_occurred": false, "data_tier": "mock", "lat": 41.88212287649276, "lng": -87.63995094544087}}, {"type": "Feature", "geometry": {"type": "Point", "coordinates": [-87.67828321567409, 41.94767783735391]}, "properties": {"id": "MOCK-000171", "obstruction_type": "other", "photo_count": 4, "plate_state": "IL", "plate_number": "MOCK170", "company_name": null, "notes": "Creates hazard for cyclists", "metro_city": "Chicago", "occurred_at": "2025-12-01T07:18:00", "crash_occurred": false, "data_tier": "mock", "lat": 41.94767783735391, "lng": -87.67828321567409}}, {"type": "Feature", "geometry": {"type": "Point", "coordinates": [-87.67800637795527, 41.93606388057096]}, "properties": {"id": "MOCK-000172", "obstruction_type": "other", "photo_count": 1, "plate_state": "unknown", "plate_number": "MOCK878", "company_name": "Placeholder Logistics", "notes": "Partially blocking lane", "metro_city": "Chicago", "occurred_at": "2025-01-23T18:53:00", "crash_occurred": false, "data_tier": "mock", "lat": 41.93606388057096, "lng": -87.67800637795527}}, {"type": "Feature", "geometry": {"type": "Point", "coordinates": [-87.6440649184958, 41.885024609297055]}, "properties": {"id": "MOCK-000173", "obstruction_type": "debris", "photo_count": 0, "plate_state": "IN", "plate_number": "MOCK343", "company_name": null, "notes": "Bike lane obstruction", "metro_city": "Chicago", "occurred_at": "2025-03-19T07:58:00", "crash_occurred": false, "data_tier": "mock", "lat": 41.885024609297055, "lng": -87.6440649184958}}, {"type": "Feature", "geometry": {"type": "Point", "coordinates": [-87.64195629051338, 41.9423262598366]}, "properties": {"id": "MOCK-000174", "obstruction_type": "poor_design", "photo_count": 0, "plate_state": "OH", "plate_number": null, "company_name": null, "notes": "Observed during rush hour", "metro_city": "Chicago", "occurred_at": "2025-03-21T07:18:00", "crash_occurred": false, "data_tier": "mock", "lat": 41.9423262598366, "lng": -87.64195629051338}}, {"type": "Feature", "geometry": {"type": "Point", "coordinates": [-87.62882360103731, 41.89762410088517]}, "properties": {"id": "MOCK-000175", "obstruction_type": "delivery_vehicle", "photo_count": 0, "plate_state": "IN", "plate_number": null, "company_name": "Generic Delivery Co.", "notes": "Partially blocking lane", "metro_city": "Chicago", "occurred_at": "2025-05-05T09:22:00", "crash_occurred": false, "data_tier": "mock", "lat": 41.89762410088517, "lng": -87.62882360103731}}, {"type": "Feature", "geometry": {"type": "Point", "coordinates": [-87.70409639428296, 41.92706855149028]}, "properties": {"id": "MOCK-000176", "obstruction_type": "other", "photo_count": 5, "plate_state": "WI", "plate_number": "MOCK813", "company_name": "Generic Delivery Co.", "notes": "Partially blocking lane", "metro_city": "Chicago", "occurred_at": "2025-12-18T11:25:00", "crash_occurred": false, "data_tier": "mock", "lat": 41.92706855149028, "lng": -87.70409639428296}}, {"type": "Feature", "geometry": {"type": "Point", "coordinates": [-87.62896423766094, 41.89782687366139]}, "properties": {"id": "MOCK-000177", "obstruction_type": "construction", "photo_count": 4, "plate_state": "unknown", "plate_number": "MOCK196", "company_name": null, "notes": "Observed during rush hour", "metro_city": "Chicago", "occurred_at": "2025-06-09T16:08:00", "crash_occurred": false, "data_tier": "mock", "lat": 41.89782687366139, "lng": -87.62896423766094}}, {"type": "Feature", "geometry": {"type": "Point", "coordinates": [-87.6716689706879, 41.93081967062037]}, "properties": {"id": "MOCK-000178", "obstruction_type": "vehicle_in_lane", "photo_count": 0, "plate_state": "IN", "plate_number": "MOCK554", "company_name": "Placeholder Logistics", "notes": "Observed during rush hour", "metro_city": "Chicago", "occurred_at": "2025-12-22T01:10:00", "crash_occurred": false, "data_tier": "mock", "lat": 41.93081967062037, "lng": -87.6716689706879}}, {"type": "Feature", "geometry": {"type": "Point", "coordinates": [-87.62887172246639, 41.883740893419]}, "properties": {"id": "MOCK-000179", "obstruction_type": "debris", "photo_count": 1, "plate_state": "IN", "plate_number": null, "company_name": null, "notes": "Partially blocking lane", "metro_city": "Chicago", "occurred_at": "2025-02-21T20:18:00", "crash_occurred": false, "data_tier": "mock", "lat": 41.883740893419, "lng": -87.62887172246639}}, {"type": "Feature", "geometry": {"type": "Point", "coordinates": [-87.63990336774582, 41.88898638221263]}, "properties": {"id": "MOCK-000180", "obstruction_type": "delivery_vehicle", "photo_count": 5, "plate_state": "OH", "plate_number": null, "company_name": "Generic Delivery Co.", "notes": "Bike lane obstruction", "metro_city": "Chicago", "occurred_at": "2026-01-19T11:58:00", "crash_occurred": false, "data_tier": "mock", "lat": 41.88898638221263, "lng": -87.63990336774582}}, {"type": "Feature", "geometry": {"type": "Point", "coordinates": [-87.66124808176176, 41.897869355468536]}, "properties": {"id": "MOCK-000181", "obstruction_type": "other", "photo_count": 2, "plate_state": "IL", "plate_number": "MOCK583", "company_name": "Mock Transport Inc.", "notes": "Safety concern", "metro_city": "Chicago", "occurred_at": "2025-09-12T17:34:00", "crash_occurred": false, "data_tier": "mock", "lat": 41.897869355468536, "lng": -87.66124808176176}}, {"type": "Feature", "geometry": {"type": "Point", "coordinates": [-87.75050291950686, 41.953925519110754]}, "properties": {"id": "MOCK-000182", "obstruction_type": "construction", "photo_count": 2, "plate_state": "IN", "plate_number": null, "company_name": "Mock Transport Inc.", "notes": "Parked incorrectly", "metro_city": "Chicago", "occurred_at": "2026-01-19T18:36:00", "crash_occurred": false, "data_tier": "mock", "lat": 41.953925519110754, "lng": -87.75050291950686}}, {"type": "Feature", "geometry": {"type": "Point", "coordinates": [-87.58580446406367, 41.77630690295721]}, "properties": {"id": "MOCK-000183", "obstruction_type": "vehicle_in_lane", "photo_count": 0, "plate_state": "IN", "plate_number": "MOCK120", "company_name": null, "notes": "Observed during rush hour", "metro_city": "Chicago", "occurred_at": "2025-12-22T09:11:00", "crash_occurred": false, "data_tier": "mock", "lat": 41.77630690295721, "lng": -87.58580446406367}}, {"type": "Feature", "geometry": {"type": "Point", "coordinates": [-87.66377364490958, 41.903626139864166]}, "properties": {"id": "MOCK-000184", "obstruction_type": "delivery_vehicle", "photo_count": 0, "plate_state": "OH", "plate_number": "MOCK174", "company_name": "Mock Transport Inc.", "notes": "Parked incorrectly", "metro_city": "Chicago", "occurred_at": "2026-02-26T07:46:00", "crash_occurred": false, "data_tier": "mock", "lat": 41.903626139864166, "lng": -87.66377364490958}}, {"type": "Feature", "geometry": {"type": "Point", "coordinates": [-87.67342265481274, 41.88916263241978]}, "properties": {"id": "MOCK-000185", "obstruction_type": "snow_ice", "photo_count": 4, "plate_state": "WI", "plate_number": null, "company_name": "Placeholder Logistics", "notes": "Bike lane obstruction", "metro_city": "Chicago", "occurred_at": "2025-11-27T07:44:00", "crash_occurred": false, "data_tier": "mock", "lat": 41.88916263241978, "lng": -87.67342265481274}}, {"type": "Feature", "geometry": {"type": "Point", "coordinates": [-87.67170048303288, 41.898648128073134]}, "properties": {"id": "MOCK-000186", "obstruction_type": "poor_design", "photo_count": 1, "plate_state": "unknown", "plate_number": "MOCK608", "company_name": "Placeholder Logistics", "notes": "Creates hazard for cyclists", "metro_city": "Chicago", "occurred_at": "2025-04-05T16:52:00", "crash_occurred": false, "data_tier": "mock", "lat": 41.898648128073134, "lng": -87.67170048303288}}, {"type": "Feature", "geometry": {"type": "Point", "coordinates": [-87.71586334708145, 41.94899025584248]}, "properties": {"id": "MOCK-000187", "obstruction_type": "vehicle_in_lane", "photo_count": 2, "plate_state": "WI", "plate_number": "MOCK837", "company_name": "Generic Delivery Co.", "notes": "Observed during rush hour", "metro_city": "Chicago", "occurred_at": "2026-02-16T08:31:00", "crash_occurred": false, "data_tier": "mock", "lat": 41.94899025584248, "lng": -87.71586334708145}}, {"type": "Feature", "geometry": {"type": "Point", "coordinates": [-87.62923071595176, 41.87235034447365]}, "properties": {"id": "MOCK-000188", "obstruction_type": "other", "photo_count": 5, "plate_state": "IN", "plate_number": null, "company_name": "Generic Delivery Co.", "notes": "Observed during rush hour", "metro_city": "Chicago", "occurred_at": "2025-11-14T08:10:00", "crash_occurred": false, "data_tier": "mock", "lat": 41.87235034447365, "lng": -87.62923071595176}}, {"type": "Feature", "geometry": {"type": "Point", "coordinates": [-87.6715522830714, 41.92146122615369]}, "properties": {"id": "MOCK-000189", "obstruction_type": "construction", "photo_count": 5, "plate_state": "IL", "plate_number": "MOCK769", "company_name": "Placeholder Logistics", "notes": "Safety concern", "metro_city": "Chicago", "occurred_at": "2026-04-06T07:26:00", "crash_occurred": false, "data_tier": "mock", "lat": 41.92146122615369, "lng": -87.6715522830714}}, {"type": "Feature", "geometry": {"type": "Point", "coordinates": [-87.67986943530774, 41.82115694267048]}, "properties": {"id": "MOCK-000190", "obstruction_type": "vehicle_in_lane", "photo_count": 3, "plate_state": "OH", "plate_number": "MOCK602", "company_name": "Placeholder Logistics", "notes": "Observed during rush hour", "metro_city": "Chicago", "occurred_at": "2026-01-21T18:38:00", "crash_occurred": false, "data_tier": "mock", "lat": 41.82115694267048, "lng": -87.67986943530774}}, {"type": "Feature", "geometry": {"type": "Point", "coordinates": [-87.67671032313439, 41.897376834815]}, "properties": {"id": "MOCK-000191", "obstruction_type": "other", "photo_count": 0, "plate_state": "WI", "plate_number": "MOCK582", "company_name": null, "notes": "Parked incorrectly", "metro_city": "Chicago", "occurred_at": "2025-10-15T08:23:00", "crash_occurred": false, "data_tier": "mock", "lat": 41.897376834815, "lng": -87.67671032313439}}, {"type": "Feature", "geometry": {"type": "Point", "coordinates": [-87.6288584463393, 41.886169694986094]}, "properties": {"id": "MOCK-000192", "obstruction_type": "vehicle_in_lane", "photo_count": 1, "plate_state": "unknown", "plate_number": "MOCK187", "company_name": "Mock Transport Inc.", "notes": "Safety concern", "metro_city": "Chicago", "occurred_at": "2026-03-16T17:52:00", "crash_occurred": false, "data_tier": "mock", "lat": 41.886169694986094, "lng": -87.6288584463393}}, {"type": "Feature", "geometry": {"type": "Point", "coordinates": [-87.67213942664877, 41.92177946665376]}, "properties": {"id": "MOCK-000193", "obstruction_type": "vehicle_in_lane", "photo_count": 3, "plate_state": "unknown", "plate_number": null, "company_name": "Placeholder Logistics", "notes": "Observed during rush hour", "metro_city": "Chicago", "occurred_at": "2026-04-21T06:51:00", "crash_occurred": false, "data_tier": "mock", "lat": 41.92177946665376, "lng": -87.67213942664877}}, {"type": "Feature", "geometry": {"type": "Point", "coordinates": [-87.67167841730424, 41.933199554438325]}, "properties": {"id": "MOCK-000194", "obstruction_type": "delivery_vehicle", "photo_count": 4, "plate_state": "WI", "plate_number": "MOCK844", "company_name": "Generic Delivery Co.", "notes": "Observed during rush hour", "metro_city": "Chicago", "occurred_at": "2026-02-18T18:29:00", "crash_occurred": false, "data_tier": "mock", "lat": 41.933199554438325, "lng": -87.67167841730424}}, {"type": "Feature", "geometry": {"type": "Point", "coordinates": [-87.62881100040738, 41.87241042671466]}, "properties": {"id": "MOCK-000195", "obstruction_type": "poor_design", "photo_count": 0, "plate_state": "IL", "plate_number": "MOCK203", "company_name": "Mock Transport Inc.", "notes": "Safety concern", "metro_city": "Chicago", "occurred_at": "2026-01-04T18:38:00", "crash_occurred": false, "data_tier": "mock", "lat": 41.87241042671466, "lng": -87.62881100040738}}, {"type": "Feature", "geometry": {"type": "Point", "coordinates": [-87.62917562873133, 41.87906995410728]}, "properties": {"id": "MOCK-000196", "obstruction_type": "vehicle_in_lane", "photo_count": 3, "plate_state": "WI", "plate_number": "MOCK150", "company_name": null, "notes": "Creates hazard for cyclists", "metro_city": "Chicago", "occurred_at": "2026-02-02T09:19:00", "crash_occurred": false, "data_tier": "mock", "lat": 41.87906995410728, "lng": -87.62917562873133}}, {"type": "Feature", "geometry": {"type": "Point", "coordinates": [-87.67171617110428, 41.898680651290036]}, "properties": {"id": "MOCK-000197", "obstruction_type": "other", "photo_count": 2, "plate_state": "WI", "plate_number": "MOCK719", "company_name": "Generic Delivery Co.", "notes": "Partially blocking lane", "metro_city": "Chicago", "occurred_at": "2026-04-14T23:31:00", "crash_occurred": false, "data_tier": "mock", "lat": 41.898680651290036, "lng": -87.67171617110428}}, {"type": "Feature", "geometry": {"type": "Point", "coordinates": [-87.58606428823168, 41.74455825028283]}, "properties": {"id": "MOCK-000198", "obstruction_type": "snow_ice", "photo_count": 4, "plate_state": "MI", "plate_number": null, "company_name": "Generic Delivery Co.", "notes": "Partially blocking lane", "metro_city": "Chicago", "occurred_at": "2025-08-02T07:29:00", "crash_occurred": false, "data_tier": "mock", "lat": 41.74455825028283, "lng": -87.58606428823168}}, {"type": "Feature", "geometry": {"type": "Point", "coordinates": [-87.67730095583973, 41.908875568132935]}, "properties": {"id": "MOCK-000199", "obstruction_type": "snow_ice", "photo_count": 0, "plate_state": "unknown", "plate_number": null, "company_name": "Mock Transport Inc.", "notes": "Bike lane obstruction", "metro_city": "Chicago", "occurred_at": "2026-04-17T07:53:00", "crash_occurred": false, "data_tier": "mock", "lat": 41.908875568132935, "lng": -87.67730095583973}}, {"type": "Feature", "geometry": {"type": "Point", "coordinates": [-87.64749009386539, 41.838424718310236]}, "properties": {"id": "MOCK-000200", "obstruction_type": "other", "photo_count": 4, "plate_state": "IN", "plate_number": "MOCK762", "company_name": "Placeholder Logistics", "notes": "Parked incorrectly", "metro_city": "Chicago", "occurred_at": "2025-08-15T18:00:00", "crash_occurred": false, "data_tier": "mock", "lat": 41.838424718310236, "lng": -87.64749009386539}}, {"type": "Feature", "geometry": {"type": "Point", "coordinates": [-87.67823352626237, 41.95676939947584]}, "properties": {"id": "MOCK-000201", "obstruction_type": "debris", "photo_count": 5, "plate_state": "unknown", "plate_number": "MOCK533", "company_name": null, "notes": "Creates hazard for cyclists", "metro_city": "Chicago", "occurred_at": "2026-05-01T19:25:00", "crash_occurred": false, "data_tier": "mock", "lat": 41.95676939947584, "lng": -87.67823352626237}}, {"type": "Feature", "geometry": {"type": "Point", "coordinates": [-87.72114871698415, 41.93697534853343]}, "properties": {"id": "MOCK-000202", "obstruction_type": "snow_ice", "photo_count": 0, "plate_state": "MI", "plate_number": null, "company_name": "Mock Transport Inc.", "notes": "Parked incorrectly", "metro_city": "Chicago", "occurred_at": "2025-12-15T18:19:00", "crash_occurred": false, "data_tier": "mock", "lat": 41.93697534853343, "lng": -87.72114871698415}}, {"type": "Feature", "geometry": {"type": "Point", "coordinates": [-87.63432171181134, 41.90872610691625]}, "properties": {"id": "MOCK-000203", "obstruction_type": "delivery_vehicle", "photo_count": 5, "plate_state": "IL", "plate_number": "MOCK402", "company_name": "Mock Transport Inc.", "notes": "Bike lane obstruction", "metro_city": "Chicago", "occurred_at": "2026-03-07T18:52:00", "crash_occurred": false, "data_tier": "mock", "lat": 41.90872610691625, "lng": -87.63432171181134}}, {"type": "Feature", "geometry": {"type": "Point", "coordinates": [-87.65817521132514, 41.97051649519951]}, "properties": {"id": "MOCK-000204", "obstruction_type": "delivery_vehicle", "photo_count": 5, "plate_state": "OH", "plate_number": null, "company_name": "Generic Delivery Co.", "notes": "Bike lane obstruction", "metro_city": "Chicago", "occurred_at": "2025-05-28T17:48:00", "crash_occurred": false, "data_tier": "mock", "lat": 41.97051649519951, "lng": -87.65817521132514}}, {"type": "Feature", "geometry": {"type": "Point", "coordinates": [-87.66776408876493, 41.90686331081203]}, "properties": {"id": "MOCK-000205", "obstruction_type": "debris", "photo_count": 3, "plate_state": "WI", "plate_number": "MOCK699", "company_name": "Mock Transport Inc.", "notes": "Bike lane obstruction", "metro_city": "Chicago", "occurred_at": "2025-05-17T18:37:00", "crash_occurred": false, "data_tier": "mock", "lat": 41.90686331081203, "lng": -87.66776408876493}}, {"type": "Feature", "geometry": {"type": "Point", "coordinates": [-87.67821834079727, 41.943132398547775]}, "properties": {"id": "MOCK-000206", "obstruction_type": "debris", "photo_count": 3, "plate_state": "IL", "plate_number": "MOCK254", "company_name": "Placeholder Logistics", "notes": "Partially blocking lane", "metro_city": "Chicago", "occurred_at": "2026-01-02T17:09:00", "crash_occurred": false, "data_tier": "mock", "lat": 41.943132398547775, "lng": -87.67821834079727}}, {"type": "Feature", "geometry": {"type": "Point", "coordinates": [-87.62787280811293, 41.726470251215886]}, "properties": {"id": "MOCK-000207", "obstruction_type": "debris", "photo_count": 5, "plate_state": "IL", "plate_number": null, "company_name": "Mock Transport Inc.", "notes": "Partially blocking lane", "metro_city": "Chicago", "occurred_at": "2025-07-08T16:08:00", "crash_occurred": false, "data_tier": "mock", "lat": 41.726470251215886, "lng": -87.62787280811293}}, {"type": "Feature", "geometry": {"type": "Point", "coordinates": [-87.61606811352135, 41.867599350729144]}, "properties": {"id": "MOCK-000208", "obstruction_type": "delivery_vehicle", "photo_count": 5, "plate_state": "WI", "plate_number": "MOCK429", "company_name": "Placeholder Logistics", "notes": "Observed during rush hour", "metro_city": "Chicago", "occurred_at": "2025-01-21T17:19:00", "crash_occurred": false, "data_tier": "mock", "lat": 41.867599350729144, "lng": -87.61606811352135}}, {"type": "Feature", "geometry": {"type": "Point", "coordinates": [-87.66149987716327, 41.89795983680886]}, "properties": {"id": "MOCK-000209", "obstruction_type": "debris", "photo_count": 3, "plate_state": "unknown", "plate_number": "MOCK636", "company_name": "Mock Transport Inc.", "notes": "Bike lane obstruction", "metro_city": "Chicago", "occurred_at": "2025-06-03T11:48:00", "crash_occurred": false, "data_tier": "mock", "lat": 41.89795983680886, "lng": -87.66149987716327}}, {"type": "Feature", "geometry": {"type": "Point", "coordinates": [-87.62304491602755, 41.746696026616995]}, "properties": {"id": "MOCK-000210", "obstruction_type": "delivery_vehicle", "photo_count": 1, "plate_state": "unknown", "plate_number": null, "company_name": "Placeholder Logistics", "notes": "Observed during rush hour", "metro_city": "Chicago", "occurred_at": "2026-01-27T12:56:00", "crash_occurred": false, "data_tier": "mock", "lat": 41.746696026616995, "lng": -87.62304491602755}}, {"type": "Feature", "geometry": {"type": "Point", "coordinates": [-87.66616275665103, 41.89919834866869]}, "properties": {"id": "MOCK-000211", "obstruction_type": "snow_ice", "photo_count": 0, "plate_state": "IL", "plate_number": "MOCK526", "company_name": null, "notes": "Bike lane obstruction", "metro_city": "Chicago", "occurred_at": "2025-05-23T09:43:00", "crash_occurred": false, "data_tier": "mock", "lat": 41.89919834866869, "lng": -87.66616275665103}}, {"type": "Feature", "geometry": {"type": "Point", "coordinates": [-87.67175484438964, 41.93539365446359]}, "properties": {"id": "MOCK-000212", "obstruction_type": "delivery_vehicle", "photo_count": 3, "plate_state": "IL", "plate_number": "MOCK732", "company_name": "Generic Delivery Co.", "notes": "Creates hazard for cyclists", "metro_city": "Chicago", "occurred_at": "2025-05-13T17:53:00", "crash_occurred": false, "data_tier": "mock", "lat": 41.93539365446359, "lng": -87.67175484438964}}, {"type": "Feature", "geometry": {"type": "Point", "coordinates": [-87.62894805367661, 41.879383775124914]}, "properties": {"id": "MOCK-000213", "obstruction_type": "delivery_vehicle", "photo_count": 5, "plate_state": "MI", "plate_number": "MOCK102", "company_name": "Generic Delivery Co.", "notes": "Parked incorrectly", "metro_city": "Chicago", "occurred_at": "2025-04-18T21:31:00", "crash_occurred": false, "data_tier": "mock", "lat": 41.879383775124914, "lng": -87.62894805367661}}, {"type": "Feature", "geometry": {"type": "Point", "coordinates": [-87.67191722396844, 41.94008331821782]}, "properties": {"id": "MOCK-000214", "obstruction_type": "delivery_vehicle", "photo_count": 3, "plate_state": "WI", "plate_number": null, "company_name": "Generic Delivery Co.", "notes": "Observed during rush hour", "metro_city": "Chicago", "occurred_at": "2025-07-14T11:51:00", "crash_occurred": false, "data_tier": "mock", "lat": 41.94008331821782, "lng": -87.67191722396844}}, {"type": "Feature", "geometry": {"type": "Point", "coordinates": [-87.67199399956881, 41.88965674448639]}, "properties": {"id": "MOCK-000215", "obstruction_type": "snow_ice", "photo_count": 1, "plate_state": "WI", "plate_number": "MOCK548", "company_name": "Mock Transport Inc.", "notes": "Parked incorrectly", "metro_city": "Chicago", "occurred_at": "2025-04-22T08:29:00", "crash_occurred": false, "data_tier": "mock", "lat": 41.88965674448639, "lng": -87.67199399956881}}, {"type": "Feature", "geometry": {"type": "Point", "coordinates": [-87.62926012965015, 41.89985717322284]}, "properties": {"id": "MOCK-000216", "obstruction_type": "vehicle_in_lane", "photo_count": 1, "plate_state": "unknown", "plate_number": "MOCK964", "company_name": "Placeholder Logistics", "notes": "Observed during rush hour", "metro_city": "Chicago", "occurred_at": "2026-03-19T17:11:00", "crash_occurred": false, "data_tier": "mock", "lat": 41.89985717322284, "lng": -87.62926012965015}}, {"type": "Feature", "geometry": {"type": "Point", "coordinates": [-87.66635368267754, 41.89915829597093]}, "properties": {"id": "MOCK-000217", "obstruction_type": "delivery_vehicle", "photo_count": 3, "plate_state": "MI", "plate_number": null, "company_name": null, "notes": "Bike lane obstruction", "metro_city": "Chicago", "occurred_at": "2025-03-05T00:45:00", "crash_occurred": false, "data_tier": "mock", "lat": 41.89915829597093, "lng": -87.66635368267754}}, {"type": "Feature", "geometry": {"type": "Point", "coordinates": [-87.67515650810711, 41.8239374694998]}, "properties": {"id": "MOCK-000218", "obstruction_type": "snow_ice", "photo_count": 5, "plate_state": "OH", "plate_number": null, "company_name": "Placeholder Logistics", "notes": "Bike lane obstruction", "metro_city": "Chicago", "occurred_at": "2026-01-06T04:53:00", "crash_occurred": false, "data_tier": "mock", "lat": 41.8239374694998, "lng": -87.67515650810711}}, {"type": "Feature", "geometry": {"type": "Point", "coordinates": [-87.6600829236857, 41.898951120998895]}, "properties": {"id": "MOCK-000219", "obstruction_type": "other", "photo_count": 3, "plate_state": "MI", "plate_number": "MOCK176", "company_name": null, "notes": "Creates hazard for cyclists", "metro_city": "Chicago", "occurred_at": "2025-09-20T18:41:00", "crash_occurred": false, "data_tier": "mock", "lat": 41.898951120998895, "lng": -87.6600829236857}}, {"type": "Feature", "geometry": {"type": "Point", "coordinates": [-87.67807864489691, 41.93624215739457]}, "properties": {"id": "MOCK-000220", "obstruction_type": "other", "photo_count": 3, "plate_state": "MI", "plate_number": "MOCK609", "company_name": "Generic Delivery Co.", "notes": "Observed during rush hour", "metro_city": "Chicago", "occurred_at": "2026-03-06T07:50:00", "crash_occurred": false, "data_tier": "mock", "lat": 41.93624215739457, "lng": -87.67807864489691}}, {"type": "Feature", "geometry": {"type": "Point", "coordinates": [-87.62873977674033, 41.89313076528024]}, "properties": {"id": "MOCK-000221", "obstruction_type": "debris", "photo_count": 2, "plate_state": "IL", "plate_number": "MOCK964", "company_name": null, "notes": "Creates hazard for cyclists", "metro_city": "Chicago", "occurred_at": "2026-05-16T07:48:00", "crash_occurred": false, "data_tier": "mock", "lat": 41.89313076528024, "lng": -87.62873977674033}}, {"type": "Feature", "geometry": {"type": "Point", "coordinates": [-87.73328508241383, 41.944108748235315]}, "properties": {"id": "MOCK-000222", "obstruction_type": "vehicle_in_lane", "photo_count": 0, "plate_state": "IN", "plate_number": "MOCK941", "company_name": null, "notes": "Observed during rush hour", "metro_city": "Chicago", "occurred_at": "2025-10-04T17:13:00", "crash_occurred": false, "data_tier": "mock", "lat": 41.944108748235315, "lng": -87.73328508241383}}, {"type": "Feature", "geometry": {"type": "Point", "coordinates": [-87.68505573964647, 41.818531279048976]}, "properties": {"id": "MOCK-000223", "obstruction_type": "snow_ice", "photo_count": 5, "plate_state": "OH", "plate_number": null, "company_name": null, "notes": "Bike lane obstruction", "metro_city": "Chicago", "occurred_at": "2026-06-17T16:35:00", "crash_occurred": false, "data_tier": "mock", "lat": 41.818531279048976, "lng": -87.68505573964647}}, {"type": "Feature", "geometry": {"type": "Point", "coordinates": [-87.66471979193095, 41.88897024878835]}, "properties": {"id": "MOCK-000224", "obstruction_type": "other", "photo_count": 1, "plate_state": "IL", "plate_number": "MOCK714", "company_name": "Mock Transport Inc.", "notes": "Safety concern", "metro_city": "Chicago", "occurred_at": "2026-02-14T22:48:00", "crash_occurred": false, "data_tier": "mock", "lat": 41.88897024878835, "lng": -87.66471979193095}}, {"type": "Feature", "geometry": {"type": "Point", "coordinates": [-87.6806838621484, 41.91225207676003]}, "properties": {"id": "MOCK-000225", "obstruction_type": "poor_design", "photo_count": 5, "plate_state": "unknown", "plate_number": "MOCK963", "company_name": "Mock Transport Inc.", "notes": "Parked incorrectly", "metro_city": "Chicago", "occurred_at": "2025-08-27T09:43:00", "crash_occurred": false, "data_tier": "mock", "lat": 41.91225207676003, "lng": -87.6806838621484}}, {"type": "Feature", "geometry": {"type": "Point", "coordinates": [-87.66506790703454, 41.828932645489324]}, "properties": {"id": "MOCK-000226", "obstruction_type": "snow_ice", "photo_count": 0, "plate_state": "WI", "plate_number": "MOCK696", "company_name": null, "notes": "Parked incorrectly", "metro_city": "Chicago", "occurred_at": "2025-11-05T07:01:00", "crash_occurred": false, "data_tier": "mock", "lat": 41.828932645489324, "lng": -87.66506790703454}}, {"type": "Feature", "geometry": {"type": "Point", "coordinates": [-87.6721072465988, 41.901041759462146]}, "properties": {"id": "MOCK-000227", "obstruction_type": "debris", "photo_count": 5, "plate_state": "WI", "plate_number": null, "company_name": "Generic Delivery Co.", "notes": "Parked incorrectly", "metro_city": "Chicago", "occurred_at": "2025-11-14T09:55:00", "crash_occurred": false, "data_tier": "mock", "lat": 41.901041759462146, "lng": -87.6721072465988}}, {"type": "Feature", "geometry": {"type": "Point", "coordinates": [-87.65149277016147, 41.952701173307496]}, "properties": {"id": "MOCK-000228", "obstruction_type": "snow_ice", "photo_count": 2, "plate_state": "unknown", "plate_number": "MOCK490", "company_name": null, "notes": "Bike lane obstruction", "metro_city": "Chicago", "occurred_at": "2025-12-03T16:39:00", "crash_occurred": false, "data_tier": "mock", "lat": 41.952701173307496, "lng": -87.65149277016147}}, {"type": "Feature", "geometry": {"type": "Point", "coordinates": [-87.67707231003774, 41.88917872561144]}, "properties": {"id": "MOCK-000229", "obstruction_type": "snow_ice", "photo_count": 2, "plate_state": "OH", "plate_number": "MOCK717", "company_name": "Placeholder Logistics", "notes": "Parked incorrectly", "metro_city": "Chicago", "occurred_at": "2025-08-01T09:07:00", "crash_occurred": false, "data_tier": "mock", "lat": 41.88917872561144, "lng": -87.67707231003774}}, {"type": "Feature", "geometry": {"type": "Point", "coordinates": [-87.65716085244443, 41.89463794340761]}, "properties": {"id": "MOCK-000230", "obstruction_type": "debris", "photo_count": 3, "plate_state": "unknown", "plate_number": "MOCK140", "company_name": "Placeholder Logistics", "notes": "Creates hazard for cyclists", "metro_city": "Chicago", "occurred_at": "2025-03-10T21:19:00", "crash_occurred": false, "data_tier": "mock", "lat": 41.89463794340761, "lng": -87.65716085244443}}, {"type": "Feature", "geometry": {"type": "Point", "coordinates": [-87.67188380069693, 41.91046072030838]}, "properties": {"id": "MOCK-000231", "obstruction_type": "delivery_vehicle", "photo_count": 4, "plate_state": "IL", "plate_number": "MOCK263", "company_name": null, "notes": "Safety concern", "metro_city": "Chicago", "occurred_at": "2026-03-06T08:21:00", "crash_occurred": false, "data_tier": "mock", "lat": 41.91046072030838, "lng": -87.67188380069693}}, {"type": "Feature", "geometry": {"type": "Point", "coordinates": [-87.62898511926436, 41.89327697284441]}, "properties": {"id": "MOCK-000232", "obstruction_type": "construction", "photo_count": 1, "plate_state": "unknown", "plate_number": "MOCK736", "company_name": "Placeholder Logistics", "notes": "Observed during rush hour", "metro_city": "Chicago", "occurred_at": "2025-12-11T03:24:00", "crash_occurred": false, "data_tier": "mock", "lat": 41.89327697284441, "lng": -87.62898511926436}}, {"type": "Feature", "geometry": {"type": "Point", "coordinates": [-87.71378605642846, 41.932606658979964]}, "properties": {"id": "MOCK-000233", "obstruction_type": "construction", "photo_count": 0, "plate_state": "WI", "plate_number": "MOCK297", "company_name": "Mock Transport Inc.", "notes": "Safety concern", "metro_city": "Chicago", "occurred_at": "2025-04-11T18:34:00", "crash_occurred": true, "data_tier": "mock", "lat": 41.932606658979964, "lng": -87.71378605642846}}, {"type": "Feature", "geometry": {"type": "Point", "coordinates": [-87.67890991656132, 41.9681990378413]}, "properties": {"id": "MOCK-000234", "obstruction_type": "other", "photo_count": 5, "plate_state": "unknown", "plate_number": "MOCK762", "company_name": "Generic Delivery Co.", "notes": "Parked incorrectly", "metro_city": "Chicago", "occurred_at": "2025-06-23T01:05:00", "crash_occurred": false, "data_tier": "mock", "lat": 41.9681990378413, "lng": -87.67890991656132}}, {"type": "Feature", "geometry": {"type": "Point", "coordinates": [-87.71625907829383, 41.93411369449742]}, "properties": {"id": "MOCK-000235", "obstruction_type": "debris", "photo_count": 3, "plate_state": "MI", "plate_number": "MOCK514", "company_name": null, "notes": "Creates hazard for cyclists", "metro_city": "Chicago", "occurred_at": "2025-02-03T09:39:00", "crash_occurred": false, "data_tier": "mock", "lat": 41.93411369449742, "lng": -87.71625907829383}}, {"type": "Feature", "geometry": {"type": "Point", "coordinates": [-87.74036634244807, 41.94843357470206]}, "properties": {"id": "MOCK-000236", "obstruction_type": "debris", "photo_count": 5, "plate_state": "WI", "plate_number": "MOCK388", "company_name": null, "notes": "Bike lane obstruction", "metro_city": "Chicago", "occurred_at": "2026-02-25T07:08:00", "crash_occurred": false, "data_tier": "mock", "lat": 41.94843357470206, "lng": -87.74036634244807}}, {"type": "Feature", "geometry": {"type": "Point", "coordinates": [-87.58602498334969, 41.77870918037157]}, "properties": {"id": "MOCK-000237", "obstruction_type": "snow_ice", "photo_count": 5, "plate_state": "unknown", "plate_number": "MOCK111", "company_name": "Placeholder Logistics", "notes": "Observed during rush hour", "metro_city": "Chicago", "occurred_at": "2025-02-28T16:19:00", "crash_occurred": false, "data_tier": "mock", "lat": 41.77870918037157, "lng": -87.58602498334969}}, {"type": "Feature", "geometry": {"type": "Point", "coordinates": [-87.68986408808293, 41.81571669548259]}, "properties": {"id": "MOCK-000238", "obstruction_type": "poor_design", "photo_count": 1, "plate_state": "IN", "plate_number": null, "company_name": "Mock Transport Inc.", "notes": "Partially blocking lane", "metro_city": "Chicago", "occurred_at": "2025-05-14T01:54:00", "crash_occurred": false, "data_tier": "mock", "lat": 41.81571669548259, "lng": -87.68986408808293}}, {"type": "Feature", "geometry": {"type": "Point", "coordinates": [-87.67095507710677, 41.79489372230125]}, "properties": {"id": "MOCK-000239", "obstruction_type": "vehicle_in_lane", "photo_count": 2, "plate_state": "IL", "plate_number": null, "company_name": null, "notes": "Creates hazard for cyclists", "metro_city": "Chicago", "occurred_at": "2026-01-16T16:20:00", "crash_occurred": false, "data_tier": "mock", "lat": 41.79489372230125, "lng": -87.67095507710677}}, {"type": "Feature", "geometry": {"type": "Point", "coordinates": [-87.74520833450866, 41.951500322175455]}, "properties": {"id": "MOCK-000240", "obstruction_type": "other", "photo_count": 2, "plate_state": "MI", "plate_number": null, "company_name": "Mock Transport Inc.", "notes": "Partially blocking lane", "metro_city": "Chicago", "occurred_at": "2025-08-31T08:53:00", "crash_occurred": false, "data_tier": "mock", "lat": 41.951500322175455, "lng": -87.74520833450866}}, {"type": "Feature", "geometry": {"type": "Point", "coordinates": [-87.72189468941777, 41.95403092061432]}, "properties": {"id": "MOCK-000241", "obstruction_type": "construction", "photo_count": 4, "plate_state": "IL", "plate_number": null, "company_name": "Generic Delivery Co.", "notes": "Creates hazard for cyclists", "metro_city": "Chicago", "occurred_at": "2025-06-09T18:04:00", "crash_occurred": false, "data_tier": "mock", "lat": 41.95403092061432, "lng": -87.72189468941777}}, {"type": "Feature", "geometry": {"type": "Point", "coordinates": [-87.5859535269449, 41.781083632305496]}, "properties": {"id": "MOCK-000242", "obstruction_type": "construction", "photo_count": 4, "plate_state": "IN", "plate_number": "MOCK664", "company_name": "Mock Transport Inc.", "notes": "Safety concern", "metro_city": "Chicago", "occurred_at": "2026-05-15T09:46:00", "crash_occurred": false, "data_tier": "mock", "lat": 41.781083632305496, "lng": -87.5859535269449}}, {"type": "Feature", "geometry": {"type": "Point", "coordinates": [-87.67200363510457, 41.91459303367887]}, "properties": {"id": "MOCK-000243", "obstruction_type": "other", "photo_count": 4, "plate_state": "unknown", "plate_number": null, "company_name": "Placeholder Logistics", "notes": "Bike lane obstruction", "metro_city": "Chicago", "occurred_at": "2025-06-28T04:47:00", "crash_occurred": false, "data_tier": "mock", "lat": 41.91459303367887, "lng": -87.67200363510457}}, {"type": "Feature", "geometry": {"type": "Point", "coordinates": [-87.67190451487136, 41.90587571735111]}, "properties": {"id": "MOCK-000244", "obstruction_type": "delivery_vehicle", "photo_count": 0, "plate_state": "unknown", "plate_number": null, "company_name": "Mock Transport Inc.", "notes": "Bike lane obstruction", "metro_city": "Chicago", "occurred_at": "2026-05-12T01:41:00", "crash_occurred": false, "data_tier": "mock", "lat": 41.90587571735111, "lng": -87.67190451487136}}, {"type": "Feature", "geometry": {"type": "Point", "coordinates": [-87.63431963405927, 41.79498588106791]}, "properties": {"id": "MOCK-000245", "obstruction_type": "delivery_vehicle", "photo_count": 3, "plate_state": "unknown", "plate_number": "MOCK701", "company_name": "Generic Delivery Co.", "notes": "Safety concern", "metro_city": "Chicago", "occurred_at": "2025-10-01T16:25:00", "crash_occurred": false, "data_tier": "mock", "lat": 41.79498588106791, "lng": -87.63431963405927}}, {"type": "Feature", "geometry": {"type": "Point", "coordinates": [-87.68001355838673, 41.88901176864788]}, "properties": {"id": "MOCK-000246", "obstruction_type": "delivery_vehicle", "photo_count": 3, "plate_state": "IN", "plate_number": null, "company_name": "Mock Transport Inc.", "notes": "Partially blocking lane", "metro_city": "Chicago", "occurred_at": "2025-06-19T16:42:00", "crash_occurred": false, "data_tier": "mock", "lat": 41.88901176864788, "lng": -87.68001355838673}}, {"type": "Feature", "geometry": {"type": "Point", "coordinates": [-87.6526841535535, 41.83566563338892]}, "properties": {"id": "MOCK-000247", "obstruction_type": "poor_design", "photo_count": 1, "plate_state": "unknown", "plate_number": "MOCK122", "company_name": "Placeholder Logistics", "notes": "Observed during rush hour", "metro_city": "Chicago", "occurred_at": "2025-05-27T16:57:00", "crash_occurred": false, "data_tier": "mock", "lat": 41.83566563338892, "lng": -87.6526841535535}}, {"type": "Feature", "geometry": {"type": "Point", "coordinates": [-87.66569987979256, 41.90126692149337]}, "properties": {"id": "MOCK-000248", "obstruction_type": "poor_design", "photo_count": 5, "plate_state": "IL", "plate_number": "MOCK845", "company_name": "Mock Transport Inc.", "notes": "Observed during rush hour", "metro_city": "Chicago", "occurred_at": "2025-08-26T15:10:00", "crash_occurred": false, "data_tier": "mock", "lat": 41.90126692149337, "lng": -87.66569987979256}}, {"type": "Feature", "geometry": {"type": "Point", "coordinates": [-87.67849929889327, 41.95205870188798]}, "properties": {"id": "MOCK-000249", "obstruction_type": "delivery_vehicle", "photo_count": 5, "plate_state": "unknown", "plate_number": "MOCK564", "company_name": "Generic Delivery Co.", "notes": "Partially blocking lane", "metro_city": "Chicago", "occurred_at": "2026-02-08T09:43:00", "crash_occurred": false, "data_tier": "mock", "lat": 41.95205870188798, "lng": -87.67849929889327}}, {"type": "Feature", "geometry": {"type": "Point", "coordinates": [-87.67214199540656, 41.896606944587624]}, "properties": {"id": "MOCK-000250", "obstruction_type": "other", "photo_count": 4, "plate_state": "OH", "plate_number": "MOCK195", "company_name": null, "notes": "Parked incorrectly", "metro_city": "Chicago", "occurred_at": "2025-05-30T09:41:00", "crash_occurred": false, "data_tier": "mock", "lat": 41.896606944587624, "lng": -87.67214199540656}}, {"type": "Feature", "geometry": {"type": "Point", "coordinates": [-87.6718153541028, 41.939713021003065]}, "properties": {"id": "MOCK-000251", "obstruction_type": "construction", "photo_count": 3, "plate_state": "WI", "plate_number": "MOCK859", "company_name": "Generic Delivery Co.", "notes": "Bike lane obstruction", "metro_city": "Chicago", "occurred_at": "2025-06-03T02:18:00", "crash_occurred": false, "data_tier": "mock", "lat": 41.939713021003065, "lng": -87.6718153541028}}, {"type": "Feature", "geometry": {"type": "Point", "coordinates": [-87.62930896527446, 41.87455500253039]}, "properties": {"id": "MOCK-000252", "obstruction_type": "poor_design", "photo_count": 4, "plate_state": "IL", "plate_number": "MOCK484", "company_name": "Placeholder Logistics", "notes": "Parked incorrectly", "metro_city": "Chicago", "occurred_at": "2025-12-06T09:16:00", "crash_occurred": false, "data_tier": "mock", "lat": 41.87455500253039, "lng": -87.62930896527446}}, {"type": "Feature", "geometry": {"type": "Point", "coordinates": [-87.6966530843529, 41.89896744483878]}, "properties": {"id": "MOCK-000253", "obstruction_type": "other", "photo_count": 1, "plate_state": "MI", "plate_number": "MOCK670", "company_name": null, "notes": "Partially blocking lane", "metro_city": "Chicago", "occurred_at": "2026-01-31T18:22:00", "crash_occurred": false, "data_tier": "mock", "lat": 41.89896744483878, "lng": -87.6966530843529}}, {"type": "Feature", "geometry": {"type": "Point", "coordinates": [-87.67893624729201, 41.965867552195036]}, "properties": {"id": "MOCK-000254", "obstruction_type": "snow_ice", "photo_count": 1, "plate_state": "IL", "plate_number": null, "company_name": null, "notes": "Creates hazard for cyclists", "metro_city": "Chicago", "occurred_at": "2025-03-11T00:51:00", "crash_occurred": false, "data_tier": "mock", "lat": 41.965867552195036, "lng": -87.67893624729201}}, {"type": "Feature", "geometry": {"type": "Point", "coordinates": [-87.6288263944741, 41.86998934167057]}, "properties": {"id": "MOCK-000255", "obstruction_type": "poor_design", "photo_count": 0, "plate_state": "unknown", "plate_number": "MOCK510", "company_name": "Mock Transport Inc.", "notes": "Parked incorrectly", "metro_city": "Chicago", "occurred_at": "2025-03-16T20:31:00", "crash_occurred": false, "data_tier": "mock", "lat": 41.86998934167057, "lng": -87.6288263944741}}, {"type": "Feature", "geometry": {"type": "Point", "coordinates": [-87.66584786589725, 41.901125017748086]}, "properties": {"id": "MOCK-000256", "obstruction_type": "snow_ice", "photo_count": 1, "plate_state": "OH", "plate_number": null, "company_name": "Generic Delivery Co.", "notes": "Creates hazard for cyclists", "metro_city": "Chicago", "occurred_at": "2025-09-18T02:17:00", "crash_occurred": false, "data_tier": "mock", "lat": 41.901125017748086, "lng": -87.66584786589725}}, {"type": "Feature", "geometry": {"type": "Point", "coordinates": [-87.6289696857079, 41.888468822413074]}, "properties": {"id": "MOCK-000257", "obstruction_type": "snow_ice", "photo_count": 0, "plate_state": "IL", "plate_number": "MOCK843", "company_name": "Mock Transport Inc.", "notes": "Creates hazard for cyclists", "metro_city": "Chicago", "occurred_at": "2025-10-27T14:59:00", "crash_occurred": false, "data_tier": "mock", "lat": 41.888468822413074, "lng": -87.6289696857079}}, {"type": "Feature", "geometry": {"type": "Point", "coordinates": [-87.67778254148925, 41.933954021336994]}, "properties": {"id": "MOCK-000258", "obstruction_type": "debris", "photo_count": 2, "plate_state": "IL", "plate_number": "MOCK363", "company_name": "Mock Transport Inc.", "notes": "Parked incorrectly", "metro_city": "Chicago", "occurred_at": "2026-04-15T17:49:00", "crash_occurred": false, "data_tier": "mock", "lat": 41.933954021336994, "lng": -87.67778254148925}}, {"type": "Feature", "geometry": {"type": "Point", "coordinates": [-87.67182235445814, 41.91707683329261]}, "properties": {"id": "MOCK-000259", "obstruction_type": "other", "photo_count": 1, "plate_state": "unknown", "plate_number": "MOCK919", "company_name": "Mock Transport Inc.", "notes": "Bike lane obstruction", "metro_city": "Chicago", "occurred_at": "2026-01-13T16:18:00", "crash_occurred": false, "data_tier": "mock", "lat": 41.91707683329261, "lng": -87.67182235445814}}, {"type": "Feature", "geometry": {"type": "Point", "coordinates": [-87.5860380710371, 41.76264769258945]}, "properties": {"id": "MOCK-000260", "obstruction_type": "debris", "photo_count": 2, "plate_state": "IN", "plate_number": "MOCK375", "company_name": "Placeholder Logistics", "notes": "Parked incorrectly", "metro_city": "Chicago", "occurred_at": "2025-07-30T17:13:00", "crash_occurred": false, "data_tier": "mock", "lat": 41.76264769258945, "lng": -87.5860380710371}}, {"type": "Feature", "geometry": {"type": "Point", "coordinates": [-87.58592870456121, 41.783217463617035]}, "properties": {"id": "MOCK-000261", "obstruction_type": "vehicle_in_lane", "photo_count": 5, "plate_state": "unknown", "plate_number": "MOCK106", "company_name": "Generic Delivery Co.", "notes": "Bike lane obstruction", "metro_city": "Chicago", "occurred_at": "2026-02-01T18:55:00", "crash_occurred": false, "data_tier": "mock", "lat": 41.783217463617035, "lng": -87.58592870456121}}, {"type": "Feature", "geometry": {"type": "Point", "coordinates": [-87.69196154480352, 41.919866741801755]}, "properties": {"id": "MOCK-000262", "obstruction_type": "poor_design", "photo_count": 3, "plate_state": "MI", "plate_number": "MOCK133", "company_name": "Mock Transport Inc.", "notes": "Bike lane obstruction", "metro_city": "Chicago", "occurred_at": "2025-07-14T17:44:00", "crash_occurred": true, "data_tier": "mock", "lat": 41.919866741801755, "lng": -87.69196154480352}}, {"type": "Feature", "geometry": {"type": "Point", "coordinates": [-87.63037130220457, 41.909406805496154]}, "properties": {"id": "MOCK-000263", "obstruction_type": "debris", "photo_count": 1, "plate_state": "OH", "plate_number": null, "company_name": "Mock Transport Inc.", "notes": "Bike lane obstruction", "metro_city": "Chicago", "occurred_at": "2026-01-03T09:48:00", "crash_occurred": false, "data_tier": "mock", "lat": 41.909406805496154, "lng": -87.63037130220457}}, {"type": "Feature", "geometry": {"type": "Point", "coordinates": [-87.62921859650953, 41.88350810781844]}, "properties": {"id": "MOCK-000264", "obstruction_type": "snow_ice", "photo_count": 1, "plate_state": "IL", "plate_number": "MOCK923", "company_name": "Placeholder Logistics", "notes": "Safety concern", "metro_city": "Chicago", "occurred_at": "2026-04-04T18:09:00", "crash_occurred": false, "data_tier": "mock", "lat": 41.88350810781844, "lng": -87.62921859650953}}, {"type": "Feature", "geometry": {"type": "Point", "coordinates": [-87.62900981938145, 41.884108241449375]}, "properties": {"id": "MOCK-000265", "obstruction_type": "poor_design", "photo_count": 4, "plate_state": "unknown", "plate_number": "MOCK598", "company_name": "Mock Transport Inc.", "notes": "Creates hazard for cyclists", "metro_city": "Chicago", "occurred_at": "2025-03-06T01:13:00", "crash_occurred": false, "data_tier": "mock", "lat": 41.884108241449375, "lng": -87.62900981938145}}, {"type": "Feature", "geometry": {"type": "Point", "coordinates": [-87.67185229693726, 41.92160199182409]}, "properties": {"id": "MOCK-000266", "obstruction_type": "poor_design", "photo_count": 4, "plate_state": "WI", "plate_number": "MOCK521", "company_name": "Generic Delivery Co.", "notes": "Creates hazard for cyclists", "metro_city": "Chicago", "occurred_at": "2025-08-08T17:11:00", "crash_occurred": false, "data_tier": "mock", "lat": 41.92160199182409, "lng": -87.67185229693726}}, {"type": "Feature", "geometry": {"type": "Point", "coordinates": [-87.7405101051975, 41.94831393343766]}, "properties": {"id": "MOCK-000267", "obstruction_type": "vehicle_in_lane", "photo_count": 3, "plate_state": "OH", "plate_number": null, "company_name": "Placeholder Logistics", "notes": "Partially blocking lane", "metro_city": "Chicago", "occurred_at": "2025-12-28T12:54:00", "crash_occurred": false, "data_tier": "mock", "lat": 41.94831393343766, "lng": -87.7405101051975}}, {"type": "Feature", "geometry": {"type": "Point", "coordinates": [-87.6719082640626, 41.905818014407295]}, "properties": {"id": "MOCK-000268", "obstruction_type": "debris", "photo_count": 4, "plate_state": "unknown", "plate_number": "MOCK555", "company_name": "Mock Transport Inc.", "notes": "Parked incorrectly", "metro_city": "Chicago", "occurred_at": "2026-07-04T07:08:00", "crash_occurred": false, "data_tier": "mock", "lat": 41.905818014407295, "lng": -87.6719082640626}}, {"type": "Feature", "geometry": {"type": "Point", "coordinates": [-87.64492690005196, 41.83973721399076]}, "properties": {"id": "MOCK-000269", "obstruction_type": "vehicle_in_lane", "photo_count": 3, "plate_state": "OH", "plate_number": null, "company_name": null, "notes": "Safety concern", "metro_city": "Chicago", "occurred_at": "2025-04-11T17:19:00", "crash_occurred": false, "data_tier": "mock", "lat": 41.83973721399076, "lng": -87.64492690005196}}, {"type": "Feature", "geometry": {"type": "Point", "coordinates": [-87.67051537036976, 41.88917463511151]}, "properties": {"id": "MOCK-000270", "obstruction_type": "vehicle_in_lane", "photo_count": 0, "plate_state": "unknown", "plate_number": "MOCK433", "company_name": null, "notes": "Bike lane obstruction", "metro_city": "Chicago", "occurred_at": "2025-10-22T18:11:00", "crash_occurred": false, "data_tier": "mock", "lat": 41.88917463511151, "lng": -87.67051537036976}}, {"type": "Feature", "geometry": {"type": "Point", "coordinates": [-87.62911977882355, 41.89300271524906]}, "properties": {"id": "MOCK-000271", "obstruction_type": "debris", "photo_count": 3, "plate_state": "OH", "plate_number": null, "company_name": "Generic Delivery Co.", "notes": "Bike lane obstruction", "metro_city": "Chicago", "occurred_at": "2025-11-28T07:33:00", "crash_occurred": false, "data_tier": "mock", "lat": 41.89300271524906, "lng": -87.62911977882355}}, {"type": "Feature", "geometry": {"type": "Point", "coordinates": [-87.69806045483959, 41.933049384385285]}, "properties": {"id": "MOCK-000272", "obstruction_type": "construction", "photo_count": 3, "plate_state": "WI", "plate_number": null, "company_name": null, "notes": "Creates hazard for cyclists", "metro_city": "Chicago", "occurred_at": "2025-09-10T09:27:00", "crash_occurred": false, "data_tier": "mock", "lat": 41.933049384385285, "lng": -87.69806045483959}}, {"type": "Feature", "geometry": {"type": "Point", "coordinates": [-87.62892770478453, 41.900010057396415]}, "properties": {"id": "MOCK-000273", "obstruction_type": "snow_ice", "photo_count": 1, "plate_state": "OH", "plate_number": "MOCK727", "company_name": "Mock Transport Inc.", "notes": "Creates hazard for cyclists", "metro_city": "Chicago", "occurred_at": "2025-10-19T05:08:00", "crash_occurred": false, "data_tier": "mock", "lat": 41.900010057396415, "lng": -87.62892770478453}}, {"type": "Feature", "geometry": {"type": "Point", "coordinates": [-87.70635442002737, 41.89895198179827]}, "properties": {"id": "MOCK-000274", "obstruction_type": "debris", "photo_count": 0, "plate_state": "IN", "plate_number": null, "company_name": "Generic Delivery Co.", "notes": "Partially blocking lane", "metro_city": "Chicago", "occurred_at": "2025-05-01T07:14:00", "crash_occurred": false, "data_tier": "mock", "lat": 41.89895198179827, "lng": -87.70635442002737}}, {"type": "Feature", "geometry": {"type": "Point", "coordinates": [-87.67706894005974, 41.91784364149387]}, "properties": {"id": "MOCK-000275", "obstruction_type": "debris", "photo_count": 3, "plate_state": "unknown", "plate_number": "MOCK438", "company_name": "Generic Delivery Co.", "notes": "Partially blocking lane", "metro_city": "Chicago", "occurred_at": "2025-03-14T08:52:00", "crash_occurred": false, "data_tier": "mock", "lat": 41.91784364149387, "lng": -87.67706894005974}}, {"type": "Feature", "geometry": {"type": "Point", "coordinates": [-87.67704592736526, 41.92707297217459]}, "properties": {"id": "MOCK-000276", "obstruction_type": "delivery_vehicle", "photo_count": 3, "plate_state": "unknown", "plate_number": "MOCK633", "company_name": "Placeholder Logistics", "notes": "Bike lane obstruction", "metro_city": "Chicago", "occurred_at": "2026-02-19T09:46:00", "crash_occurred": false, "data_tier": "mock", "lat": 41.92707297217459, "lng": -87.67704592736526}}, {"type": "Feature", "geometry": {"type": "Point", "coordinates": [-87.60119420219321, 41.79488725220032]}, "properties": {"id": "MOCK-000277", "obstruction_type": "debris", "photo_count": 0, "plate_state": "unknown", "plate_number": null, "company_name": "Generic Delivery Co.", "notes": "Partially blocking lane", "metro_city": "Chicago", "occurred_at": "2026-04-06T07:25:00", "crash_occurred": false, "data_tier": "mock", "lat": 41.79488725220032, "lng": -87.60119420219321}}, {"type": "Feature", "geometry": {"type": "Point", "coordinates": [-87.67196225122788, 41.93065404960038]}, "properties": {"id": "MOCK-000278", "obstruction_type": "debris", "photo_count": 0, "plate_state": "IN", "plate_number": null, "company_name": "Generic Delivery Co.", "notes": "Parked incorrectly", "metro_city": "Chicago", "occurred_at": "2025-12-29T20:03:00", "crash_occurred": false, "data_tier": "mock", "lat": 41.93065404960038, "lng": -87.67196225122788}}, {"type": "Feature", "geometry": {"type": "Point", "coordinates": [-87.64998795428974, 41.83694156122038]}, "properties": {"id": "MOCK-000279", "obstruction_type": "poor_design", "photo_count": 5, "plate_state": "WI", "plate_number": "MOCK549", "company_name": "Placeholder Logistics", "notes": "Observed during rush hour", "metro_city": "Chicago", "occurred_at": "2026-02-07T17:45:00", "crash_occurred": false, "data_tier": "mock", "lat": 41.83694156122038, "lng": -87.64998795428974}}, {"type": "Feature", "geometry": {"type": "Point", "coordinates": [-87.6288458045349, 41.87927906346308]}, "properties": {"id": "MOCK-000280", "obstruction_type": "snow_ice", "photo_count": 3, "plate_state": "WI", "plate_number": "MOCK713", "company_name": "Placeholder Logistics", "notes": "Observed during rush hour", "metro_city": "Chicago", "occurred_at": "2025-06-24T17:23:00", "crash_occurred": false, "data_tier": "mock", "lat": 41.87927906346308, "lng": -87.6288458045349}}, {"type": "Feature", "geometry": {"type": "Point", "coordinates": [-87.65875558493416, 41.79501032286826]}, "properties": {"id": "MOCK-000281", "obstruction_type": "other", "photo_count": 2, "plate_state": "OH", "plate_number": null, "company_name": "Generic Delivery Co.", "notes": "Parked incorrectly", "metro_city": "Chicago", "occurred_at": "2026-02-17T17:09:00", "crash_occurred": false, "data_tier": "mock", "lat": 41.79501032286826, "lng": -87.65875558493416}}, {"type": "Feature", "geometry": {"type": "Point", "coordinates": [-87.6528279498281, 41.891495926770595]}, "properties": {"id": "MOCK-000282", "obstruction_type": "other", "photo_count": 1, "plate_state": "IN", "plate_number": "MOCK306", "company_name": "Generic Delivery Co.", "notes": "Bike lane obstruction", "metro_city": "Chicago", "occurred_at": "2025-08-01T18:31:00", "crash_occurred": false, "data_tier": "mock", "lat": 41.891495926770595, "lng": -87.6528279498281}}, {"type": "Feature", "geometry": {"type": "Point", "coordinates": [-87.62871699323644, 41.87234690143956]}, "properties": {"id": "MOCK-000283", "obstruction_type": "vehicle_in_lane", "photo_count": 1, "plate_state": "unknown", "plate_number": "MOCK952", "company_name": "Generic Delivery Co.", "notes": "Bike lane obstruction", "metro_city": "Chicago", "occurred_at": "2025-03-20T13:52:00", "crash_occurred": false, "data_tier": "mock", "lat": 41.87234690143956, "lng": -87.62871699323644}}, {"type": "Feature", "geometry": {"type": "Point", "coordinates": [-87.58605335037481, 41.78296607137309]}, "properties": {"id": "MOCK-000284", "obstruction_type": "other", "photo_count": 2, "plate_state": "IL", "plate_number": "MOCK631", "company_name": "Generic Delivery Co.", "notes": "Observed during rush hour", "metro_city": "Chicago", "occurred_at": "2025-09-10T16:36:00", "crash_occurred": false, "data_tier": "mock", "lat": 41.78296607137309, "lng": -87.58605335037481}}, {"type": "Feature", "geometry": {"type": "Point", "coordinates": [-87.62923606944928, 41.89309496513933]}, "properties": {"id": "MOCK-000285", "obstruction_type": "snow_ice", "photo_count": 3, "plate_state": "unknown", "plate_number": "MOCK206", "company_name": "Placeholder Logistics", "notes": "Partially blocking lane", "metro_city": "Chicago", "occurred_at": "2026-03-04T17:38:00", "crash_occurred": false, "data_tier": "mock", "lat": 41.89309496513933, "lng": -87.62923606944928}}, {"type": "Feature", "geometry": {"type": "Point", "coordinates": [-87.7187879073876, 41.93571132434986]}, "properties": {"id": "MOCK-000286", "obstruction_type": "snow_ice", "photo_count": 3, "plate_state": "unknown", "plate_number": "MOCK346", "company_name": "Placeholder Logistics", "notes": "Bike lane obstruction", "metro_city": "Chicago", "occurred_at": "2025-10-04T16:46:00", "crash_occurred": false, "data_tier": "mock", "lat": 41.93571132434986, "lng": -87.7187879073876}}, {"type": "Feature", "geometry": {"type": "Point", "coordinates": [-87.67200635285248, 41.92178079543838]}, "properties": {"id": "MOCK-000287", "obstruction_type": "debris", "photo_count": 1, "plate_state": "IN", "plate_number": "MOCK122", "company_name": "Mock Transport Inc.", "notes": "Safety concern", "metro_city": "Chicago", "occurred_at": "2026-06-24T04:06:00", "crash_occurred": false, "data_tier": "mock", "lat": 41.92178079543838, "lng": -87.67200635285248}}, {"type": "Feature", "geometry": {"type": "Point", "coordinates": [-87.67719645871371, 41.908882921625235]}, "properties": {"id": "MOCK-000288", "obstruction_type": "debris", "photo_count": 2, "plate_state": "IL", "plate_number": "MOCK682", "company_name": "Placeholder Logistics", "notes": "Parked incorrectly", "metro_city": "Chicago", "occurred_at": "2025-04-06T05:31:00", "crash_occurred": false, "data_tier": "mock", "lat": 41.908882921625235, "lng": -87.67719645871371}}, {"type": "Feature", "geometry": {"type": "Point", "coordinates": [-87.67234663818016, 41.898976702509984]}, "properties": {"id": "MOCK-000289", "obstruction_type": "other", "photo_count": 4, "plate_state": "MI", "plate_number": null, "company_name": "Generic Delivery Co.", "notes": "Creates hazard for cyclists", "metro_city": "Chicago", "occurred_at": "2026-01-08T16:55:00", "crash_occurred": false, "data_tier": "mock", "lat": 41.898976702509984, "lng": -87.67234663818016}}, {"type": "Feature", "geometry": {"type": "Point", "coordinates": [-87.58619052084045, 41.78078206188946]}, "properties": {"id": "MOCK-000290", "obstruction_type": "vehicle_in_lane", "photo_count": 2, "plate_state": "OH", "plate_number": null, "company_name": "Placeholder Logistics", "notes": "Creates hazard for cyclists", "metro_city": "Chicago", "occurred_at": "2026-06-15T17:28:00", "crash_occurred": false, "data_tier": "mock", "lat": 41.78078206188946, "lng": -87.58619052084045}}, {"type": "Feature", "geometry": {"type": "Point", "coordinates": [-87.67680259352828, 41.9042057513743]}, "properties": {"id": "MOCK-000291", "obstruction_type": "delivery_vehicle", "photo_count": 2, "plate_state": "IL", "plate_number": "MOCK863", "company_name": "Generic Delivery Co.", "notes": "Safety concern", "metro_city": "Chicago", "occurred_at": "2026-02-28T16:30:00", "crash_occurred": false, "data_tier": "mock", "lat": 41.9042057513743, "lng": -87.67680259352828}}, {"type": "Feature", "geometry": {"type": "Point", "coordinates": [-87.67835187938081, 41.952338128047245]}, "properties": {"id": "MOCK-000292", "obstruction_type": "delivery_vehicle", "photo_count": 0, "plate_state": "WI", "plate_number": "MOCK431", "company_name": "Generic Delivery Co.", "notes": "Observed during rush hour", "metro_city": "Chicago", "occurred_at": "2026-03-16T09:41:00", "crash_occurred": true, "data_tier": "mock", "lat": 41.952338128047245, "lng": -87.67835187938081}}, {"type": "Feature", "geometry": {"type": "Point", "coordinates": [-87.72850311969151, 41.94126282344863]}, "properties": {"id": "MOCK-000293", "obstruction_type": "other", "photo_count": 1, "plate_state": "IN", "plate_number": "MOCK259", "company_name": "Generic Delivery Co.", "notes": "Observed during rush hour", "metro_city": "Chicago", "occurred_at": "2025-03-13T04:55:00", "crash_occurred": false, "data_tier": "mock", "lat": 41.94126282344863, "lng": -87.72850311969151}}, {"type": "Feature", "geometry": {"type": "Point", "coordinates": [-87.7403409621434, 41.94848170317319]}, "properties": {"id": "MOCK-000294", "obstruction_type": "debris", "photo_count": 1, "plate_state": "unknown", "plate_number": "MOCK308", "company_name": "Mock Transport Inc.", "notes": "Safety concern", "metro_city": "Chicago", "occurred_at": "2026-05-26T22:44:00", "crash_occurred": false, "data_tier": "mock", "lat": 41.94848170317319, "lng": -87.7403409621434}}, {"type": "Feature", "geometry": {"type": "Point", "coordinates": [-87.67195531198729, 41.90341716926269]}, "properties": {"id": "MOCK-000295", "obstruction_type": "snow_ice", "photo_count": 4, "plate_state": "WI", "plate_number": null, "company_name": "Generic Delivery Co.", "notes": "Observed during rush hour", "metro_city": "Chicago", "occurred_at": "2026-02-18T21:23:00", "crash_occurred": false, "data_tier": "mock", "lat": 41.90341716926269, "lng": -87.67195531198729}}, {"type": "Feature", "geometry": {"type": "Point", "coordinates": [-87.62901526573314, 41.87671145651237]}, "properties": {"id": "MOCK-000296", "obstruction_type": "debris", "photo_count": 3, "plate_state": "OH", "plate_number": "MOCK290", "company_name": "Placeholder Logistics", "notes": "Safety concern", "metro_city": "Chicago", "occurred_at": "2026-04-30T01:15:00", "crash_occurred": false, "data_tier": "mock", "lat": 41.87671145651237, "lng": -87.62901526573314}}, {"type": "Feature", "geometry": {"type": "Point", "coordinates": [-87.62886067147903, 41.88853013395436]}, "properties": {"id": "MOCK-000297", "obstruction_type": "debris", "photo_count": 2, "plate_state": "unknown", "plate_number": "MOCK613", "company_name": "Mock Transport Inc.", "notes": "Observed during rush hour", "metro_city": "Chicago", "occurred_at": "2025-10-07T00:35:00", "crash_occurred": false, "data_tier": "mock", "lat": 41.88853013395436, "lng": -87.62886067147903}}, {"type": "Feature", "geometry": {"type": "Point", "coordinates": [-87.69651080914885, 41.92287517318965]}, "properties": {"id": "MOCK-000298", "obstruction_type": "poor_design", "photo_count": 5, "plate_state": "OH", "plate_number": "MOCK802", "company_name": "Placeholder Logistics", "notes": "Bike lane obstruction", "metro_city": "Chicago", "occurred_at": "2025-09-20T09:21:00", "crash_occurred": false, "data_tier": "mock", "lat": 41.92287517318965, "lng": -87.69651080914885}}, {"type": "Feature", "geometry": {"type": "Point", "coordinates": [-87.67858977935619, 41.956702653023754]}, "properties": {"id": "MOCK-000299", "obstruction_type": "delivery_vehicle", "photo_count": 2, "plate_state": "unknown", "plate_number": "MOCK636", "company_name": "Placeholder Logistics", "notes": "Bike lane obstruction", "metro_city": "Chicago", "occurred_at": "2025-06-14T07:35:00", "crash_occurred": false, "data_tier": "mock", "lat": 41.956702653023754, "lng": -87.67858977935619}}, {"type": "Feature", "geometry": {"type": "Point", "coordinates": [-87.64760940613466, 41.89061924165371]}, "properties": {"id": "MOCK-000300", "obstruction_type": "construction", "photo_count": 3, "plate_state": "WI", "plate_number": "MOCK941", "company_name": "Mock Transport Inc.", "notes": "Partially blocking lane", "metro_city": "Chicago", "occurred_at": "2025-07-28T18:39:00", "crash_occurred": false, "data_tier": "mock", "lat": 41.89061924165371, "lng": -87.64760940613466}}, {"type": "Feature", "geometry": {"type": "Point", "coordinates": [-87.64309901419483, 41.930833608902994]}, "properties": {"id": "MOCK-000301", "obstruction_type": "snow_ice", "photo_count": 3, "plate_state": "IN", "plate_number": "MOCK719", "company_name": null, "notes": "Parked incorrectly", "metro_city": "Chicago", "occurred_at": "2026-02-03T07:12:00", "crash_occurred": false, "data_tier": "mock", "lat": 41.930833608902994, "lng": -87.64309901419483}}, {"type": "Feature", "geometry": {"type": "Point", "coordinates": [-87.67173391436187, 41.90565949281442]}, "properties": {"id": "MOCK-000302", "obstruction_type": "delivery_vehicle", "photo_count": 1, "plate_state": "IL", "plate_number": null, "company_name": null, "notes": "Safety concern", "metro_city": "Chicago", "occurred_at": "2026-06-02T07:27:00", "crash_occurred": false, "data_tier": "mock", "lat": 41.90565949281442, "lng": -87.67173391436187}}, {"type": "Feature", "geometry": {"type": "Point", "coordinates": [-87.6287356817791, 41.8951337434801]}, "properties": {"id": "MOCK-000303", "obstruction_type": "poor_design", "photo_count": 4, "plate_state": "OH", "plate_number": "MOCK996", "company_name": "Generic Delivery Co.", "notes": "Safety concern", "metro_city": "Chicago", "occurred_at": "2025-05-08T01:56:00", "crash_occurred": false, "data_tier": "mock", "lat": 41.8951337434801, "lng": -87.6287356817791}}, {"type": "Feature", "geometry": {"type": "Point", "coordinates": [-87.6459248855862, 41.953407515213094]}, "properties": {"id": "MOCK-000304", "obstruction_type": "snow_ice", "photo_count": 0, "plate_state": "IN", "plate_number": null, "company_name": null, "notes": "Creates hazard for cyclists", "metro_city": "Chicago", "occurred_at": "2025-11-05T16:44:00", "crash_occurred": false, "data_tier": "mock", "lat": 41.953407515213094, "lng": -87.6459248855862}}, {"type": "Feature", "geometry": {"type": "Point", "coordinates": [-87.62900047086147, 41.874530554374296]}, "properties": {"id": "MOCK-000305", "obstruction_type": "poor_design", "photo_count": 5, "plate_state": "OH", "plate_number": null, "company_name": null, "notes": "Creates hazard for cyclists", "metro_city": "Chicago", "occurred_at": "2026-04-23T16:56:00", "crash_occurred": false, "data_tier": "mock", "lat": 41.874530554374296, "lng": -87.62900047086147}}, {"type": "Feature", "geometry": {"type": "Point", "coordinates": [-87.67893747405911, 41.975047342330214]}, "properties": {"id": "MOCK-000306", "obstruction_type": "construction", "photo_count": 5, "plate_state": "WI", "plate_number": null, "company_name": null, "notes": "Parked incorrectly", "metro_city": "Chicago", "occurred_at": "2026-06-24T16:49:00", "crash_occurred": false, "data_tier": "mock", "lat": 41.975047342330214, "lng": -87.67893747405911}}, {"type": "Feature", "geometry": {"type": "Point", "coordinates": [-87.67639459866263, 41.89291798507741]}, "properties": {"id": "MOCK-000307", "obstruction_type": "construction", "photo_count": 2, "plate_state": "WI", "plate_number": "MOCK556", "company_name": "Mock Transport Inc.", "notes": "Parked incorrectly", "metro_city": "Chicago", "occurred_at": "2025-07-21T09:48:00", "crash_occurred": false, "data_tier": "mock", "lat": 41.89291798507741, "lng": -87.67639459866263}}, {"type": "Feature", "geometry": {"type": "Point", "coordinates": [-87.62913249481393, 41.88833918584371]}, "properties": {"id": "MOCK-000308", "obstruction_type": "delivery_vehicle", "photo_count": 4, "plate_state": "unknown", "plate_number": "MOCK519", "company_name": null, "notes": "Observed during rush hour", "metro_city": "Chicago", "occurred_at": "2025-01-23T18:52:00", "crash_occurred": false, "data_tier": "mock", "lat": 41.88833918584371, "lng": -87.62913249481393}}, {"type": "Feature", "geometry": {"type": "Point", "coordinates": [-87.67617843648297, 41.87908641749886]}, "properties": {"id": "MOCK-000309", "obstruction_type": "vehicle_in_lane", "photo_count": 5, "plate_state": "OH", "plate_number": "MOCK405", "company_name": "Mock Transport Inc.", "notes": "Observed during rush hour", "metro_city": "Chicago", "occurred_at": "2025-03-07T09:44:00", "crash_occurred": false, "data_tier": "mock", "lat": 41.87908641749886, "lng": -87.67617843648297}}, {"type": "Feature", "geometry": {"type": "Point", "coordinates": [-87.6135041429348, 41.7949994677587]}, "properties": {"id": "MOCK-000310", "obstruction_type": "vehicle_in_lane", "photo_count": 0, "plate_state": "WI", "plate_number": "MOCK488", "company_name": "Generic Delivery Co.", "notes": "Bike lane obstruction", "metro_city": "Chicago", "occurred_at": "2025-03-24T17:21:00", "crash_occurred": false, "data_tier": "mock", "lat": 41.7949994677587, "lng": -87.6135041429348}}, {"type": "Feature", "geometry": {"type": "Point", "coordinates": [-87.66991585458575, 41.82663439116562]}, "properties": {"id": "MOCK-000311", "obstruction_type": "snow_ice", "photo_count": 4, "plate_state": "IL", "plate_number": "MOCK805", "company_name": "Mock Transport Inc.", "notes": "Bike lane obstruction", "metro_city": "Chicago", "occurred_at": "2025-12-06T04:39:00", "crash_occurred": false, "data_tier": "mock", "lat": 41.82663439116562, "lng": -87.66991585458575}}, {"type": "Feature", "geometry": {"type": "Point", "coordinates": [-87.67235097632202, 41.91947458459672]}, "properties": {"id": "MOCK-000312", "obstruction_type": "delivery_vehicle", "photo_count": 5, "plate_state": "WI", "plate_number": "MOCK101", "company_name": "Generic Delivery Co.", "notes": "Observed during rush hour", "metro_city": "Chicago", "occurred_at": "2026-05-08T18:26:00", "crash_occurred": false, "data_tier": "mock", "lat": 41.91947458459672, "lng": -87.67235097632202}}, {"type": "Feature", "geometry": {"type": "Point", "coordinates": [-87.67599011744937, 41.874598305919214]}, "properties": {"id": "MOCK-000313", "obstruction_type": "other", "photo_count": 0, "plate_state": "WI", "plate_number": "MOCK663", "company_name": "Mock Transport Inc.", "notes": "Observed during rush hour", "metro_city": "Chicago", "occurred_at": "2025-05-13T18:01:00", "crash_occurred": false, "data_tier": "mock", "lat": 41.874598305919214, "lng": -87.67599011744937}}, {"type": "Feature", "geometry": {"type": "Point", "coordinates": [-87.73826271595901, 41.94730809279304]}, "properties": {"id": "MOCK-000314", "obstruction_type": "snow_ice", "photo_count": 1, "plate_state": "MI", "plate_number": null, "company_name": null, "notes": "Safety concern", "metro_city": "Chicago", "occurred_at": "2025-12-26T23:03:00", "crash_occurred": false, "data_tier": "mock", "lat": 41.94730809279304, "lng": -87.73826271595901}}, {"type": "Feature", "geometry": {"type": "Point", "coordinates": [-87.72103876942, 41.937242299459015]}, "properties": {"id": "MOCK-000315", "obstruction_type": "debris", "photo_count": 2, "plate_state": "IL", "plate_number": "MOCK387", "company_name": "Generic Delivery Co.", "notes": "Creates hazard for cyclists", "metro_city": "Chicago", "occurred_at": "2026-02-05T18:38:00", "crash_occurred": false, "data_tier": "mock", "lat": 41.937242299459015, "lng": -87.72103876942}}, {"type": "Feature", "geometry": {"type": "Point", "coordinates": [-87.58622142302957, 41.76286013726833]}, "properties": {"id": "MOCK-000316", "obstruction_type": "debris", "photo_count": 3, "plate_state": "IL", "plate_number": "MOCK343", "company_name": "Mock Transport Inc.", "notes": "Bike lane obstruction", "metro_city": "Chicago", "occurred_at": "2025-11-21T16:58:00", "crash_occurred": false, "data_tier": "mock", "lat": 41.76286013726833, "lng": -87.58622142302957}}, {"type": "Feature", "geometry": {"type": "Point", "coordinates": [-87.62097543272198, 41.75562520203156]}, "properties": {"id": "MOCK-000317", "obstruction_type": "construction", "photo_count": 5, "plate_state": "OH", "plate_number": "MOCK435", "company_name": "Placeholder Logistics", "notes": "Observed during rush hour", "metro_city": "Chicago", "occurred_at": "2026-06-29T17:24:00", "crash_occurred": false, "data_tier": "mock", "lat": 41.75562520203156, "lng": -87.62097543272198}}, {"type": "Feature", "geometry": {"type": "Point", "coordinates": [-87.67867897907138, 41.910566630353756]}, "properties": {"id": "MOCK-000318", "obstruction_type": "vehicle_in_lane", "photo_count": 2, "plate_state": "MI", "plate_number": "MOCK205", "company_name": "Mock Transport Inc.", "notes": "Observed during rush hour", "metro_city": "Chicago", "occurred_at": "2025-12-02T08:17:00", "crash_occurred": false, "data_tier": "mock", "lat": 41.910566630353756, "lng": -87.67867897907138}}, {"type": "Feature", "geometry": {"type": "Point", "coordinates": [-87.67188326453743, 41.89193870396221]}, "properties": {"id": "MOCK-000319", "obstruction_type": "vehicle_in_lane", "photo_count": 4, "plate_state": "OH", "plate_number": "MOCK311", "company_name": "Mock Transport Inc.", "notes": "Safety concern", "metro_city": "Chicago", "occurred_at": "2025-12-09T09:36:00", "crash_occurred": false, "data_tier": "mock", "lat": 41.89193870396221, "lng": -87.67188326453743}}, {"type": "Feature", "geometry": {"type": "Point", "coordinates": [-87.718619564863, 41.935664373303794]}, "properties": {"id": "MOCK-000320", "obstruction_type": "snow_ice", "photo_count": 0, "plate_state": "IL", "plate_number": "MOCK188", "company_name": null, "notes": "Bike lane obstruction", "metro_city": "Chicago", "occurred_at": "2025-07-19T20:53:00", "crash_occurred": false, "data_tier": "mock", "lat": 41.935664373303794, "lng": -87.718619564863}}, {"type": "Feature", "geometry": {"type": "Point", "coordinates": [-87.68085166665063, 41.9123148034719]}, "properties": {"id": "MOCK-000321", "obstruction_type": "snow_ice", "photo_count": 4, "plate_state": "IL", "plate_number": "MOCK873", "company_name": null, "notes": "Safety concern", "metro_city": "Chicago", "occurred_at": "2025-05-30T03:29:00", "crash_occurred": false, "data_tier": "mock", "lat": 41.9123148034719, "lng": -87.68085166665063}}, {"type": "Feature", "geometry": {"type": "Point", "coordinates": [-87.62153894798723, 41.75334434095317]}, "properties": {"id": "MOCK-000322", "obstruction_type": "other", "photo_count": 4, "plate_state": "WI", "plate_number": "MOCK501", "company_name": "Placeholder Logistics", "notes": "Parked incorrectly", "metro_city": "Chicago", "occurred_at": "2025-12-21T14:31:00", "crash_occurred": false, "data_tier": "mock", "lat": 41.75334434095317, "lng": -87.62153894798723}}, {"type": "Feature", "geometry": {"type": "Point", "coordinates": [-87.70902160107819, 41.9299621199205]}, "properties": {"id": "MOCK-000323", "obstruction_type": "debris", "photo_count": 4, "plate_state": "OH", "plate_number": null, "company_name": "Generic Delivery Co.", "notes": "Bike lane obstruction", "metro_city": "Chicago", "occurred_at": "2025-05-06T09:34:00", "crash_occurred": false, "data_tier": "mock", "lat": 41.9299621199205, "lng": -87.70902160107819}}, {"type": "Feature", "geometry": {"type": "Point", "coordinates": [-87.64447223502438, 41.93537777818714]}, "properties": {"id": "MOCK-000324", "obstruction_type": "vehicle_in_lane", "photo_count": 2, "plate_state": "IN", "plate_number": "MOCK705", "company_name": null, "notes": "Bike lane obstruction", "metro_city": "Chicago", "occurred_at": "2026-01-02T16:47:00", "crash_occurred": false, "data_tier": "mock", "lat": 41.93537777818714, "lng": -87.64447223502438}}, {"type": "Feature", "geometry": {"type": "Point", "coordinates": [-87.64624500956519, 41.88890157599843]}, "properties": {"id": "MOCK-000325", "obstruction_type": "vehicle_in_lane", "photo_count": 3, "plate_state": "IN", "plate_number": "MOCK515", "company_name": "Generic Delivery Co.", "notes": "Safety concern", "metro_city": "Chicago", "occurred_at": "2025-05-08T17:31:00", "crash_occurred": false, "data_tier": "mock", "lat": 41.88890157599843, "lng": -87.64624500956519}}, {"type": "Feature", "geometry": {"type": "Point", "coordinates": [-87.67679917465199, 41.89298336813694]}, "properties": {"id": "MOCK-000326", "obstruction_type": "vehicle_in_lane", "photo_count": 1, "plate_state": "unknown", "plate_number": null, "company_name": "Mock Transport Inc.", "notes": "Bike lane obstruction", "metro_city": "Chicago", "occurred_at": "2026-04-18T18:19:00", "crash_occurred": false, "data_tier": "mock", "lat": 41.89298336813694, "lng": -87.67679917465199}}, {"type": "Feature", "geometry": {"type": "Point", "coordinates": [-87.69012348527127, 41.81572153615658]}, "properties": {"id": "MOCK-000327", "obstruction_type": "poor_design", "photo_count": 3, "plate_state": "IN", "plate_number": "MOCK163", "company_name": "Mock Transport Inc.", "notes": "Safety concern", "metro_city": "Chicago", "occurred_at": "2025-03-12T16:55:00", "crash_occurred": false, "data_tier": "mock", "lat": 41.81572153615658, "lng": -87.69012348527127}}, {"type": "Feature", "geometry": {"type": "Point", "coordinates": [-87.62890232831546, 41.89759946687377]}, "properties": {"id": "MOCK-000328", "obstruction_type": "construction", "photo_count": 3, "plate_state": "MI", "plate_number": "MOCK316", "company_name": "Placeholder Logistics", "notes": "Bike lane obstruction", "metro_city": "Chicago", "occurred_at": "2025-06-07T13:09:00", "crash_occurred": false, "data_tier": "mock", "lat": 41.89759946687377, "lng": -87.62890232831546}}, {"type": "Feature", "geometry": {"type": "Point", "coordinates": [-87.64650771194873, 41.86328245193082]}, "properties": {"id": "MOCK-000329", "obstruction_type": "snow_ice", "photo_count": 3, "plate_state": "unknown", "plate_number": "MOCK239", "company_name": "Generic Delivery Co.", "notes": "Partially blocking lane", "metro_city": "Chicago", "occurred_at": "2026-03-18T22:38:00", "crash_occurred": false, "data_tier": "mock", "lat": 41.86328245193082, "lng": -87.64650771194873}}, {"type": "Feature", "geometry": {"type": "Point", "coordinates": [-87.6677558929623, 41.88886045847943]}, "properties": {"id": "MOCK-000330", "obstruction_type": "debris", "photo_count": 1, "plate_state": "IN", "plate_number": "MOCK107", "company_name": null, "notes": "Parked incorrectly", "metro_city": "Chicago", "occurred_at": "2025-09-16T18:23:00", "crash_occurred": false, "data_tier": "mock", "lat": 41.88886045847943, "lng": -87.6677558929623}}, {"type": "Feature", "geometry": {"type": "Point", "coordinates": [-87.62886459097183, 41.89550163704314]}, "properties": {"id": "MOCK-000331", "obstruction_type": "snow_ice", "photo_count": 0, "plate_state": "IN", "plate_number": "MOCK639", "company_name": "Mock Transport Inc.", "notes": "Bike lane obstruction", "metro_city": "Chicago", "occurred_at": "2026-06-30T02:15:00", "crash_occurred": false, "data_tier": "mock", "lat": 41.89550163704314, "lng": -87.62886459097183}}, {"type": "Feature", "geometry": {"type": "Point", "coordinates": [-87.67224112220032, 41.89400577846981]}, "properties": {"id": "MOCK-000332", "obstruction_type": "debris", "photo_count": 4, "plate_state": "IL", "plate_number": "MOCK647", "company_name": "Generic Delivery Co.", "notes": "Bike lane obstruction", "metro_city": "Chicago", "occurred_at": "2026-04-26T17:22:00", "crash_occurred": false, "data_tier": "mock", "lat": 41.89400577846981, "lng": -87.67224112220032}}, {"type": "Feature", "geometry": {"type": "Point", "coordinates": [-87.62922977699934, 41.87455384923608]}, "properties": {"id": "MOCK-000333", "obstruction_type": "debris", "photo_count": 5, "plate_state": "OH", "plate_number": null, "company_name": null, "notes": "Safety concern", "metro_city": "Chicago", "occurred_at": "2025-07-09T09:51:00", "crash_occurred": false, "data_tier": "mock", "lat": 41.87455384923608, "lng": -87.62922977699934}}, {"type": "Feature", "geometry": {"type": "Point", "coordinates": [-87.62901242234868, 41.869737023276706]}, "properties": {"id": "MOCK-000334", "obstruction_type": "debris", "photo_count": 2, "plate_state": "IN", "plate_number": "MOCK381", "company_name": "Mock Transport Inc.", "notes": "Observed during rush hour", "metro_city": "Chicago", "occurred_at": "2025-05-11T23:09:00", "crash_occurred": false, "data_tier": "mock", "lat": 41.869737023276706, "lng": -87.62901242234868}}, {"type": "Feature", "geometry": {"type": "Point", "coordinates": [-87.67705998717634, 41.91109432845164]}, "properties": {"id": "MOCK-000335", "obstruction_type": "poor_design", "photo_count": 0, "plate_state": "WI", "plate_number": "MOCK248", "company_name": "Placeholder Logistics", "notes": "Bike lane obstruction", "metro_city": "Chicago", "occurred_at": "2026-03-15T09:10:00", "crash_occurred": false, "data_tier": "mock", "lat": 41.91109432845164, "lng": -87.67705998717634}}, {"type": "Feature", "geometry": {"type": "Point", "coordinates": [-87.6676663249311, 41.90697747711569]}, "properties": {"id": "MOCK-000336", "obstruction_type": "vehicle_in_lane", "photo_count": 1, "plate_state": "MI", "plate_number": "MOCK408", "company_name": null, "notes": "Parked incorrectly", "metro_city": "Chicago", "occurred_at": "2025-09-13T15:16:00", "crash_occurred": false, "data_tier": "mock", "lat": 41.90697747711569, "lng": -87.6676663249311}}, {"type": "Feature", "geometry": {"type": "Point", "coordinates": [-87.68048440096918, 41.912140710456555]}, "properties": {"id": "MOCK-000337", "obstruction_type": "poor_design", "photo_count": 5, "plate_state": "IL", "plate_number": null, "company_name": "Mock Transport Inc.", "notes": "Bike lane obstruction", "metro_city": "Chicago", "occurred_at": "2025-10-23T09:37:00", "crash_occurred": false, "data_tier": "mock", "lat": 41.912140710456555, "lng": -87.68048440096918}}, {"type": "Feature", "geometry": {"type": "Point", "coordinates": [-87.67527361679834, 41.82371456763975]}, "properties": {"id": "MOCK-000338", "obstruction_type": "poor_design", "photo_count": 2, "plate_state": "unknown", "plate_number": "MOCK284", "company_name": "Mock Transport Inc.", "notes": "Safety concern", "metro_city": "Chicago", "occurred_at": "2025-01-27T00:26:00", "crash_occurred": false, "data_tier": "mock", "lat": 41.82371456763975, "lng": -87.67527361679834}}, {"type": "Feature", "geometry": {"type": "Point", "coordinates": [-87.62913621456632, 41.87921486972524]}, "properties": {"id": "MOCK-000339", "obstruction_type": "vehicle_in_lane", "photo_count": 0, "plate_state": "OH", "plate_number": null, "company_name": "Placeholder Logistics", "notes": "Safety concern", "metro_city": "Chicago", "occurred_at": "2025-05-21T16:24:00", "crash_occurred": false, "data_tier": "mock", "lat": 41.87921486972524, "lng": -87.62913621456632}}, {"type": "Feature", "geometry": {"type": "Point", "coordinates": [-87.73401590702846, 41.899165025159476]}, "properties": {"id": "MOCK-000340", "obstruction_type": "debris", "photo_count": 2, "plate_state": "MI", "plate_number": "MOCK177", "company_name": null, "notes": "Creates hazard for cyclists", "metro_city": "Chicago", "occurred_at": "2026-03-30T10:16:00", "crash_occurred": false, "data_tier": "mock", "lat": 41.899165025159476, "lng": -87.73401590702846}}, {"type": "Feature", "geometry": {"type": "Point", "coordinates": [-87.67194467119711, 41.91476812930419]}, "properties": {"id": "MOCK-000341", "obstruction_type": "other", "photo_count": 2, "plate_state": "IN", "plate_number": "MOCK603", "company_name": "Placeholder Logistics", "notes": "Safety concern", "metro_city": "Chicago", "occurred_at": "2026-02-23T08:13:00", "crash_occurred": false, "data_tier": "mock", "lat": 41.91476812930419, "lng": -87.67194467119711}}, {"type": "Feature", "geometry": {"type": "Point", "coordinates": [-87.62895742654999, 41.895426390867044]}, "properties": {"id": "MOCK-000342", "obstruction_type": "poor_design", "photo_count": 5, "plate_state": "WI", "plate_number": "MOCK119", "company_name": null, "notes": "Partially blocking lane", "metro_city": "Chicago", "occurred_at": "2025-01-17T08:09:00", "crash_occurred": false, "data_tier": "mock", "lat": 41.895426390867044, "lng": -87.62895742654999}}, {"type": "Feature", "geometry": {"type": "Point", "coordinates": [-87.66645371128608, 41.89893909955114]}, "properties": {"id": "MOCK-000343", "obstruction_type": "construction", "photo_count": 3, "plate_state": "MI", "plate_number": "MOCK899", "company_name": "Generic Delivery Co.", "notes": "Safety concern", "metro_city": "Chicago", "occurred_at": "2025-09-05T15:07:00", "crash_occurred": false, "data_tier": "mock", "lat": 41.89893909955114, "lng": -87.66645371128608}}, {"type": "Feature", "geometry": {"type": "Point", "coordinates": [-87.70394229054997, 41.93848520356067]}, "properties": {"id": "MOCK-000344", "obstruction_type": "snow_ice", "photo_count": 0, "plate_state": "WI", "plate_number": "MOCK448", "company_name": "Generic Delivery Co.", "notes": "Bike lane obstruction", "metro_city": "Chicago", "occurred_at": "2025-11-09T08:42:00", "crash_occurred": false, "data_tier": "mock", "lat": 41.93848520356067, "lng": -87.70394229054997}}, {"type": "Feature", "geometry": {"type": "Point", "coordinates": [-87.67868009916327, 41.96583359626028]}, "properties": {"id": "MOCK-000345", "obstruction_type": "snow_ice", "photo_count": 3, "plate_state": "unknown", "plate_number": null, "company_name": "Generic Delivery Co.", "notes": "Partially blocking lane", "metro_city": "Chicago", "occurred_at": "2025-02-11T07:50:00", "crash_occurred": false, "data_tier": "mock", "lat": 41.96583359626028, "lng": -87.67868009916327}}, {"type": "Feature", "geometry": {"type": "Point", "coordinates": [-87.6288609086494, 41.86993491948764]}, "properties": {"id": "MOCK-000346", "obstruction_type": "snow_ice", "photo_count": 0, "plate_state": "MI", "plate_number": null, "company_name": null, "notes": "Parked incorrectly", "metro_city": "Chicago", "occurred_at": "2025-06-18T09:09:00", "crash_occurred": false, "data_tier": "mock", "lat": 41.86993491948764, "lng": -87.6288609086494}}, {"type": "Feature", "geometry": {"type": "Point", "coordinates": [-87.6720247775453, 41.903319718935386]}, "properties": {"id": "MOCK-000347", "obstruction_type": "snow_ice", "photo_count": 0, "plate_state": "WI", "plate_number": "MOCK199", "company_name": null, "notes": "Safety concern", "metro_city": "Chicago", "occurred_at": "2025-07-10T16:31:00", "crash_occurred": false, "data_tier": "mock", "lat": 41.903319718935386, "lng": -87.6720247775453}}, {"type": "Feature", "geometry": {"type": "Point", "coordinates": [-87.6765541871804, 41.89954027551417]}, "properties": {"id": "MOCK-000348", "obstruction_type": "snow_ice", "photo_count": 5, "plate_state": "MI", "plate_number": "MOCK800", "company_name": "Placeholder Logistics", "notes": "Creates hazard for cyclists", "metro_city": "Chicago", "occurred_at": "2025-08-23T07:17:00", "crash_occurred": false, "data_tier": "mock", "lat": 41.89954027551417, "lng": -87.6765541871804}}, {"type": "Feature", "geometry": {"type": "Point", "coordinates": [-87.71604474325994, 41.933915306958454]}, "properties": {"id": "MOCK-000349", "obstruction_type": "vehicle_in_lane", "photo_count": 1, "plate_state": "IL", "plate_number": "MOCK747", "company_name": null, "notes": "Partially blocking lane", "metro_city": "Chicago", "occurred_at": "2025-02-02T07:45:00", "crash_occurred": false, "data_tier": "mock", "lat": 41.933915306958454, "lng": -87.71604474325994}}, {"type": "Feature", "geometry": {"type": "Point", "coordinates": [-87.64214901188144, 41.94250993141988]}, "properties": {"id": "MOCK-000350", "obstruction_type": "snow_ice", "photo_count": 2, "plate_state": "OH", "plate_number": "MOCK344", "company_name": "Placeholder Logistics", "notes": "Safety concern", "metro_city": "Chicago", "occurred_at": "2025-02-24T19:05:00", "crash_occurred": false, "data_tier": "mock", "lat": 41.94250993141988, "lng": -87.64214901188144}}, {"type": "Feature", "geometry": {"type": "Point", "coordinates": [-87.71204194953107, 41.94541775723515]}, "properties": {"id": "MOCK-000351", "obstruction_type": "poor_design", "photo_count": 0, "plate_state": "OH", "plate_number": "MOCK879", "company_name": "Placeholder Logistics", "notes": "Bike lane obstruction", "metro_city": "Chicago", "occurred_at": "2025-08-18T18:54:00", "crash_occurred": false, "data_tier": "mock", "lat": 41.94541775723515, "lng": -87.71204194953107}}, {"type": "Feature", "geometry": {"type": "Point", "coordinates": [-87.67681078335535, 41.89743101712105]}, "properties": {"id": "MOCK-000352", "obstruction_type": "debris", "photo_count": 2, "plate_state": "IN", "plate_number": "MOCK442", "company_name": null, "notes": "Observed during rush hour", "metro_city": "Chicago", "occurred_at": "2025-05-03T05:10:00", "crash_occurred": false, "data_tier": "mock", "lat": 41.89743101712105, "lng": -87.67681078335535}}, {"type": "Feature", "geometry": {"type": "Point", "coordinates": [-87.67223869900937, 41.889551056972685]}, "properties": {"id": "MOCK-000353", "obstruction_type": "debris", "photo_count": 3, "plate_state": "IN", "plate_number": "MOCK433", "company_name": "Placeholder Logistics", "notes": "Observed during rush hour", "metro_city": "Chicago", "occurred_at": "2025-12-16T07:24:00", "crash_occurred": false, "data_tier": "mock", "lat": 41.889551056972685, "lng": -87.67223869900937}}, {"type": "Feature", "geometry": {"type": "Point", "coordinates": [-87.62867219433451, 41.87249717635357]}, "properties": {"id": "MOCK-000354", "obstruction_type": "construction", "photo_count": 1, "plate_state": "MI", "plate_number": "MOCK568", "company_name": "Placeholder Logistics", "notes": "Parked incorrectly", "metro_city": "Chicago", "occurred_at": "2026-01-19T09:36:00", "crash_occurred": false, "data_tier": "mock", "lat": 41.87249717635357, "lng": -87.62867219433451}}, {"type": "Feature", "geometry": {"type": "Point", "coordinates": [-87.6288538695309, 41.88621258912055]}, "properties": {"id": "MOCK-000355", "obstruction_type": "debris", "photo_count": 4, "plate_state": "IN", "plate_number": "MOCK753", "company_name": "Placeholder Logistics", "notes": "Safety concern", "metro_city": "Chicago", "occurred_at": "2025-09-09T15:55:00", "crash_occurred": false, "data_tier": "mock", "lat": 41.88621258912055, "lng": -87.6288538695309}}, {"type": "Feature", "geometry": {"type": "Point", "coordinates": [-87.5859826172786, 41.774232768778255]}, "properties": {"id": "MOCK-000356", "obstruction_type": "other", "photo_count": 1, "plate_state": "IN", "plate_number": "MOCK693", "company_name": "Placeholder Logistics", "notes": "Safety concern", "metro_city": "Chicago", "occurred_at": "2025-06-18T13:02:00", "crash_occurred": false, "data_tier": "mock", "lat": 41.774232768778255, "lng": -87.5859826172786}}, {"type": "Feature", "geometry": {"type": "Point", "coordinates": [-87.67179670584459, 41.91689002318118]}, "properties": {"id": "MOCK-000357", "obstruction_type": "snow_ice", "photo_count": 0, "plate_state": "MI", "plate_number": "MOCK185", "company_name": "Generic Delivery Co.", "notes": "Parked incorrectly", "metro_city": "Chicago", "occurred_at": "2026-03-09T09:05:00", "crash_occurred": true, "data_tier": "mock", "lat": 41.91689002318118, "lng": -87.67179670584459}}, {"type": "Feature", "geometry": {"type": "Point", "coordinates": [-87.64916879681078, 41.94785759056567]}, "properties": {"id": "MOCK-000358", "obstruction_type": "vehicle_in_lane", "photo_count": 3, "plate_state": "MI", "plate_number": "MOCK995", "company_name": null, "notes": "Partially blocking lane", "metro_city": "Chicago", "occurred_at": "2026-01-31T00:55:00", "crash_occurred": false, "data_tier": "mock", "lat": 41.94785759056567, "lng": -87.64916879681078}}, {"type": "Feature", "geometry": {"type": "Point", "coordinates": [-87.71104336423443, 41.931268316597425]}, "properties": {"id": "MOCK-000359", "obstruction_type": "snow_ice", "photo_count": 4, "plate_state": "OH", "plate_number": "MOCK312", "company_name": "Generic Delivery Co.", "notes": "Safety concern", "metro_city": "Chicago", "occurred_at": "2025-12-26T18:23:00", "crash_occurred": false, "data_tier": "mock", "lat": 41.931268316597425, "lng": -87.71104336423443}}, {"type": "Feature", "geometry": {"type": "Point", "coordinates": [-87.70642271394934, 41.9285911806799]}, "properties": {"id": "MOCK-000360", "obstruction_type": "snow_ice", "photo_count": 4, "plate_state": "unknown", "plate_number": null, "company_name": "Placeholder Logistics", "notes": "Partially blocking lane", "metro_city": "Chicago", "occurred_at": "2025-12-25T09:55:00", "crash_occurred": false, "data_tier": "mock", "lat": 41.9285911806799, "lng": -87.70642271394934}}, {"type": "Feature", "geometry": {"type": "Point", "coordinates": [-87.67749777490985, 41.91806256765598]}, "properties": {"id": "MOCK-000361", "obstruction_type": "construction", "photo_count": 2, "plate_state": "IL", "plate_number": null, "company_name": "Mock Transport Inc.", "notes": "Bike lane obstruction", "metro_city": "Chicago", "occurred_at": "2026-05-29T15:45:00", "crash_occurred": false, "data_tier": "mock", "lat": 41.91806256765598, "lng": -87.67749777490985}}, {"type": "Feature", "geometry": {"type": "Point", "coordinates": [-87.6288004884671, 41.88832528475326]}, "properties": {"id": "MOCK-000362", "obstruction_type": "snow_ice", "photo_count": 0, "plate_state": "IN", "plate_number": "MOCK568", "company_name": "Generic Delivery Co.", "notes": "Observed during rush hour", "metro_city": "Chicago", "occurred_at": "2026-02-21T16:10:00", "crash_occurred": false, "data_tier": "mock", "lat": 41.88832528475326, "lng": -87.6288004884671}}, {"type": "Feature", "geometry": {"type": "Point", "coordinates": [-87.64618680796781, 41.8888122870524]}, "properties": {"id": "MOCK-000363", "obstruction_type": "debris", "photo_count": 3, "plate_state": "unknown", "plate_number": "MOCK235", "company_name": null, "notes": "Creates hazard for cyclists", "metro_city": "Chicago", "occurred_at": "2026-03-23T09:12:00", "crash_occurred": false, "data_tier": "mock", "lat": 41.8888122870524, "lng": -87.64618680796781}}, {"type": "Feature", "geometry": {"type": "Point", "coordinates": [-87.65979554397255, 41.974908972676005]}, "properties": {"id": "MOCK-000364", "obstruction_type": "snow_ice", "photo_count": 5, "plate_state": "WI", "plate_number": "MOCK781", "company_name": null, "notes": "Bike lane obstruction", "metro_city": "Chicago", "occurred_at": "2025-11-24T09:10:00", "crash_occurred": false, "data_tier": "mock", "lat": 41.974908972676005, "lng": -87.65979554397255}}, {"type": "Feature", "geometry": {"type": "Point", "coordinates": [-87.67833562780908, 41.9107020830173]}, "properties": {"id": "MOCK-000365", "obstruction_type": "delivery_vehicle", "photo_count": 4, "plate_state": "IN", "plate_number": "MOCK392", "company_name": "Placeholder Logistics", "notes": "Partially blocking lane", "metro_city": "Chicago", "occurred_at": "2025-06-23T18:08:00", "crash_occurred": false, "data_tier": "mock", "lat": 41.9107020830173, "lng": -87.67833562780908}}, {"type": "Feature", "geometry": {"type": "Point", "coordinates": [-87.67831361820784, 41.952288780913904]}, "properties": {"id": "MOCK-000366", "obstruction_type": "debris", "photo_count": 1, "plate_state": "WI", "plate_number": "MOCK266", "company_name": "Mock Transport Inc.", "notes": "Observed during rush hour", "metro_city": "Chicago", "occurred_at": "2025-02-11T08:59:00", "crash_occurred": false, "data_tier": "mock", "lat": 41.952288780913904, "lng": -87.67831361820784}}, {"type": "Feature", "geometry": {"type": "Point", "coordinates": [-87.73529691912947, 41.94558572421941]}, "properties": {"id": "MOCK-000367", "obstruction_type": "other", "photo_count": 4, "plate_state": "unknown", "plate_number": null, "company_name": null, "notes": "Creates hazard for cyclists", "metro_city": "Chicago", "occurred_at": "2025-05-12T04:43:00", "crash_occurred": false, "data_tier": "mock", "lat": 41.94558572421941, "lng": -87.73529691912947}}, {"type": "Feature", "geometry": {"type": "Point", "coordinates": [-87.62897344800224, 41.88840556379172]}, "properties": {"id": "MOCK-000368", "obstruction_type": "vehicle_in_lane", "photo_count": 4, "plate_state": "unknown", "plate_number": null, "company_name": "Placeholder Logistics", "notes": "Creates hazard for cyclists", "metro_city": "Chicago", "occurred_at": "2025-08-05T09:05:00", "crash_occurred": false, "data_tier": "mock", "lat": 41.88840556379172, "lng": -87.62897344800224}}, {"type": "Feature", "geometry": {"type": "Point", "coordinates": [-87.62926601899422, 41.883591085550286]}, "properties": {"id": "MOCK-000369", "obstruction_type": "snow_ice", "photo_count": 2, "plate_state": "MI", "plate_number": null, "company_name": null, "notes": "Creates hazard for cyclists", "metro_city": "Chicago", "occurred_at": "2026-02-16T08:55:00", "crash_occurred": false, "data_tier": "mock", "lat": 41.883591085550286, "lng": -87.62926601899422}}, {"type": "Feature", "geometry": {"type": "Point", "coordinates": [-87.62914098024342, 41.89542142020936]}, "properties": {"id": "MOCK-000370", "obstruction_type": "other", "photo_count": 5, "plate_state": "MI", "plate_number": "MOCK524", "company_name": "Placeholder Logistics", "notes": "Safety concern", "metro_city": "Chicago", "occurred_at": "2025-04-15T18:21:00", "crash_occurred": false, "data_tier": "mock", "lat": 41.89542142020936, "lng": -87.62914098024342}}, {"type": "Feature", "geometry": {"type": "Point", "coordinates": [-87.62332261757072, 41.74685880048119]}, "properties": {"id": "MOCK-000371", "obstruction_type": "debris", "photo_count": 3, "plate_state": "IN", "plate_number": "MOCK827", "company_name": "Placeholder Logistics", "notes": "Partially blocking lane", "metro_city": "Chicago", "occurred_at": "2025-07-26T08:53:00", "crash_occurred": false, "data_tier": "mock", "lat": 41.74685880048119, "lng": -87.62332261757072}}, {"type": "Feature", "geometry": {"type": "Point", "coordinates": [-87.62910117568815, 41.874635344209246]}, "properties": {"id": "MOCK-000372", "obstruction_type": "debris", "photo_count": 5, "plate_state": "unknown", "plate_number": "MOCK769", "company_name": "Mock Transport Inc.", "notes": "Bike lane obstruction", "metro_city": "Chicago", "occurred_at": "2025-07-19T07:01:00", "crash_occurred": false, "data_tier": "mock", "lat": 41.874635344209246, "lng": -87.62910117568815}}, {"type": "Feature", "geometry": {"type": "Point", "coordinates": [-87.67184175646932, 41.930733729711214]}, "properties": {"id": "MOCK-000373", "obstruction_type": "construction", "photo_count": 2, "plate_state": "unknown", "plate_number": "MOCK810", "company_name": "Generic Delivery Co.", "notes": "Creates hazard for cyclists", "metro_city": "Chicago", "occurred_at": "2026-06-25T09:03:00", "crash_occurred": false, "data_tier": "mock", "lat": 41.930733729711214, "lng": -87.67184175646932}}, {"type": "Feature", "geometry": {"type": "Point", "coordinates": [-87.67737885534484, 41.9203379753436]}, "properties": {"id": "MOCK-000374", "obstruction_type": "snow_ice", "photo_count": 2, "plate_state": "IL", "plate_number": null, "company_name": "Generic Delivery Co.", "notes": "Safety concern", "metro_city": "Chicago", "occurred_at": "2025-08-03T07:34:00", "crash_occurred": false, "data_tier": "mock", "lat": 41.9203379753436, "lng": -87.67737885534484}}, {"type": "Feature", "geometry": {"type": "Point", "coordinates": [-87.67861726362354, 41.91059530129593]}, "properties": {"id": "MOCK-000375", "obstruction_type": "poor_design", "photo_count": 4, "plate_state": "WI", "plate_number": "MOCK113", "company_name": "Placeholder Logistics", "notes": "Safety concern", "metro_city": "Chicago", "occurred_at": "2025-11-01T07:06:00", "crash_occurred": false, "data_tier": "mock", "lat": 41.91059530129593, "lng": -87.67861726362354}}, {"type": "Feature", "geometry": {"type": "Point", "coordinates": [-87.58622287355776, 41.757989441934555]}, "properties": {"id": "MOCK-000376", "obstruction_type": "poor_design", "photo_count": 4, "plate_state": "unknown", "plate_number": "MOCK874", "company_name": "Generic Delivery Co.", "notes": "Bike lane obstruction", "metro_city": "Chicago", "occurred_at": "2026-05-03T07:30:00", "crash_occurred": false, "data_tier": "mock", "lat": 41.757989441934555, "lng": -87.58622287355776}}, {"type": "Feature", "geometry": {"type": "Point", "coordinates": [-87.6480259762931, 41.913124992364104]}, "properties": {"id": "MOCK-000377", "obstruction_type": "delivery_vehicle", "photo_count": 5, "plate_state": "WI", "plate_number": null, "company_name": "Generic Delivery Co.", "notes": "Partially blocking lane", "metro_city": "Chicago", "occurred_at": "2025-05-28T07:13:00", "crash_occurred": false, "data_tier": "mock", "lat": 41.913124992364104, "lng": -87.6480259762931}}, {"type": "Feature", "geometry": {"type": "Point", "coordinates": [-87.67230095517787, 41.88961837406867]}, "properties": {"id": "MOCK-000378", "obstruction_type": "vehicle_in_lane", "photo_count": 1, "plate_state": "IL", "plate_number": null, "company_name": "Generic Delivery Co.", "notes": "Bike lane obstruction", "metro_city": "Chicago", "occurred_at": "2025-05-18T07:48:00", "crash_occurred": false, "data_tier": "mock", "lat": 41.88961837406867, "lng": -87.67230095517787}}, {"type": "Feature", "geometry": {"type": "Point", "coordinates": [-87.67819315160118, 41.95222387912031]}, "properties": {"id": "MOCK-000379", "obstruction_type": "vehicle_in_lane", "photo_count": 1, "plate_state": "unknown", "plate_number": "MOCK693", "company_name": "Mock Transport Inc.", "notes": "Creates hazard for cyclists", "metro_city": "Chicago", "occurred_at": "2025-06-30T19:15:00", "crash_occurred": false, "data_tier": "mock", "lat": 41.95222387912031, "lng": -87.67819315160118}}, {"type": "Feature", "geometry": {"type": "Point", "coordinates": [-87.67245672361413, 41.9215925233617]}, "properties": {"id": "MOCK-000380", "obstruction_type": "delivery_vehicle", "photo_count": 4, "plate_state": "IL", "plate_number": "MOCK201", "company_name": "Placeholder Logistics", "notes": "Safety concern", "metro_city": "Chicago", "occurred_at": "2026-05-18T07:11:00", "crash_occurred": false, "data_tier": "mock", "lat": 41.9215925233617, "lng": -87.67245672361413}}, {"type": "Feature", "geometry": {"type": "Point", "coordinates": [-87.58969964627515, 41.80958373680404]}, "properties": {"id": "MOCK-000381", "obstruction_type": "debris", "photo_count": 0, "plate_state": "MI", "plate_number": null, "company_name": "Placeholder Logistics", "notes": "Bike lane obstruction", "metro_city": "Chicago", "occurred_at": "2026-01-21T08:31:00", "crash_occurred": false, "data_tier": "mock", "lat": 41.80958373680404, "lng": -87.58969964627515}}, {"type": "Feature", "geometry": {"type": "Point", "coordinates": [-87.73791682939373, 41.947120811819914]}, "properties": {"id": "MOCK-000382", "obstruction_type": "other", "photo_count": 3, "plate_state": "IN", "plate_number": "MOCK961", "company_name": null, "notes": "Parked incorrectly", "metro_city": "Chicago", "occurred_at": "2026-01-28T15:43:00", "crash_occurred": false, "data_tier": "mock", "lat": 41.947120811819914, "lng": -87.73791682939373}}, {"type": "Feature", "geometry": {"type": "Point", "coordinates": [-87.67182876471198, 41.88941939725752]}, "properties": {"id": "MOCK-000383", "obstruction_type": "vehicle_in_lane", "photo_count": 5, "plate_state": "IN", "plate_number": null, "company_name": "Placeholder Logistics", "notes": "Creates hazard for cyclists", "metro_city": "Chicago", "occurred_at": "2025-08-10T03:14:00", "crash_occurred": false, "data_tier": "mock", "lat": 41.88941939725752, "lng": -87.67182876471198}}, {"type": "Feature", "geometry": {"type": "Point", "coordinates": [-87.62932504190239, 41.90000958615691]}, "properties": {"id": "MOCK-000384", "obstruction_type": "construction", "photo_count": 2, "plate_state": "MI", "plate_number": "MOCK514", "company_name": null, "notes": "Safety concern", "metro_city": "Chicago", "occurred_at": "2025-10-29T08:31:00", "crash_occurred": false, "data_tier": "mock", "lat": 41.90000958615691, "lng": -87.62932504190239}}, {"type": "Feature", "geometry": {"type": "Point", "coordinates": [-87.65706872271357, 41.894775162622054]}, "properties": {"id": "MOCK-000385", "obstruction_type": "snow_ice", "photo_count": 0, "plate_state": "IN", "plate_number": "MOCK795", "company_name": "Mock Transport Inc.", "notes": "Partially blocking lane", "metro_city": "Chicago", "occurred_at": "2025-11-23T09:49:00", "crash_occurred": false, "data_tier": "mock", "lat": 41.894775162622054, "lng": -87.65706872271357}}, {"type": "Feature", "geometry": {"type": "Point", "coordinates": [-87.73809136080256, 41.946995240021906]}, "properties": {"id": "MOCK-000386", "obstruction_type": "debris", "photo_count": 4, "plate_state": "OH", "plate_number": null, "company_name": "Generic Delivery Co.", "notes": "Bike lane obstruction", "metro_city": "Chicago", "occurred_at": "2025-05-18T08:02:00", "crash_occurred": false, "data_tier": "mock", "lat": 41.946995240021906, "lng": -87.73809136080256}}, {"type": "Feature", "geometry": {"type": "Point", "coordinates": [-87.58583548482493, 41.762800738678706]}, "properties": {"id": "MOCK-000387", "obstruction_type": "debris", "photo_count": 5, "plate_state": "MI", "plate_number": "MOCK212", "company_name": null, "notes": "Parked incorrectly", "metro_city": "Chicago", "occurred_at": "2026-05-13T16:03:00", "crash_occurred": false, "data_tier": "mock", "lat": 41.762800738678706, "lng": -87.58583548482493}}, {"type": "Feature", "geometry": {"type": "Point", "coordinates": [-87.62860107239281, 41.8928531896854]}, "properties": {"id": "MOCK-000388", "obstruction_type": "debris", "photo_count": 0, "plate_state": "IL", "plate_number": "MOCK231", "company_name": "Mock Transport Inc.", "notes": "Creates hazard for cyclists", "metro_city": "Chicago", "occurred_at": "2025-02-13T12:06:00", "crash_occurred": false, "data_tier": "mock", "lat": 41.8928531896854, "lng": -87.62860107239281}}, {"type": "Feature", "geometry": {"type": "Point", "coordinates": [-87.60692427656956, 41.843563228387424]}, "properties": {"id": "MOCK-000389", "obstruction_type": "snow_ice", "photo_count": 2, "plate_state": "OH", "plate_number": null, "company_name": "Generic Delivery Co.", "notes": "Creates hazard for cyclists", "metro_city": "Chicago", "occurred_at": "2025-05-14T08:42:00", "crash_occurred": false, "data_tier": "mock", "lat": 41.843563228387424, "lng": -87.60692427656956}}, {"type": "Feature", "geometry": {"type": "Point", "coordinates": [-87.5963972556832, 41.82228065975607]}, "properties": {"id": "MOCK-000390", "obstruction_type": "debris", "photo_count": 3, "plate_state": "OH", "plate_number": "MOCK686", "company_name": "Generic Delivery Co.", "notes": "Bike lane obstruction", "metro_city": "Chicago", "occurred_at": "2025-04-29T09:21:00", "crash_occurred": false, "data_tier": "mock", "lat": 41.82228065975607, "lng": -87.5963972556832}}, {"type": "Feature", "geometry": {"type": "Point", "coordinates": [-87.62936786169945, 41.876682954573525]}, "properties": {"id": "MOCK-000391", "obstruction_type": "vehicle_in_lane", "photo_count": 4, "plate_state": "IN", "plate_number": null, "company_name": "Generic Delivery Co.", "notes": "Creates hazard for cyclists", "metro_city": "Chicago", "occurred_at": "2026-03-04T02:45:00", "crash_occurred": false, "data_tier": "mock", "lat": 41.876682954573525, "lng": -87.62936786169945}}, {"type": "Feature", "geometry": {"type": "Point", "coordinates": [-87.67427214339887, 41.90730295116228]}, "properties": {"id": "MOCK-000392", "obstruction_type": "construction", "photo_count": 1, "plate_state": "WI", "plate_number": "MOCK767", "company_name": "Mock Transport Inc.", "notes": "Safety concern", "metro_city": "Chicago", "occurred_at": "2025-11-20T08:16:00", "crash_occurred": false, "data_tier": "mock", "lat": 41.90730295116228, "lng": -87.67427214339887}}, {"type": "Feature", "geometry": {"type": "Point", "coordinates": [-87.67647566848005, 41.8744876022946]}, "properties": {"id": "MOCK-000393", "obstruction_type": "poor_design", "photo_count": 3, "plate_state": "IN", "plate_number": "MOCK943", "company_name": null, "notes": "Creates hazard for cyclists", "metro_city": "Chicago", "occurred_at": "2026-04-06T01:33:00", "crash_occurred": false, "data_tier": "mock", "lat": 41.8744876022946, "lng": -87.67647566848005}}, {"type": "Feature", "geometry": {"type": "Point", "coordinates": [-87.67679267937618, 41.89278106518399]}, "properties": {"id": "MOCK-000394", "obstruction_type": "construction", "photo_count": 3, "plate_state": "WI", "plate_number": "MOCK165", "company_name": "Placeholder Logistics", "notes": "Bike lane obstruction", "metro_city": "Chicago", "occurred_at": "2025-10-17T08:43:00", "crash_occurred": false, "data_tier": "mock", "lat": 41.89278106518399, "lng": -87.67679267937618}}, {"type": "Feature", "geometry": {"type": "Point", "coordinates": [-87.67194400912388, 41.89440367787749]}, "properties": {"id": "MOCK-000395", "obstruction_type": "debris", "photo_count": 3, "plate_state": "MI", "plate_number": "MOCK546", "company_name": null, "notes": "Parked incorrectly", "metro_city": "Chicago", "occurred_at": "2025-02-21T08:42:00", "crash_occurred": false, "data_tier": "mock", "lat": 41.89440367787749, "lng": -87.67194400912388}}, {"type": "Feature", "geometry": {"type": "Point", "coordinates": [-87.7478932143663, 41.952842478056716]}, "properties": {"id": "MOCK-000396", "obstruction_type": "vehicle_in_lane", "photo_count": 2, "plate_state": "OH", "plate_number": null, "company_name": "Generic Delivery Co.", "notes": "Bike lane obstruction", "metro_city": "Chicago", "occurred_at": "2026-01-24T12:53:00", "crash_occurred": false, "data_tier": "mock", "lat": 41.952842478056716, "lng": -87.7478932143663}}, {"type": "Feature", "geometry": {"type": "Point", "coordinates": [-87.67200014341795, 41.93076500638614]}, "properties": {"id": "MOCK-000397", "obstruction_type": "snow_ice", "photo_count": 4, "plate_state": "OH", "plate_number": null, "company_name": "Generic Delivery Co.", "notes": "Partially blocking lane", "metro_city": "Chicago", "occurred_at": "2025-05-22T18:24:00", "crash_occurred": false, "data_tier": "mock", "lat": 41.93076500638614, "lng": -87.67200014341795}}, {"type": "Feature", "geometry": {"type": "Point", "coordinates": [-87.58758153960365, 41.805392399637775]}, "properties": {"id": "MOCK-000398", "obstruction_type": "debris", "photo_count": 3, "plate_state": "MI", "plate_number": null, "company_name": "Generic Delivery Co.", "notes": "Bike lane obstruction", "metro_city": "Chicago", "occurred_at": "2026-02-04T17:43:00", "crash_occurred": false, "data_tier": "mock", "lat": 41.805392399637775, "lng": -87.58758153960365}}, {"type": "Feature", "geometry": {"type": "Point", "coordinates": [-87.67782833572352, 41.922446473722474]}, "properties": {"id": "MOCK-000399", "obstruction_type": "vehicle_in_lane", "photo_count": 5, "plate_state": "OH", "plate_number": null, "company_name": "Generic Delivery Co.", "notes": "Parked incorrectly", "metro_city": "Chicago", "occurred_at": "2025-09-19T18:23:00", "crash_occurred": false, "data_tier": "mock", "lat": 41.922446473722474, "lng": -87.67782833572352}}, {"type": "Feature", "geometry": {"type": "Point", "coordinates": [-87.62519892213015, 41.79477408772595]}, "properties": {"id": "MOCK-000400", "obstruction_type": "construction", "photo_count": 2, "plate_state": "WI", "plate_number": null, "company_name": "Placeholder Logistics", "notes": "Creates hazard for cyclists", "metro_city": "Chicago", "occurred_at": "2025-08-20T08:56:00", "crash_occurred": false, "data_tier": "mock", "lat": 41.79477408772595, "lng": -87.62519892213015}}]}